AccountName,RacsAssetId,Manufacturer,ParentAssetid,SerialNumber,InstanceNumber,ParentChild,PartNumber,Quantity,AssetDescription,IpAddress,DnsName,SlotMacAddress,AssetShipDate,AssetAddDate,ResellerHardwarePoNumber,DistributorHardwarePoNumber,ProductFamily,ArchitectureGroup,ArchitectureSubgroup,ProductType,ProductCategory,ProductSupportPage,EndOfSaleDate,EndOfSupportDate,EndOfSupportRange,WarrantyEndDate,LocationGroup,LocationName,SiteId,LocationLabel,LocationAddress1,LocationAddress2,LocationAddress3,LocationCity,LocationStateProvince,LocationPostalCode,LocationCountry,Decommissioned,ContractNumber,AssetCovered,CoverageStatus,ServiceLevel,ServiceLevelDescription,Sla,MapsToServiceSku,MaintenanceStartDate,MaintenanceEndDate,BillToId,ContractCurrency,ContractListPrice,ContractCustomerCost,ResellerMaintenancePoNumber,MaintenanceCatalogPrice,PoNumber,ManufacturerHardwareSoNumber,ProductListPrice,ProfileApprovedLocations,ProfileApprovedSiteNames,ProfileApprovedServiceLevel,ProfilePreferredEndDate,ProfilePreferredServiceLevel,AiUnapprovedLocation,ProfileCriticalAssets,CpTargetContracts,ProfileLocationCoverageExclusions,ProfileReasonLocationCoverageExclusions,ProfileProductCoverageExclusions,ProfileReasonProductCoverageExclusions,ProfileProductRefreshExclusions,ProfileReasonProductRefreshExclusions,ProfileRenewalExclusions,ProfileReasonRenewalExclusions,AssetCoverageStatus,PurchaseOrderDate,CiscoUnmappedToServiceSkuAndUncovered,InvalidAsset,InvalidCiscoProductId,UncoveredAndPastEos,RacsClientId,Updatedby,Updatedon
Demo,75079402,Cisco,-,FVH123456,123456789,Parent,C9300-48H-A,1,"Catalyst 9300 48-port UPoE+, Network Advantage",,,,No Ship Date Available,00:00.0,,,C9300,ENTERPRISE SWITCHING,ENT. SWITCHING - ACCESS,CHASSIS,-,-,-,-,Not Defined,12/11/2034 0:00,OTHER PARTNER,,-,LONDON - CASTLEWOOD HOUSE,CASTLEWOOD HOUSE,,,LONDON,LONDON,WC1A 1DT,UNITED KINGDOM,No,Other Partner,Covered,Active,SNT,SMARTnet 8x5xNBD,Vendor,Yes,1/1/1900 0:00,9/10/2027 0:00,Other Partner,,1086.75,0,,1086.75,,,13632.7,N/A,N/A,N/A,,-,0,No,No,No,-,No,-,No,-,No,-,Active,-,Include,0,0,Include,14327,NULL,NULL
Demo,75079403,Cisco,-,FVH123457,123456790,Parent,C9300-48H-A,1,"Catalyst 9300 48-port UPoE+, Network Advantage",,,,No Ship Date Available,00:00.0,,,C9300,ENTERPRISE SWITCHING,ENT. SWITCHING - ACCESS,CHASSIS,-,-,-,-,Not Defined,12/11/2034 0:00,OTHER PARTNER,,-,LONDON - CASTLEWOOD HOUSE,CASTLEWOOD HOUSE,,,LONDON,LONDON,WC1A 1DT,UNITED KINGDOM,No,Other Partner,Covered,Active,SNT,SMARTnet 8x5xNBD,Vendor,Yes,1/1/1900 0:00,9/10/2027 0:00,Other Partner,,1086.75,0,,1086.75,,,13632.7,N/A,N/A,N/A,,-,0,No,No,No,-,No,-,No,-,No,-,Active,-,Include,0,0,Include,14327,NULL,NULL
Demo,75079404,Cisco,-,FVH123458,123456791,Parent,C9300-48H-A,1,"Catalyst 9300 48-port UPoE+, Network Advantage",,,,No Ship Date Available,00:00.0,,,C9300,ENTERPRISE SWITCHING,ENT. SWITCHING - ACCESS,CHASSIS,-,-,-,-,Not Defined,12/11/2034 0:00,OTHER PARTNER,,-,LONDON - CASTLEWOOD HOUSE,CASTLEWOOD HOUSE,,,LONDON,LONDON,WC1A 1DT,UNITED KINGDOM,No,Other Partner,Covered,Active,SNT,SMARTnet 8x5xNBD,Vendor,Yes,1/1/1900 0:00,9/10/2027 0:00,Other Partner,,1086.75,0,,1086.75,,,13632.7,N/A,N/A,N/A,,-,0,No,No,No,-,No,-,No,-,No,-,Active,-,Include,0,0,Include,14327,NULL,NULL
Demo,75079405,Cisco,-,FVH123459,123456792,Parent,C9300-48H-A,1,"Catalyst 9300 48-port UPoE+, Network Advantage",,,,No Ship Date Available,00:00.0,,,C9300,ENTERPRISE SWITCHING,ENT. SWITCHING - ACCESS,CHASSIS,-,-,-,-,Not Defined,12/11/2034 0:00,OTHER PARTNER,,-,LONDON - CASTLEWOOD HOUSE,CASTLEWOOD HOUSE,,,LONDON,LONDON,WC1A 1DT,UNITED KINGDOM,No,Other Partner,Covered,Active,SNT,SMARTnet 8x5xNBD,Vendor,Yes,1/1/1900 0:00,9/10/2027 0:00,Other Partner,,1086.75,0,,1086.75,,,13632.7,N/A,N/A,N/A,,-,0,No,No,No,-,No,-,No,-,No,-,Active,-,Include,0,0,Include,14327,NULL,NULL
Demo,75079406,Cisco,-,FVH123460,123456793,Parent,C9300-48H-A,1,"Catalyst 9300 48-port UPoE+, Network Advantage",,,,No Ship Date Available,00:00.0,,,C9300,ENTERPRISE SWITCHING,ENT. SWITCHING - ACCESS,CHASSIS,-,-,-,-,Not Defined,12/11/2034 0:00,OTHER PARTNER,,-,LONDON - CASTLEWOOD HOUSE,CASTLEWOOD HOUSE,,,LONDON,LONDON,WC1A 1DT,UNITED KINGDOM,No,Other Partner,Covered,Active,SNT,SMARTnet 8x5xNBD,Vendor,Yes,1/1/1900 0:00,9/10/2027 0:00,Other Partner,,1086.75,0,,1086.75,,,13632.7,N/A,N/A,N/A,,-,0,No,No,No,-,No,-,No,-,No,-,Active,-,Include,0,0,Include,14327,NULL,NULL
Demo,75079407,Cisco,-,FVH123461,123456794,Parent,C9300-48H-A,1,"Catalyst 9300 48-port UPoE+, Network Advantage",,,,No Ship Date Available,00:00.0,,,C9300,ENTERPRISE SWITCHING,ENT. SWITCHING - ACCESS,CHASSIS,-,-,-,-,Not Defined,12/11/2034 0:00,OTHER PARTNER,,-,LONDON - CASTLEWOOD HOUSE,CASTLEWOOD HOUSE,,,LONDON,LONDON,WC1A 1DT,UNITED KINGDOM,No,Other Partner,Covered,Active,SNT,SMARTnet 8x5xNBD,Vendor,Yes,1/1/1900 0:00,9/10/2027 0:00,Other Partner,,1086.75,0,,1086.75,,,13632.7,N/A,N/A,N/A,,-,0,No,No,No,-,No,-,No,-,No,-,Active,-,Include,0,0,Include,14327,NULL,NULL
Demo,75079408,Cisco,-,FVH123462,123456795,Parent,C9300-48H-A,1,"Catalyst 9300 48-port UPoE+, Network Advantage",,,,No Ship Date Available,00:00.0,,,C9300,ENTERPRISE SWITCHING,ENT. SWITCHING - ACCESS,CHASSIS,-,-,-,-,Not Defined,12/11/2034 0:00,OTHER PARTNER,,-,LONDON - CASTLEWOOD HOUSE,CASTLEWOOD HOUSE,,,LONDON,LONDON,WC1A 1DT,UNITED KINGDOM,No,Other Partner,Covered,Active,SNT,SMARTnet 8x5xNBD,Vendor,Yes,1/1/1900 0:00,9/10/2027 0:00,Other Partner,,1086.75,0,,1086.75,,,13632.7,N/A,N/A,N/A,,-,0,No,No,No,-,No,-,No,-,No,-,Active,-,Include,0,0,Include,14327,NULL,NULL
Demo,75079409,Cisco,-,FVH123463,123456796,Parent,C9300-48H-A,1,"Catalyst 9300 48-port UPoE+, Network Advantage",,,,No Ship Date Available,00:00.0,,,C9300,ENTERPRISE SWITCHING,ENT. SWITCHING - ACCESS,CHASSIS,-,-,-,-,Not Defined,12/11/2034 0:00,OTHER PARTNER,,-,LONDON - CASTLEWOOD HOUSE,CASTLEWOOD HOUSE,,,LONDON,LONDON,WC1A 1DT,UNITED KINGDOM,No,Other Partner,Covered,Active,SNT,SMARTnet 8x5xNBD,Vendor,Yes,1/1/1900 0:00,9/10/2027 0:00,Other Partner,,1086.75,0,,1086.75,,,13632.7,N/A,N/A,N/A,,-,0,No,No,No,-,No,-,No,-,No,-,Active,-,Include,0,0,Include,14327,NULL,NULL
Demo,75079410,Cisco,-,FVH123464,123456797,Parent,C9300-48H-A,1,"Catalyst 9300 48-port UPoE+, Network Advantage",,,,No Ship Date Available,00:00.0,,,C9300,ENTERPRISE SWITCHING,ENT. SWITCHING - ACCESS,CHASSIS,-,-,-,-,Not Defined,12/11/2034 0:00,OTHER PARTNER,,-,LONDON - CASTLEWOOD HOUSE,CASTLEWOOD HOUSE,,,LONDON,LONDON,WC1A 1DT,UNITED KINGDOM,No,Other Partner,Covered,Active,SNT,SMARTnet 8x5xNBD,Vendor,Yes,1/1/1900 0:00,9/10/2027 0:00,Other Partner,,1086.75,0,,1086.75,,,13632.7,N/A,N/A,N/A,,-,0,No,No,No,-,No,-,No,-,No,-,Active,-,Include,0,0,Include,14327,NULL,NULL
Demo,75079411,Cisco,-,FVH123465,123456798,Parent,C9300-48H-A,1,"Catalyst 9300 48-port UPoE+, Network Advantage",,,,No Ship Date Available,00:00.0,,,C9300,ENTERPRISE SWITCHING,ENT. SWITCHING - ACCESS,CHASSIS,-,-,-,-,Not Defined,12/11/2034 0:00,OTHER PARTNER,,-,LONDON - CASTLEWOOD HOUSE,CASTLEWOOD HOUSE,,,LONDON,LONDON,WC1A 1DT,UNITED KINGDOM,No,Other Partner,Covered,Active,SNT,SMARTnet 8x5xNBD,Vendor,Yes,1/1/1900 0:00,9/10/2027 0:00,Other Partner,,1086.75,0,,1086.75,,,13632.7,N/A,N/A,N/A,,-,0,No,No,No,-,No,-,No,-,No,-,Active,-,Include,0,0,Include,14327,NULL,NULL
Demo,75079412,Cisco,-,FVH123466,123456799,Parent,C9300-48H-A,1,"Catalyst 9300 48-port UPoE+, Network Advantage",,,,No Ship Date Available,00:00.0,,,C9300,ENTERPRISE SWITCHING,ENT. SWITCHING - ACCESS,CHASSIS,-,-,-,-,Not Defined,12/11/2034 0:00,OTHER PARTNER,,-,LONDON - CASTLEWOOD HOUSE,CASTLEWOOD HOUSE,,,LONDON,LONDON,WC1A 1DT,UNITED KINGDOM,No,Other Partner,Covered,Active,SNT,SMARTnet 8x5xNBD,Vendor,Yes,1/1/1900 0:00,9/10/2027 0:00,Other Partner,,1086.75,0,,1086.75,,,13632.7,N/A,N/A,N/A,,-,0,No,No,No,-,No,-,No,-,No,-,Active,-,Include,0,0,Include,14327,NULL,NULL
Demo,75079413,Cisco,-,FVH123467,123456800,Parent,C9300-48H-A,1,"Catalyst 9300 48-port UPoE+, Network Advantage",,,,No Ship Date Available,00:00.0,,,C9300,ENTERPRISE SWITCHING,ENT. SWITCHING - ACCESS,CHASSIS,-,-,-,-,Not Defined,12/11/2034 0:00,OTHER PARTNER,,-,LONDON - CASTLEWOOD HOUSE,CASTLEWOOD HOUSE,,,LONDON,LONDON,WC1A 1DT,UNITED KINGDOM,No,Other Partner,Covered,Active,SNT,SMARTnet 8x5xNBD,Vendor,Yes,1/1/1900 0:00,9/10/2027 0:00,Other Partner,,1086.75,0,,1086.75,,,13632.7,N/A,N/A,N/A,,-,0,No,No,No,-,No,-,No,-,No,-,Active,-,Include,0,0,Include,14327,NULL,NULL
Demo,75079414,Cisco,-,FVH123468,123456801,Parent,C9300-48H-A,1,"Catalyst 9300 48-port UPoE+, Network Advantage",,,,No Ship Date Available,00:00.0,,,C9300,ENTERPRISE SWITCHING,ENT. SWITCHING - ACCESS,CHASSIS,-,-,-,-,Not Defined,12/11/2034 0:00,OTHER PARTNER,,-,LONDON - CASTLEWOOD HOUSE,CASTLEWOOD HOUSE,,,LONDON,LONDON,WC1A 1DT,UNITED KINGDOM,No,Other Partner,Covered,Active,SNT,SMARTnet 8x5xNBD,Vendor,Yes,1/1/1900 0:00,9/10/2027 0:00,Other Partner,,1086.75,0,,1086.75,,,13632.7,N/A,N/A,N/A,,-,0,No,No,No,-,No,-,No,-,No,-,Active,-,Include,0,0,Include,14327,NULL,NULL
Demo,75079415,Cisco,-,FVH123469,123456802,Parent,C9300-48H-A,1,"Catalyst 9300 48-port UPoE+, Network Advantage",,,,No Ship Date Available,00:00.0,,,C9300,ENTERPRISE SWITCHING,ENT. SWITCHING - ACCESS,CHASSIS,-,-,-,-,Not Defined,12/11/2034 0:00,OTHER PARTNER,,-,LONDON - CASTLEWOOD HOUSE,CASTLEWOOD HOUSE,,,LONDON,LONDON,WC1A 1DT,UNITED KINGDOM,No,Other Partner,Covered,Active,SNT,SMARTnet 8x5xNBD,Vendor,Yes,1/1/1900 0:00,9/10/2027 0:00,Other Partner,,1086.75,0,,1086.75,,,13632.7,N/A,N/A,N/A,,-,0,No,No,No,-,No,-,No,-,No,-,Active,-,Include,0,0,Include,14327,NULL,NULL
Demo,75079416,Cisco,-,FVH123470,123456803,Parent,C9300-48H-A,1,"Catalyst 9300 48-port UPoE+, Network Advantage",,,,No Ship Date Available,00:00.0,,,C9300,ENTERPRISE SWITCHING,ENT. SWITCHING - ACCESS,CHASSIS,-,-,-,-,Not Defined,12/11/2034 0:00,OTHER PARTNER,,-,LONDON - CASTLEWOOD HOUSE,CASTLEWOOD HOUSE,,,LONDON,LONDON,WC1A 1DT,UNITED KINGDOM,No,Other Partner,Covered,Active,SNT,SMARTnet 8x5xNBD,Vendor,Yes,1/1/1900 0:00,9/10/2027 0:00,Other Partner,,1086.75,0,,1086.75,,,13632.7,N/A,N/A,N/A,,-,0,No,No,No,-,No,-,No,-,No,-,Active,-,Include,0,0,Include,14327,NULL,NULL
Demo,75079417,Cisco,-,FVH123471,123456804,Parent,C9300-48H-A,1,"Catalyst 9300 48-port UPoE+, Network Advantage",,,,No Ship Date Available,00:00.0,,,C9300,ENTERPRISE SWITCHING,ENT. SWITCHING - ACCESS,CHASSIS,-,-,-,-,Not Defined,12/11/2034 0:00,OTHER PARTNER,,-,LONDON - CASTLEWOOD HOUSE,CASTLEWOOD HOUSE,,,LONDON,LONDON,WC1A 1DT,UNITED KINGDOM,No,Other Partner,Covered,Active,SNT,SMARTnet 8x5xNBD,Vendor,Yes,1/1/1900 0:00,9/10/2027 0:00,Other Partner,,1086.75,0,,1086.75,,,13632.7,N/A,N/A,N/A,,-,0,No,No,No,-,No,-,No,-,No,-,Active,-,Include,0,0,Include,14327,NULL,NULL
Demo,75079418,Cisco,-,FVH123472,123456805,Parent,C9300-48H-A,1,"Catalyst 9300 48-port UPoE+, Network Advantage",,,,No Ship Date Available,00:00.0,,,C9300,ENTERPRISE SWITCHING,ENT. SWITCHING - ACCESS,CHASSIS,-,-,-,-,Not Defined,12/11/2034 0:00,OTHER PARTNER,,-,LONDON - CASTLEWOOD HOUSE,CASTLEWOOD HOUSE,,,LONDON,LONDON,WC1A 1DT,UNITED KINGDOM,No,Other Partner,Covered,Active,SNT,SMARTnet 8x5xNBD,Vendor,Yes,1/1/1900 0:00,9/10/2027 0:00,Other Partner,,1086.75,0,,1086.75,,,13632.7,N/A,N/A,N/A,,-,0,No,No,No,-,No,-,No,-,No,-,Active,-,Include,0,0,Include,14327,NULL,NULL
Demo,75079419,Cisco,-,FVH123473,123456806,Parent,C9300-48H-A,1,"Catalyst 9300 48-port UPoE+, Network Advantage",,,,No Ship Date Available,00:00.0,,,C9300,ENTERPRISE SWITCHING,ENT. SWITCHING - ACCESS,CHASSIS,-,-,-,-,Not Defined,12/11/2034 0:00,OTHER PARTNER,,-,LONDON - CASTLEWOOD HOUSE,CASTLEWOOD HOUSE,,,LONDON,LONDON,WC1A 1DT,UNITED KINGDOM,No,Other Partner,Covered,Active,SNT,SMARTnet 8x5xNBD,Vendor,Yes,1/1/1900 0:00,9/10/2027 0:00,Other Partner,,1086.75,0,,1086.75,,,13632.7,N/A,N/A,N/A,,-,0,No,No,No,-,No,-,No,-,No,-,Active,-,Include,0,0,Include,14327,NULL,NULL
Demo,75079420,Cisco,-,FVH123474,123456807,Parent,C9300-48H-A,1,"Catalyst 9300 48-port UPoE+, Network Advantage",,,,No Ship Date Available,00:00.0,,,C9300,ENTERPRISE SWITCHING,ENT. SWITCHING - ACCESS,CHASSIS,-,-,-,-,Not Defined,12/11/2034 0:00,OTHER PARTNER,,-,LONDON - CASTLEWOOD HOUSE,CASTLEWOOD HOUSE,,,LONDON,LONDON,WC1A 1DT,UNITED KINGDOM,No,Other Partner,Covered,Active,SNT,SMARTnet 8x5xNBD,Vendor,Yes,1/1/1900 0:00,9/10/2027 0:00,Other Partner,,1086.75,0,,1086.75,,,13632.7,N/A,N/A,N/A,,-,0,No,No,No,-,No,-,No,-,No,-,Active,-,Include,0,0,Include,14327,NULL,NULL
Demo,75079421,Cisco,-,FVH123475,123456808,Parent,C9500-48Y4C-A,1,"Catalyst 9500 48-port x 1/10/25G + 4-port 40/100G, Advantage",,,,No Ship Date Available,00:00.0,,,C9500,ENTERPRISE SWITCHING,ENT. SWITCHING - ACCESS,CHASSIS,-,-,-,-,Not Defined,12/12/2034 0:00,OTHER PARTNER,,-,ROSTOCK - AM STRANDE 4,AM STRANDE 4,,,ROSTOCK,,18055,GERMANY,No,Other Partner,Covered,Active,SNT,SMARTnet 8x5xNBD,Vendor,Yes,1/1/1900 0:00,10/11/2027 0:00,Other Partner,,2359.8,0,,2359.8,,,29611.33,N/A,N/A,N/A,,-,0,No,No,No,-,No,-,No,-,No,-,Active,-,Include,0,0,Include,14327,NULL,NULL
Demo,75079422,Cisco,-,FVH123476,123456809,Parent,C9500-48Y4C-A,1,"Catalyst 9500 48-port x 1/10/25G + 4-port 40/100G, Advantage",,,,No Ship Date Available,00:00.0,,,C9500,ENTERPRISE SWITCHING,ENT. SWITCHING - ACCESS,CHASSIS,-,-,-,-,Not Defined,12/12/2034 0:00,OTHER PARTNER,,-,ROSTOCK - AM STRANDE 4,AM STRANDE 4,,,ROSTOCK,,18055,GERMANY,No,Other Partner,Covered,Active,SNT,SMARTnet 8x5xNBD,Vendor,Yes,1/1/1900 0:00,10/11/2027 0:00,Other Partner,,2359.8,0,,2359.8,,,29611.33,N/A,N/A,N/A,,-,0,No,No,No,-,No,-,No,-,No,-,Active,-,Include,0,0,Include,14327,NULL,NULL
Demo,75079423,Cisco,-,FVH123477,123456810,Parent,C9300X-48HXN-A,1,"Catalyst 9300 48-port, 8xmGig+40x5G 90W UPOE+, Network Adv",,,,No Ship Date Available,00:00.0,,,C9300,ENTERPRISE SWITCHING,ENT. SWITCHING - ACCESS,CHASSIS,-,-,-,-,Not Defined,12/16/2034 0:00,OTHER PARTNER,CARNIVAL CORPORATION,1029701903,MIAMI - 3655 NW 87TH AVE,3655 NW 87TH AVE,,,MIAMI,FLORIDA,33178,UNITED STATES,No,Other Partner,Covered,Active,SNT,SMARTnet 8x5xNBD,Vendor,Yes,1/1/1900 0:00,9/15/2029 0:00,Other Partner,,1154,0,,1154,,,16660.5,N/A,N/A,N/A,,-,0,No,No,No,-,No,-,No,-,No,-,Active,-,Include,0,0,Include,14327,NULL,NULL
Demo,75079424,Cisco,-,FVH123478,123456811,Parent,C9300X-48HXN-A,1,"Catalyst 9300 48-port, 8xmGig+40x5G 90W UPOE+, Network Adv",,,,No Ship Date Available,00:00.0,,,C9300,ENTERPRISE SWITCHING,ENT. SWITCHING - ACCESS,CHASSIS,-,-,-,-,Not Defined,12/16/2034 0:00,OTHER PARTNER,CARNIVAL CORPORATION,1029701903,MIAMI - 3655 NW 87TH AVE,3655 NW 87TH AVE,,,MIAMI,FLORIDA,33178,UNITED STATES,No,Other Partner,Covered,Active,SNT,SMARTnet 8x5xNBD,Vendor,Yes,1/1/1900 0:00,9/15/2029 0:00,Other Partner,,1154,0,,1154,,,16660.5,N/A,N/A,N/A,,-,0,No,No,No,-,No,-,No,-,No,-,Active,-,Include,0,0,Include,14327,NULL,NULL
Demo,75079425,Cisco,-,FVH123479,123456812,Parent,C9300X-48HXN-A,1,"Catalyst 9300 48-port, 8xmGig+40x5G 90W UPOE+, Network Adv",,,,No Ship Date Available,00:00.0,,,C9300,ENTERPRISE SWITCHING,ENT. SWITCHING - ACCESS,CHASSIS,-,-,-,-,Not Defined,12/16/2034 0:00,OTHER PARTNER,CARNIVAL CORPORATION,1029701903,MIAMI - 3655 NW 87TH AVE,3655 NW 87TH AVE,,,MIAMI,FLORIDA,33178,UNITED STATES,No,Other Partner,Covered,Active,SNT,SMARTnet 8x5xNBD,Vendor,Yes,1/1/1900 0:00,9/15/2029 0:00,Other Partner,,1154,0,,1154,,,16660.5,N/A,N/A,N/A,,-,0,No,No,No,-,No,-,No,-,No,-,Active,-,Include,0,0,Include,14327,NULL,NULL
Demo,75079426,Cisco,-,FVH123480,123456813,Parent,C9300X-48HXN-A,1,"Catalyst 9300 48-port, 8xmGig+40x5G 90W UPOE+, Network Adv",,,,No Ship Date Available,00:00.0,,,C9300,ENTERPRISE SWITCHING,ENT. SWITCHING - ACCESS,CHASSIS,-,-,-,-,Not Defined,12/16/2034 0:00,OTHER PARTNER,CARNIVAL CORPORATION,1029701903,MIAMI - 3655 NW 87TH AVE,3655 NW 87TH AVE,,,MIAMI,FLORIDA,33178,UNITED STATES,No,Other Partner,Covered,Active,SNT,SMARTnet 8x5xNBD,Vendor,Yes,1/1/1900 0:00,9/15/2029 0:00,Other Partner,,1154,0,,1154,,,16660.5,N/A,N/A,N/A,,-,0,No,No,No,-,No,-,No,-,No,-,Active,-,Include,0,0,Include,14327,NULL,NULL
Demo,75079427,Cisco,-,FVH123481,123456814,Parent,C9300X-48HXN-A,1,"Catalyst 9300 48-port, 8xmGig+40x5G 90W UPOE+, Network Adv",,,,No Ship Date Available,00:00.0,,,C9300,ENTERPRISE SWITCHING,ENT. SWITCHING - ACCESS,CHASSIS,-,-,-,-,Not Defined,12/16/2034 0:00,OTHER PARTNER,CARNIVAL CORPORATION,1029701903,MIAMI - 3655 NW 87TH AVE,3655 NW 87TH AVE,,,MIAMI,FLORIDA,33178,UNITED STATES,No,Other Partner,Covered,Active,SNT,SMARTnet 8x5xNBD,Vendor,Yes,1/1/1900 0:00,9/15/2029 0:00,Other Partner,,1154,0,,1154,,,16660.5,N/A,N/A,N/A,,-,0,No,No,No,-,No,-,No,-,No,-,Active,-,Include,0,0,Include,14327,NULL,NULL
Demo,75079428,Cisco,-,FVH123482,123456815,Parent,C9300X-48HXN-A,1,"Catalyst 9300 48-port, 8xmGig+40x5G 90W UPOE+, Network Adv",,,,No Ship Date Available,00:00.0,,,C9300,ENTERPRISE SWITCHING,ENT. SWITCHING - ACCESS,CHASSIS,-,-,-,-,Not Defined,12/16/2034 0:00,OTHER PARTNER,CARNIVAL CORPORATION,1029701903,MIAMI - 3655 NW 87TH AVE,3655 NW 87TH AVE,,,MIAMI,FLORIDA,33178,UNITED STATES,No,Other Partner,Covered,Active,SNT,SMARTnet 8x5xNBD,Vendor,Yes,1/1/1900 0:00,9/15/2029 0:00,Other Partner,,1154,0,,1154,,,16660.5,N/A,N/A,N/A,,-,0,No,No,No,-,No,-,No,-,No,-,Active,-,Include,0,0,Include,14327,NULL,NULL
Demo,75079429,Cisco,-,FVH123483,123456816,Parent,C9300X-48HXN-A,1,"Catalyst 9300 48-port, 8xmGig+40x5G 90W UPOE+, Network Adv",,,,No Ship Date Available,00:00.0,,,C9300,ENTERPRISE SWITCHING,ENT. SWITCHING - ACCESS,CHASSIS,-,-,-,-,Not Defined,12/17/2034 0:00,OTHER PARTNER,CARNIVAL CORPORATION,1029701903,MIAMI - 3655 NW 87TH AVE,3655 NW 87TH AVE,,,MIAMI,FLORIDA,33178,UNITED STATES,No,Other Partner,Covered,Active,SNT,SMARTnet 8x5xNBD,Vendor,Yes,1/1/1900 0:00,9/16/2029 0:00,Other Partner,,1154,0,,1154,,,16660.5,N/A,N/A,N/A,,-,0,No,No,No,-,No,-,No,-,No,-,Active,-,Include,0,0,Include,14327,NULL,NULL
Demo,75079430,Cisco,-,FVH123484,123456817,Parent,C9300X-48HXN-A,1,"Catalyst 9300 48-port, 8xmGig+40x5G 90W UPOE+, Network Adv",,,,No Ship Date Available,00:00.0,,,C9300,ENTERPRISE SWITCHING,ENT. SWITCHING - ACCESS,CHASSIS,-,-,-,-,Not Defined,12/17/2034 0:00,OTHER PARTNER,CARNIVAL CORPORATION,1029701903,MIAMI - 3655 NW 87TH AVE,3655 NW 87TH AVE,,,MIAMI,FLORIDA,33178,UNITED STATES,No,Other Partner,Covered,Active,SNT,SMARTnet 8x5xNBD,Vendor,Yes,1/1/1900 0:00,9/16/2029 0:00,Other Partner,,1154,0,,1154,,,16660.5,N/A,N/A,N/A,,-,0,No,No,No,-,No,-,No,-,No,-,Active,-,Include,0,0,Include,14327,NULL,NULL
Demo,75079431,Cisco,-,FVH123485,123456818,Parent,C9300X-48HXN-A,1,"Catalyst 9300 48-port, 8xmGig+40x5G 90W UPOE+, Network Adv",,,,No Ship Date Available,00:00.0,,,C9300,ENTERPRISE SWITCHING,ENT. SWITCHING - ACCESS,CHASSIS,-,-,-,-,Not Defined,12/17/2034 0:00,OTHER PARTNER,CARNIVAL CORPORATION,1029701903,MIAMI - 3655 NW 87TH AVE,3655 NW 87TH AVE,,,MIAMI,FLORIDA,33178,UNITED STATES,No,Other Partner,Covered,Active,SNT,SMARTnet 8x5xNBD,Vendor,Yes,1/1/1900 0:00,9/16/2029 0:00,Other Partner,,1154,0,,1154,,,16660.5,N/A,N/A,N/A,,-,0,No,No,No,-,No,-,No,-,No,-,Active,-,Include,0,0,Include,14327,NULL,NULL
Demo,75079432,Cisco,-,FVH123486,123456819,Parent,C9300X-12Y-A,1,"Catalyst 9300X 12x25G Fiber Ports, modular uplink Switch",,,,No Ship Date Available,00:00.0,,,C9300X,ENTERPRISE SWITCHING,ENT. SWITCHING - ACCESS,CHASSIS,-,-,-,-,Not Defined,12/18/2034 0:00,OTHER PARTNER,CARNIVAL CORPORATION,1029701903,MIAMI - 3655 NW 87TH AVE,3655 NW 87TH AVE,,,MIAMI,FLORIDA,33178,UNITED STATES,No,Other Partner,Covered,Active,SNT,SMARTnet 8x5xNBD,Vendor,Yes,1/1/1900 0:00,9/17/2029 0:00,Other Partner,,1441,0,,1441,,,20792.76,N/A,N/A,N/A,,-,0,No,No,No,-,No,-,No,-,No,-,Active,-,Include,0,0,Include,14327,NULL,NULL
Demo,75079433,Cisco,-,FVH123487,123456820,Parent,C9300X-12Y-A,1,"Catalyst 9300X 12x25G Fiber Ports, modular uplink Switch",,,,No Ship Date Available,00:00.0,,,C9300X,ENTERPRISE SWITCHING,ENT. SWITCHING - ACCESS,CHASSIS,-,-,-,-,Not Defined,12/18/2034 0:00,OTHER PARTNER,CARNIVAL CORPORATION,1029701903,MIAMI - 3655 NW 87TH AVE,3655 NW 87TH AVE,,,MIAMI,FLORIDA,33178,UNITED STATES,No,Other Partner,Covered,Active,SNT,SMARTnet 8x5xNBD,Vendor,Yes,1/1/1900 0:00,9/17/2029 0:00,Other Partner,,1441,0,,1441,,,20792.76,N/A,N/A,N/A,,-,0,No,No,No,-,No,-,No,-,No,-,Active,-,Include,0,0,Include,14327,NULL,NULL
Demo,75079434,Cisco,-,FVH123488,123456821,Parent,C9300X-12Y-A,1,"Catalyst 9300X 12x25G Fiber Ports, modular uplink Switch",,,,No Ship Date Available,00:00.0,,,C9300X,ENTERPRISE SWITCHING,ENT. SWITCHING - ACCESS,CHASSIS,-,-,-,-,Not Defined,12/18/2034 0:00,OTHER PARTNER,CARNIVAL CORPORATION,1029701903,MIAMI - 3655 NW 87TH AVE,3655 NW 87TH AVE,,,MIAMI,FLORIDA,33178,UNITED STATES,No,Other Partner,Covered,Active,SNT,SMARTnet 8x5xNBD,Vendor,Yes,1/1/1900 0:00,9/17/2029 0:00,Other Partner,,1441,0,,1441,,,20792.76,N/A,N/A,N/A,,-,0,No,No,No,-,No,-,No,-,No,-,Active,-,Include,0,0,Include,14327,NULL,NULL
Demo,75079435,Cisco,-,FVH123489,123456822,Parent,C9300X-12Y-A,1,"Catalyst 9300X 12x25G Fiber Ports, modular uplink Switch",,,,No Ship Date Available,00:00.0,,,C9300X,ENTERPRISE SWITCHING,ENT. SWITCHING - ACCESS,CHASSIS,-,-,-,-,Not Defined,12/18/2034 0:00,OTHER PARTNER,CARNIVAL CORPORATION,1029701903,MIAMI - 3655 NW 87TH AVE,3655 NW 87TH AVE,,,MIAMI,FLORIDA,33178,UNITED STATES,No,Other Partner,Covered,Active,SNT,SMARTnet 8x5xNBD,Vendor,Yes,1/1/1900 0:00,9/17/2029 0:00,Other Partner,,1441,0,,1441,,,20792.76,N/A,N/A,N/A,,-,0,No,No,No,-,No,-,No,-,No,-,Active,-,Include,0,0,Include,14327,NULL,NULL
Demo,75079436,Cisco,-,FVH123490,123456823,Parent,C9300X-12Y-A,1,"Catalyst 9300X 12x25G Fiber Ports, modular uplink Switch",,,,No Ship Date Available,00:00.0,,,C9300X,ENTERPRISE SWITCHING,ENT. SWITCHING - ACCESS,CHASSIS,-,-,-,-,Not Defined,12/18/2034 0:00,OTHER PARTNER,CARNIVAL CORPORATION,1029701903,MIAMI - 3655 NW 87TH AVE,3655 NW 87TH AVE,,,MIAMI,FLORIDA,33178,UNITED STATES,No,Other Partner,Covered,Active,SNT,SMARTnet 8x5xNBD,Vendor,Yes,1/1/1900 0:00,9/17/2029 0:00,Other Partner,,1441,0,,1441,,,20792.76,N/A,N/A,N/A,,-,0,No,No,No,-,No,-,No,-,No,-,Active,-,Include,0,0,Include,14327,NULL,NULL
Demo,75079437,Cisco,-,FVH123491,123456824,Parent,C9300X-12Y-A,1,"Catalyst 9300X 12x25G Fiber Ports, modular uplink Switch",,,,No Ship Date Available,00:00.0,,,C9300X,ENTERPRISE SWITCHING,ENT. SWITCHING - ACCESS,CHASSIS,-,-,-,-,Not Defined,12/18/2034 0:00,OTHER PARTNER,CARNIVAL CORPORATION,1029701903,MIAMI - 3655 NW 87TH AVE,3655 NW 87TH AVE,,,MIAMI,FLORIDA,33178,UNITED STATES,No,Other Partner,Covered,Active,SNT,SMARTnet 8x5xNBD,Vendor,Yes,1/1/1900 0:00,9/17/2029 0:00,Other Partner,,1441,0,,1441,,,20792.76,N/A,N/A,N/A,,-,0,No,No,No,-,No,-,No,-,No,-,Active,-,Include,0,0,Include,14327,NULL,NULL
Demo,75079438,Cisco,-,FVH123492,123456825,Parent,C9300X-12Y-A,1,"Catalyst 9300X 12x25G Fiber Ports, modular uplink Switch",,,,No Ship Date Available,00:00.0,,,C9300X,ENTERPRISE SWITCHING,ENT. SWITCHING - ACCESS,CHASSIS,-,-,-,-,Not Defined,12/18/2034 0:00,OTHER PARTNER,CARNIVAL CORPORATION,1029701903,MIAMI - 3655 NW 87TH AVE,3655 NW 87TH AVE,,,MIAMI,FLORIDA,33178,UNITED STATES,No,Other Partner,Covered,Active,SNT,SMARTnet 8x5xNBD,Vendor,Yes,1/1/1900 0:00,9/17/2029 0:00,Other Partner,,1441,0,,1441,,,20792.76,N/A,N/A,N/A,,-,0,No,No,No,-,No,-,No,-,No,-,Active,-,Include,0,0,Include,14327,NULL,NULL
Demo,75079439,Cisco,-,FVH123493,123456826,Parent,C9300X-12Y-A,1,"Catalyst 9300X 12x25G Fiber Ports, modular uplink Switch",,,,No Ship Date Available,00:00.0,,,C9300X,ENTERPRISE SWITCHING,ENT. SWITCHING - ACCESS,CHASSIS,-,-,-,-,Not Defined,12/18/2034 0:00,OTHER PARTNER,CARNIVAL CORPORATION,1029701903,MIAMI - 3655 NW 87TH AVE,3655 NW 87TH AVE,,,MIAMI,FLORIDA,33178,UNITED STATES,No,Other Partner,Covered,Active,SNT,SMARTnet 8x5xNBD,Vendor,Yes,1/1/1900 0:00,9/17/2029 0:00,Other Partner,,1441,0,,1441,,,20792.76,N/A,N/A,N/A,,-,0,No,No,No,-,No,-,No,-,No,-,Active,-,Include,0,0,Include,14327,NULL,NULL
Demo,75079440,Cisco,-,FVH123494,123456827,Parent,C9410R-96U-BNDL-A,1,"Catalyst 9400 Series 10 slot,1xSup, 2xLC, DNA-A LIC",,,,No Ship Date Available,00:00.0,,,C9400,ENTERPRISE SWITCHING,ENT. SWITCHING - ACCESS,CHASSIS,-,-,-,-,Not Defined,12/19/2034 0:00,OTHER PARTNER,CARNIVAL CORPORATION,1029701903,MIAMI - 3655 NW 87TH AVE,3655 NW 87TH AVE,,,MIAMI,FLORIDA,33178,UNITED STATES,No,Other Partner,Covered,Active,SNT,SMARTnet 8x5xNBD,Vendor,Yes,1/1/1900 0:00,9/18/2029 0:00,Other Partner,,2587,0,,3259,,,38679.41,N/A,N/A,N/A,,-,0,No,No,No,-,No,-,No,-,No,-,Active,-,Include,0,0,Include,14327,NULL,NULL
Demo,75079441,Cisco,-,FVH123495,123456828,Parent,N9K-C93180YC-FX3,1,"Nexus 9300 48p 1/10/25G, 6p 40/100G, MACsec,SyncE",,,,No Ship Date Available,00:00.0,,,N9000,DATA CENTER SWITCHING,NEXUS SWITCHING,CHASSIS,-,-,-,-,Not Defined,1/8/2026 0:00,OTHER PARTNER,CARNIVAL CORPORATION,1029701903,MIAMI - 3655 NW 87TH AVE,3655 NW 87TH AVE,,,MIAMI,FLORIDA,33178,UNITED STATES,No,Other Partner,Covered,Active,SNTE,SMARTnet Enhanced 8x5x4,Vendor,Yes,1/1/1900 0:00,10/7/2027 0:00,Other Partner,,2045,0,,2045,,,31175.1,N/A,N/A,N/A,,-,0,No,No,No,-,No,-,No,-,No,-,Active,-,Include,0,0,Include,14327,NULL,NULL
Demo,75079444,Cisco,-,FVH123496,123456829,Parent,N9K-C93180YC-FX3,1,"Nexus 9300 48p 1/10/25G, 6p 40/100G, MACsec,SyncE",,,,No Ship Date Available,00:00.0,,,N9000,DATA CENTER SWITCHING,NEXUS SWITCHING,CHASSIS,-,-,-,-,Not Defined,1/8/2026 0:00,OTHER PARTNER,CARNIVAL CORPORATION,1029701903,MIAMI - 3655 NW 87TH AVE,3655 NW 87TH AVE,,,MIAMI,FLORIDA,33178,UNITED STATES,No,Other Partner,Covered,Active,SNTE,SMARTnet Enhanced 8x5x4,Vendor,Yes,1/1/1900 0:00,10/7/2027 0:00,Other Partner,,2045,0,,2045,,,31175.1,N/A,N/A,N/A,,-,0,No,No,No,-,No,-,No,-,No,-,Active,-,Include,0,0,Include,14327,NULL,NULL
Demo,75079447,Cisco,-,FVH123497,123456830,Parent,N9K-C93180YC-FX3,1,"Nexus 9300 48p 1/10/25G, 6p 40/100G, MACsec,SyncE",,,,No Ship Date Available,00:00.0,,,N9000,DATA CENTER SWITCHING,NEXUS SWITCHING,CHASSIS,-,-,-,-,Not Defined,1/8/2026 0:00,OTHER PARTNER,CARNIVAL CORPORATION,1029701903,MIAMI - 3655 NW 87TH AVE,3655 NW 87TH AVE,,,MIAMI,FLORIDA,33178,UNITED STATES,No,Other Partner,Covered,Active,SNTE,SMARTnet Enhanced 8x5x4,Vendor,Yes,1/1/1900 0:00,10/7/2027 0:00,Other Partner,,2045,0,,2045,,,31175.1,N/A,N/A,N/A,,-,0,No,No,No,-,No,-,No,-,No,-,Active,-,Include,0,0,Include,14327,NULL,NULL
Demo,75079450,Cisco,-,FVH123498,123456831,Parent,N9K-C93180YC-FX3,1,"Nexus 9300 48p 1/10/25G, 6p 40/100G, MACsec,SyncE",,,,No Ship Date Available,00:00.0,,,N9000,DATA CENTER SWITCHING,NEXUS SWITCHING,CHASSIS,-,-,-,-,Not Defined,1/8/2026 0:00,OTHER PARTNER,CARNIVAL CORPORATION,1029701903,MIAMI - 3655 NW 87TH AVE,3655 NW 87TH AVE,,,MIAMI,FLORIDA,33178,UNITED STATES,No,Other Partner,Covered,Active,SNTE,SMARTnet Enhanced 8x5x4,Vendor,Yes,1/1/1900 0:00,10/7/2027 0:00,Other Partner,,2045,0,,2045,,,31175.1,N/A,N/A,N/A,,-,0,No,No,No,-,No,-,No,-,No,-,Active,-,Include,0,0,Include,14327,NULL,NULL
Demo,75079453,Cisco,-,FVH123499,123456832,Parent,N9K-C93180YC-FX3,1,"Nexus 9300 48p 1/10/25G, 6p 40/100G, MACsec,SyncE",,,,No Ship Date Available,00:00.0,,,N9000,DATA CENTER SWITCHING,NEXUS SWITCHING,CHASSIS,-,-,-,-,Not Defined,1/8/2026 0:00,OTHER PARTNER,CARNIVAL CORPORATION,1029701903,MIAMI - 3655 NW 87TH AVE,3655 NW 87TH AVE,,,MIAMI,FLORIDA,33178,UNITED STATES,No,Other Partner,Covered,Active,SNTE,SMARTnet Enhanced 8x5x4,Vendor,Yes,1/1/1900 0:00,10/7/2027 0:00,Other Partner,,2045,0,,2045,,,31175.1,N/A,N/A,N/A,,-,0,No,No,No,-,No,-,No,-,No,-,Active,-,Include,0,0,Include,14327,NULL,NULL
Demo,75079456,Cisco,-,FVH123500,123456833,Parent,N9K-C93180YC-FX3,1,"Nexus 9300 48p 1/10/25G, 6p 40/100G, MACsec,SyncE",,,,No Ship Date Available,00:00.0,,,N9000,DATA CENTER SWITCHING,NEXUS SWITCHING,CHASSIS,-,-,-,-,Not Defined,1/8/2026 0:00,OTHER PARTNER,CARNIVAL CORPORATION,1029701903,MIAMI - 3655 NW 87TH AVE,3655 NW 87TH AVE,,,MIAMI,FLORIDA,33178,UNITED STATES,No,Other Partner,Covered,Active,SNTE,SMARTnet Enhanced 8x5x4,Vendor,Yes,1/1/1900 0:00,10/7/2027 0:00,Other Partner,,2045,0,,2045,,,31175.1,N/A,N/A,N/A,,-,0,No,No,No,-,No,-,No,-,No,-,Active,-,Include,0,0,Include,14327,NULL,NULL
Demo,75079459,Cisco,-,FVH123501,123456834,Parent,N9K-C93180YC-FX3,1,"Nexus 9300 48p 1/10/25G, 6p 40/100G, MACsec,SyncE",,,,No Ship Date Available,00:00.0,,,N9000,DATA CENTER SWITCHING,NEXUS SWITCHING,CHASSIS,-,-,-,-,Not Defined,1/8/2026 0:00,OTHER PARTNER,CARNIVAL CORPORATION,1029701903,MIAMI - 3655 NW 87TH AVE,3655 NW 87TH AVE,,,MIAMI,FLORIDA,33178,UNITED STATES,No,Other Partner,Covered,Active,SNTE,SMARTnet Enhanced 8x5x4,Vendor,Yes,1/1/1900 0:00,10/7/2027 0:00,Other Partner,,2045,0,,2045,,,31175.1,N/A,N/A,N/A,,-,0,No,No,No,-,No,-,No,-,No,-,Active,-,Include,0,0,Include,14327,NULL,NULL
Demo,75079462,Cisco,-,FVH123502,123456835,Parent,N9K-C93180YC-FX3,1,"Nexus 9300 48p 1/10/25G, 6p 40/100G, MACsec,SyncE",,,,No Ship Date Available,00:00.0,,,N9000,DATA CENTER SWITCHING,NEXUS SWITCHING,CHASSIS,-,-,-,-,Not Defined,1/8/2026 0:00,OTHER PARTNER,CARNIVAL CORPORATION,1029701903,MIAMI - 3655 NW 87TH AVE,3655 NW 87TH AVE,,,MIAMI,FLORIDA,33178,UNITED STATES,No,Other Partner,Covered,Active,SNTE,SMARTnet Enhanced 8x5x4,Vendor,Yes,1/1/1900 0:00,10/7/2027 0:00,Other Partner,,2045,0,,2045,,,31175.1,N/A,N/A,N/A,,-,0,No,No,No,-,No,-,No,-,No,-,Active,-,Include,0,0,Include,14327,NULL,NULL
Demo,75079465,Cisco,-,FVH123503,123456836,Parent,N9K-C93180YC-FX3,1,"Nexus 9300 48p 1/10/25G, 6p 40/100G, MACsec,SyncE",,,,No Ship Date Available,00:00.0,,,N9000,DATA CENTER SWITCHING,NEXUS SWITCHING,CHASSIS,-,-,-,-,Not Defined,1/8/2026 0:00,OTHER PARTNER,CARNIVAL CORPORATION,1029701903,MIAMI - 3655 NW 87TH AVE,3655 NW 87TH AVE,,,MIAMI,FLORIDA,33178,UNITED STATES,No,Other Partner,Covered,Active,SNTE,SMARTnet Enhanced 8x5x4,Vendor,Yes,1/1/1900 0:00,10/7/2027 0:00,Other Partner,,2045,0,,2045,,,31175.1,N/A,N/A,N/A,,-,0,No,No,No,-,No,-,No,-,No,-,Active,-,Include,0,0,Include,14327,NULL,NULL
Demo,75079468,Cisco,-,FVH123504,123456837,Parent,N9K-C93180YC-FX3,1,"Nexus 9300 48p 1/10/25G, 6p 40/100G, MACsec,SyncE",,,,No Ship Date Available,00:00.0,,,N9000,DATA CENTER SWITCHING,NEXUS SWITCHING,CHASSIS,-,-,-,-,Not Defined,1/8/2026 0:00,OTHER PARTNER,CARNIVAL CORPORATION,1029701903,MIAMI - 3655 NW 87TH AVE,3655 NW 87TH AVE,,,MIAMI,FLORIDA,33178,UNITED STATES,No,Other Partner,Covered,Active,SNTE,SMARTnet Enhanced 8x5x4,Vendor,Yes,1/1/1900 0:00,10/7/2027 0:00,Other Partner,,2045,0,,2045,,,31175.1,N/A,N/A,N/A,,-,0,No,No,No,-,No,-,No,-,No,-,Active,-,Include,0,0,Include,14327,NULL,NULL
Demo,75079471,Cisco,-,FVH123505,123456838,Parent,N9K-C93180YC-FX3,1,"Nexus 9300 48p 1/10/25G, 6p 40/100G, MACsec,SyncE",,,,No Ship Date Available,00:00.0,,,N9000,DATA CENTER SWITCHING,NEXUS SWITCHING,CHASSIS,-,-,-,-,Not Defined,1/8/2026 0:00,OTHER PARTNER,CARNIVAL CORPORATION,1029701903,MIAMI - 3655 NW 87TH AVE,3655 NW 87TH AVE,,,MIAMI,FLORIDA,33178,UNITED STATES,No,Other Partner,Covered,Active,SNTE,SMARTnet Enhanced 8x5x4,Vendor,Yes,1/1/1900 0:00,10/7/2027 0:00,Other Partner,,2045,0,,2045,,,31175.1,N/A,N/A,N/A,,-,0,No,No,No,-,No,-,No,-,No,-,Active,-,Include,0,0,Include,14327,NULL,NULL
Demo,75079474,Cisco,-,FVH123506,123456839,Parent,C8200-1N-4T,1,Cisco Catalyst C8200-1N-4T Router,,,,No Ship Date Available,00:00.0,,,CAT8200,ENTERPRISE ROUTING,ENT. EDGE ROUTING,CHASSIS,-,-,-,-,Not Defined,1/28/2026 0:00,OTHER PARTNER,HOLLAND AMERICA LINE,1009169536,SEATTLE - 450 3RD AVE W,450 3RD AVE W,,,SEATTLE,WASHINGTON,98119,UNITED STATES,No,Other Partner,Covered,Active,SNT,SMARTnet 8x5xNBD,Vendor,Yes,1/1/1900 0:00,10/28/2027 0:00,Other Partner,,447,0,,447,,,4404,N/A,N/A,N/A,,-,0,No,No,No,-,No,-,No,-,No,-,Active,-,Include,0,0,Include,14327,NULL,NULL
Demo,75079475,Cisco,-,FVH123507,123456840,Parent,C8200-1N-4T,1,Cisco Catalyst C8200-1N-4T Router,,,,No Ship Date Available,00:00.0,,,CAT8200,ENTERPRISE ROUTING,ENT. EDGE ROUTING,CHASSIS,-,-,-,-,Not Defined,1/28/2026 0:00,OTHER PARTNER,HOLLAND AMERICA LINE,1009169536,SEATTLE - 450 3RD AVE W,450 3RD AVE W,,,SEATTLE,WASHINGTON,98119,UNITED STATES,No,Other Partner,Covered,Active,SNT,SMARTnet 8x5xNBD,Vendor,Yes,1/1/1900 0:00,10/28/2027 0:00,Other Partner,,447,0,,447,,,4404,N/A,N/A,N/A,,-,0,No,No,No,-,No,-,No,-,No,-,Active,-,Include,0,0,Include,14327,NULL,NULL
Demo,75079477,Cisco,-,FVH123508,123456841,Parent,C9300-48UN-A,1,Catalyst 9300 48-port of 5Gbps Network Advantage,,,,No Ship Date Available,00:00.0,,,C9300,ENTERPRISE SWITCHING,ENT. SWITCHING - ACCESS,CHASSIS,Switches,-,-,-,Not Defined,2/7/2035 0:00,OTHER PARTNER,COSTA CROCIERE SPA,2000658939,GENOVA - PZZA PICCAPIETRA 48,PZZA PICCAPIETRA 48,,,GENOVA,GE,16121,ITALY,No,Other Partner,Covered,Active,SNT,SMARTnet 8x5xNBD,Vendor,Yes,1/1/1900 0:00,12/6/2025 0:00,Other Partner,,1267.3,0,,1267.3,,,16412.94,N/A,N/A,N/A,,-,0,No,No,No,-,No,-,No,-,No,-,Active,-,Include,0,0,Include,14327,NULL,NULL
Demo,75079478,Cisco,-,FVH123509,123456842,Parent,C9300-48UN-A,1,Catalyst 9300 48-port of 5Gbps Network Advantage,,,,No Ship Date Available,00:00.0,,,C9300,ENTERPRISE SWITCHING,ENT. SWITCHING - ACCESS,CHASSIS,Switches,-,-,-,Not Defined,2/7/2035 0:00,OTHER PARTNER,COSTA CROCIERE SPA,2000658939,GENOVA - PZZA PICCAPIETRA 48,PZZA PICCAPIETRA 48,,,GENOVA,GE,16121,ITALY,No,Other Partner,Covered,Active,SNT,SMARTnet 8x5xNBD,Vendor,Yes,1/1/1900 0:00,12/6/2025 0:00,Other Partner,,1267.3,0,,1267.3,,,16412.94,N/A,N/A,N/A,,-,0,No,No,No,-,No,-,No,-,No,-,Active,-,Include,0,0,Include,14327,NULL,NULL
Demo,75079479,Cisco,-,FVH123510,123456843,Parent,C9300-48UN-A,1,Catalyst 9300 48-port of 5Gbps Network Advantage,,,,No Ship Date Available,00:00.0,,,C9300,ENTERPRISE SWITCHING,ENT. SWITCHING - ACCESS,CHASSIS,Switches,-,-,-,Not Defined,2/7/2035 0:00,OTHER PARTNER,COSTA CROCIERE SPA,2000658939,GENOVA - PZZA PICCAPIETRA 48,PZZA PICCAPIETRA 48,,,GENOVA,GE,16121,ITALY,No,Other Partner,Covered,Active,SNT,SMARTnet 8x5xNBD,Vendor,Yes,1/1/1900 0:00,12/6/2025 0:00,Other Partner,,1267.3,0,,1267.3,,,16412.94,N/A,N/A,N/A,,-,0,No,No,No,-,No,-,No,-,No,-,Active,-,Include,0,0,Include,14327,NULL,NULL
Demo,75079480,Cisco,-,FVH123511,123456844,Parent,C9300-48UN-A,1,Catalyst 9300 48-port of 5Gbps Network Advantage,,,,No Ship Date Available,00:00.0,,,C9300,ENTERPRISE SWITCHING,ENT. SWITCHING - ACCESS,CHASSIS,Switches,-,-,-,Not Defined,2/7/2035 0:00,OTHER PARTNER,COSTA CROCIERE SPA,2000658939,GENOVA - PZZA PICCAPIETRA 48,PZZA PICCAPIETRA 48,,,GENOVA,GE,16121,ITALY,No,Other Partner,Covered,Active,SNT,SMARTnet 8x5xNBD,Vendor,Yes,1/1/1900 0:00,12/6/2025 0:00,Other Partner,,1267.3,0,,1267.3,,,16412.94,N/A,N/A,N/A,,-,0,No,No,No,-,No,-,No,-,No,-,Active,-,Include,0,0,Include,14327,NULL,NULL
Demo,75079481,Cisco,-,FVH123512,123456845,Parent,C9300-48UN-A,1,Catalyst 9300 48-port of 5Gbps Network Advantage,,,,No Ship Date Available,00:00.0,,,C9300,ENTERPRISE SWITCHING,ENT. SWITCHING - ACCESS,CHASSIS,Switches,-,-,-,Not Defined,2/7/2035 0:00,OTHER PARTNER,COSTA CROCIERE SPA,2000658939,GENOVA - PZZA PICCAPIETRA 48,PZZA PICCAPIETRA 48,,,GENOVA,GE,16121,ITALY,No,Other Partner,Covered,Active,SNT,SMARTnet 8x5xNBD,Vendor,Yes,1/1/1900 0:00,12/6/2025 0:00,Other Partner,,1267.3,0,,1267.3,,,16412.94,N/A,N/A,N/A,,-,0,No,No,No,-,No,-,No,-,No,-,Active,-,Include,0,0,Include,14327,NULL,NULL
Demo,75079482,Cisco,-,FVH123513,123456846,Parent,C9300-48UN-A,1,Catalyst 9300 48-port of 5Gbps Network Advantage,,,,No Ship Date Available,00:00.0,,,C9300,ENTERPRISE SWITCHING,ENT. SWITCHING - ACCESS,CHASSIS,Switches,-,-,-,Not Defined,2/7/2035 0:00,OTHER PARTNER,COSTA CROCIERE SPA,2000658939,GENOVA - PZZA PICCAPIETRA 48,PZZA PICCAPIETRA 48,,,GENOVA,GE,16121,ITALY,No,Other Partner,Covered,Active,SNT,SMARTnet 8x5xNBD,Vendor,Yes,1/1/1900 0:00,12/6/2025 0:00,Other Partner,,1267.3,0,,1267.3,,,16412.94,N/A,N/A,N/A,,-,0,No,No,No,-,No,-,No,-,No,-,Active,-,Include,0,0,Include,14327,NULL,NULL
Demo,75079483,Cisco,-,FVH123514,123456847,Parent,C8300-1N1S-6T,1,Cisco Catalyst C8300-1N1S-6T Router,,,,No Ship Date Available,00:00.0,,,CAT8300,ENTERPRISE ROUTING,ENT. EDGE ROUTING,CHASSIS,-,-,-,-,Not Defined,2/15/2026 0:00,OTHER PARTNER,CARNIVAL CORPORATION,1029701903,MIAMI - 3655 NW 87TH AVE,3655 NW 87TH AVE,,,MIAMI,FLORIDA,33178,UNITED STATES,No,Other Partner,Covered,Active,SNT,SMARTnet 8x5xNBD,Vendor,Yes,1/1/1900 0:00,11/14/2027 0:00,Other Partner,,1351,0,,1351,,,13454.14,N/A,N/A,N/A,,-,0,No,No,No,-,No,-,No,-,No,-,Active,-,Include,0,0,Include,14327,NULL,NULL
Demo,75079484,Cisco,-,FVH123515,123456848,Parent,C8300-1N1S-6T,1,Cisco Catalyst C8300-1N1S-6T Router,,,,No Ship Date Available,00:00.0,,,CAT8300,ENTERPRISE ROUTING,ENT. EDGE ROUTING,CHASSIS,-,-,-,-,Not Defined,2/15/2026 0:00,OTHER PARTNER,CARNIVAL CORPORATION,1029701903,MIAMI - 3655 NW 87TH AVE,3655 NW 87TH AVE,,,MIAMI,FLORIDA,33178,UNITED STATES,No,Other Partner,Covered,Active,SNT,SMARTnet 8x5xNBD,Vendor,Yes,1/1/1900 0:00,11/14/2027 0:00,Other Partner,,1351,0,,1351,,,13454.14,N/A,N/A,N/A,,-,0,No,No,No,-,No,-,No,-,No,-,Active,-,Include,0,0,Include,14327,NULL,NULL
Demo,75079485,Cisco,-,FVH123516,123456849,Parent,C8300-1N1S-6T,1,Cisco Catalyst C8300-1N1S-6T Router,,,,No Ship Date Available,00:00.0,,,CAT8300,ENTERPRISE ROUTING,ENT. EDGE ROUTING,CHASSIS,-,-,-,-,Not Defined,2/19/2026 0:00,OTHER PARTNER,CARNIVAL CORPORATION,1029701903,MIAMI - 3655 NW 87TH AVE,3655 NW 87TH AVE,,,MIAMI,FLORIDA,33178,UNITED STATES,No,Other Partner,Covered,Active,SNT,SMARTnet 8x5xNBD,Vendor,Yes,1/1/1900 0:00,11/18/2027 0:00,Other Partner,,1351,0,,1351,,,13454.14,N/A,N/A,N/A,,-,0,No,No,No,-,No,-,No,-,No,-,Active,-,Include,0,0,Include,14327,NULL,NULL
Demo,75079486,Cisco,-,FVH123517,123456850,Parent,C8300-1N1S-6T,1,Cisco Catalyst C8300-1N1S-6T Router,,,,No Ship Date Available,00:00.0,,,CAT8300,ENTERPRISE ROUTING,ENT. EDGE ROUTING,CHASSIS,-,-,-,-,Not Defined,2/19/2026 0:00,OTHER PARTNER,CARNIVAL CORPORATION,1029701903,MIAMI - 3655 NW 87TH AVE,3655 NW 87TH AVE,,,MIAMI,FLORIDA,33178,UNITED STATES,No,Other Partner,Covered,Active,SNT,SMARTnet 8x5xNBD,Vendor,Yes,1/1/1900 0:00,11/18/2027 0:00,Other Partner,,1351,0,,1351,,,13454.14,N/A,N/A,N/A,,-,0,No,No,No,-,No,-,No,-,No,-,Active,-,Include,0,0,Include,14327,NULL,NULL
Demo,75079487,Cisco,-,FVH123518,123456851,Parent,BE7M-M6-K9,1,"Cisco Business Edition 7000M (M6) Appliance, Export Restr SW",,,,No Ship Date Available,00:00.0,,,IPCUCHW,COLLABORATION,UC ENDPOINTS,CHASSIS,-,-,9/29/2025,9/30/2030,>36 Months,2/22/2026 0:00,OTHER PARTNER,CARNIVAL CORPORATION,1029701903,MIAMI - 3655 NW 87TH AVE,3655 NW 87TH AVE,,,MIAMI,FLORIDA,33178,UNITED STATES,No,Other Partner,Covered,Active,SSSNT,SOLN SUPP 8X5XNBD,Vendor,Yes,1/1/1900 0:00,11/21/2027 0:00,Other Partner,,1325,0,,1325,,,35331.78,N/A,N/A,N/A,,-,0,No,No,No,-,No,-,No,-,No,-,Active,-,Include,0,0,Include,14327,NULL,NULL
Demo,75079488,Cisco,-,FVH123519,123456852,Parent,BE7M-M6-K9,1,"Cisco Business Edition 7000M (M6) Appliance, Export Restr SW",,,,No Ship Date Available,00:00.0,,,IPCUCHW,COLLABORATION,UC ENDPOINTS,CHASSIS,-,-,9/29/2025,9/30/2030,>36 Months,2/22/2026 0:00,OTHER PARTNER,CARNIVAL CORPORATION,1029701903,MIAMI - 3655 NW 87TH AVE,3655 NW 87TH AVE,,,MIAMI,FLORIDA,33178,UNITED STATES,No,Other Partner,Covered,Active,SSSNT,SOLN SUPP 8X5XNBD,Vendor,Yes,1/1/1900 0:00,11/21/2027 0:00,Other Partner,,1325,0,,1325,,,35331.78,N/A,N/A,N/A,,-,0,No,No,No,-,No,-,No,-,No,-,Active,-,Include,0,0,Include,14327,NULL,NULL
Demo,75079489,Cisco,-,FVH123520,123456853,Parent,BE7M-M6-K9,1,"Cisco Business Edition 7000M (M6) Appliance, Export Restr SW",,,,No Ship Date Available,00:00.0,,,IPCUCHW,COLLABORATION,UC ENDPOINTS,CHASSIS,-,-,9/29/2025,9/30/2030,>36 Months,2/22/2026 0:00,OTHER PARTNER,CARNIVAL CORPORATION,1029701903,MIAMI - 3655 NW 87TH AVE,3655 NW 87TH AVE,,,MIAMI,FLORIDA,33178,UNITED STATES,No,Other Partner,Covered,Active,SSSNT,SOLN SUPP 8X5XNBD,Vendor,Yes,1/1/1900 0:00,11/21/2027 0:00,Other Partner,,1325,0,,1325,,,35331.78,N/A,N/A,N/A,,-,0,No,No,No,-,No,-,No,-,No,-,Active,-,Include,0,0,Include,14327,NULL,NULL
Demo,75079490,Cisco,-,FVH123521,123456854,Parent,BE7M-M6-K9,1,"Cisco Business Edition 7000M (M6) Appliance, Export Restr SW",,,,No Ship Date Available,00:00.0,,,IPCUCHW,COLLABORATION,UC ENDPOINTS,CHASSIS,-,-,9/29/2025,9/30/2030,>36 Months,2/22/2026 0:00,OTHER PARTNER,CARNIVAL CORPORATION,1029701903,MIAMI - 3655 NW 87TH AVE,3655 NW 87TH AVE,,,MIAMI,FLORIDA,33178,UNITED STATES,No,Other Partner,Covered,Active,SSSNT,SOLN SUPP 8X5XNBD,Vendor,Yes,1/1/1900 0:00,11/21/2027 0:00,Other Partner,,1325,0,,1325,,,35331.78,N/A,N/A,N/A,,-,0,No,No,No,-,No,-,No,-,No,-,Active,-,Include,0,0,Include,14327,NULL,NULL
Demo,75079491,Cisco,-,FVH123522,123456855,Parent,MS210-48-HW,1,Meraki MS210-48 1G L2 Cld-Mngd 48x GigE Switch,,,,No Ship Date Available,00:00.0,,,CNSWTCH,ENTERPRISE SWITCHING,MERAKI SWITCHING,CHASSIS,-,-,-,-,Not Defined,2/23/2035 0:00,OTHER PARTNER,CARNIVAL SUPPORT SERVICES INDIA PRIVATE LTD,1049350028,"MUMBAI - UNIT NO 25,5TH FLOOR,TOWER NO 2","UNIT NO 25,5TH FLOOR,TOWER NO 2",,,MUMBAI,MH,400070,INDIA,No,Other Partner,Covered,Active,ROB,ROB,Vendor,Yes,1/1/1900 0:00,1/21/2030 0:00,Other Partner,,341,0,,341,,,5481.64,N/A,N/A,N/A,,-,0,No,No,No,-,No,-,No,-,No,-,Active,-,Include,0,0,Include,14327,NULL,NULL
Demo,75079492,Cisco,-,FVH123523,123456856,Parent,MS210-48-HW,1,Meraki MS210-48 1G L2 Cld-Mngd 48x GigE Switch,,,,No Ship Date Available,00:00.0,,,CNSWTCH,ENTERPRISE SWITCHING,MERAKI SWITCHING,CHASSIS,-,-,-,-,Not Defined,2/23/2035 0:00,OTHER PARTNER,CARNIVAL SUPPORT SERVICES INDIA PRIVATE LTD,1049350028,"MUMBAI - UNIT NO 25,5TH FLOOR,TOWER NO 2","UNIT NO 25,5TH FLOOR,TOWER NO 2",,,MUMBAI,MH,400070,INDIA,No,Other Partner,Covered,Active,ROB,ROB,Vendor,Yes,1/1/1900 0:00,1/21/2030 0:00,Other Partner,,341,0,,341,,,5481.64,N/A,N/A,N/A,,-,0,No,No,No,-,No,-,No,-,No,-,Active,-,Include,0,0,Include,14327,NULL,NULL
Demo,75079493,Cisco,-,FVH123524,123456857,Parent,MS210-48-HW,1,Meraki MS210-48 1G L2 Cld-Mngd 48x GigE Switch,,,,No Ship Date Available,00:00.0,,,CNSWTCH,ENTERPRISE SWITCHING,MERAKI SWITCHING,CHASSIS,-,-,-,-,Not Defined,2/23/2035 0:00,OTHER PARTNER,CARNIVAL SUPPORT SERVICES INDIA PRIVATE LTD,1049350028,"MUMBAI - UNIT NO 25,5TH FLOOR,TOWER NO 2","UNIT NO 25,5TH FLOOR,TOWER NO 2",,,MUMBAI,MH,400070,INDIA,No,Other Partner,Covered,Active,ROB,ROB,Vendor,Yes,1/1/1900 0:00,1/21/2030 0:00,Other Partner,,341,0,,341,,,5481.64,N/A,N/A,N/A,,-,0,No,No,No,-,No,-,No,-,No,-,Active,-,Include,0,0,Include,14327,NULL,NULL
Demo,75079494,Cisco,-,FVH123525,123456858,Parent,MS210-48-HW,1,Meraki MS210-48 1G L2 Cld-Mngd 48x GigE Switch,,,,No Ship Date Available,00:00.0,,,CNSWTCH,ENTERPRISE SWITCHING,MERAKI SWITCHING,CHASSIS,-,-,-,-,Not Defined,2/23/2035 0:00,OTHER PARTNER,CARNIVAL SUPPORT SERVICES INDIA PRIVATE LTD,1049350028,"MUMBAI - UNIT NO 25,5TH FLOOR,TOWER NO 2","UNIT NO 25,5TH FLOOR,TOWER NO 2",,,MUMBAI,MH,400070,INDIA,No,Other Partner,Covered,Active,ROB,ROB,Vendor,Yes,1/1/1900 0:00,1/21/2030 0:00,Other Partner,,341,0,,341,,,5481.64,N/A,N/A,N/A,,-,0,No,No,No,-,No,-,No,-,No,-,Active,-,Include,0,0,Include,14327,NULL,NULL
Demo,75079495,Cisco,-,FVH123526,123456859,Parent,MS210-48-HW,1,Meraki MS210-48 1G L2 Cld-Mngd 48x GigE Switch,,,,No Ship Date Available,00:00.0,,,CNSWTCH,ENTERPRISE SWITCHING,MERAKI SWITCHING,CHASSIS,-,-,-,-,Not Defined,2/23/2035 0:00,OTHER PARTNER,CARNIVAL SUPPORT SERVICES INDIA PRIVATE LTD,1049350028,"MUMBAI - UNIT NO 25,5TH FLOOR,TOWER NO 2","UNIT NO 25,5TH FLOOR,TOWER NO 2",,,MUMBAI,MH,400070,INDIA,No,Other Partner,Covered,Active,ROB,ROB,Vendor,Yes,1/1/1900 0:00,1/21/2030 0:00,Other Partner,,341,0,,341,,,5481.64,N/A,N/A,N/A,,-,0,No,No,No,-,No,-,No,-,No,-,Active,-,Include,0,0,Include,14327,NULL,NULL
Demo,75079496,Cisco,-,FVH123527,123456860,Parent,MR46-HW,1,Meraki MR46 Wi-Fi 6 Indoor AP,,,,No Ship Date Available,00:00.0,,,CNWRL,MERAKI WIRELESS,MERAKI WIRELESS,CHASSIS,-,-,-,-,Not Defined,2/23/2035 0:00,OTHER PARTNER,CARNIVAL SUPPORT SERVICES INDIA PRIVATE LTD,1049350028,"MUMBAI - UNIT NO 25,5TH FLOOR,TOWER NO 2","UNIT NO 25,5TH FLOOR,TOWER NO 2",,,MUMBAI,MH,400070,INDIA,No,Other Partner,Covered,Active,ROB,ROB,Vendor,Yes,1/1/1900 0:00,1/21/2030 0:00,Other Partner,,103.13,0,,103.13,,,1950.86,N/A,N/A,N/A,,-,0,No,No,No,-,No,-,No,-,No,-,Active,-,Include,0,0,Include,14327,NULL,NULL
Demo,75079497,Cisco,-,FVH123528,123456861,Parent,MR46-HW,1,Meraki MR46 Wi-Fi 6 Indoor AP,,,,No Ship Date Available,00:00.0,,,CNWRL,MERAKI WIRELESS,MERAKI WIRELESS,CHASSIS,-,-,-,-,Not Defined,2/23/2035 0:00,OTHER PARTNER,CARNIVAL SUPPORT SERVICES INDIA PRIVATE LTD,1049350028,"MUMBAI - UNIT NO 25,5TH FLOOR,TOWER NO 2","UNIT NO 25,5TH FLOOR,TOWER NO 2",,,MUMBAI,MH,400070,INDIA,No,Other Partner,Covered,Active,ROB,ROB,Vendor,Yes,1/1/1900 0:00,1/21/2030 0:00,Other Partner,,103.13,0,,103.13,,,1950.86,N/A,N/A,N/A,,-,0,No,No,No,-,No,-,No,-,No,-,Active,-,Include,0,0,Include,14327,NULL,NULL
Demo,75079498,Cisco,-,FVH123529,123456862,Parent,MR46-HW,1,Meraki MR46 Wi-Fi 6 Indoor AP,,,,No Ship Date Available,00:00.0,,,CNWRL,MERAKI WIRELESS,MERAKI WIRELESS,CHASSIS,-,-,-,-,Not Defined,2/23/2035 0:00,OTHER PARTNER,CARNIVAL SUPPORT SERVICES INDIA PRIVATE LTD,1049350028,"MUMBAI - UNIT NO 25,5TH FLOOR,TOWER NO 2","UNIT NO 25,5TH FLOOR,TOWER NO 2",,,MUMBAI,MH,400070,INDIA,No,Other Partner,Covered,Active,ROB,ROB,Vendor,Yes,1/1/1900 0:00,1/21/2030 0:00,Other Partner,,103.13,0,,103.13,,,1950.86,N/A,N/A,N/A,,-,0,No,No,No,-,No,-,No,-,No,-,Active,-,Include,0,0,Include,14327,NULL,NULL
Demo,75079499,Cisco,-,FVH123530,123456863,Parent,MR46-HW,1,Meraki MR46 Wi-Fi 6 Indoor AP,,,,No Ship Date Available,00:00.0,,,CNWRL,MERAKI WIRELESS,MERAKI WIRELESS,CHASSIS,-,-,-,-,Not Defined,2/23/2035 0:00,OTHER PARTNER,CARNIVAL SUPPORT SERVICES INDIA PRIVATE LTD,1049350028,"MUMBAI - UNIT NO 25,5TH FLOOR,TOWER NO 2","UNIT NO 25,5TH FLOOR,TOWER NO 2",,,MUMBAI,MH,400070,INDIA,No,Other Partner,Covered,Active,ROB,ROB,Vendor,Yes,1/1/1900 0:00,1/21/2030 0:00,Other Partner,,103.13,0,,103.13,,,1950.86,N/A,N/A,N/A,,-,0,No,No,No,-,No,-,No,-,No,-,Active,-,Include,0,0,Include,14327,NULL,NULL
Demo,75079500,Cisco,-,FVH123531,123456864,Parent,MR46-HW,1,Meraki MR46 Wi-Fi 6 Indoor AP,,,,No Ship Date Available,00:00.0,,,CNWRL,MERAKI WIRELESS,MERAKI WIRELESS,CHASSIS,-,-,-,-,Not Defined,2/23/2035 0:00,OTHER PARTNER,CARNIVAL SUPPORT SERVICES INDIA PRIVATE LTD,1049350028,"MUMBAI - UNIT NO 25,5TH FLOOR,TOWER NO 2","UNIT NO 25,5TH FLOOR,TOWER NO 2",,,MUMBAI,MH,400070,INDIA,No,Other Partner,Covered,Active,ROB,ROB,Vendor,Yes,1/1/1900 0:00,1/21/2030 0:00,Other Partner,,103.13,0,,103.13,,,1950.86,N/A,N/A,N/A,,-,0,No,No,No,-,No,-,No,-,No,-,Active,-,Include,0,0,Include,14327,NULL,NULL
Demo,75079501,Cisco,-,FVH123532,123456865,Parent,MR46-HW,1,Meraki MR46 Wi-Fi 6 Indoor AP,,,,No Ship Date Available,00:00.0,,,CNWRL,MERAKI WIRELESS,MERAKI WIRELESS,CHASSIS,-,-,-,-,Not Defined,2/23/2035 0:00,OTHER PARTNER,CARNIVAL SUPPORT SERVICES INDIA PRIVATE LTD,1049350028,"MUMBAI - UNIT NO 25,5TH FLOOR,TOWER NO 2","UNIT NO 25,5TH FLOOR,TOWER NO 2",,,MUMBAI,MH,400070,INDIA,No,Other Partner,Covered,Active,ROB,ROB,Vendor,Yes,1/1/1900 0:00,1/21/2030 0:00,Other Partner,,103.13,0,,103.13,,,1950.86,N/A,N/A,N/A,,-,0,No,No,No,-,No,-,No,-,No,-,Active,-,Include,0,0,Include,14327,NULL,NULL
Demo,75079502,Cisco,-,FVH123533,123456866,Parent,MR46-HW,1,Meraki MR46 Wi-Fi 6 Indoor AP,,,,No Ship Date Available,00:00.0,,,CNWRL,MERAKI WIRELESS,MERAKI WIRELESS,CHASSIS,-,-,-,-,Not Defined,2/23/2035 0:00,OTHER PARTNER,CARNIVAL SUPPORT SERVICES INDIA PRIVATE LTD,1049350028,"MUMBAI - UNIT NO 25,5TH FLOOR,TOWER NO 2","UNIT NO 25,5TH FLOOR,TOWER NO 2",,,MUMBAI,MH,400070,INDIA,No,Other Partner,Covered,Active,ROB,ROB,Vendor,Yes,1/1/1900 0:00,1/21/2030 0:00,Other Partner,,103.13,0,,103.13,,,1950.86,N/A,N/A,N/A,,-,0,No,No,No,-,No,-,No,-,No,-,Active,-,Include,0,0,Include,14327,NULL,NULL
Demo,75079503,Cisco,-,FVH123534,123456867,Parent,MR46-HW,1,Meraki MR46 Wi-Fi 6 Indoor AP,,,,No Ship Date Available,00:00.0,,,CNWRL,MERAKI WIRELESS,MERAKI WIRELESS,CHASSIS,-,-,-,-,Not Defined,2/23/2035 0:00,OTHER PARTNER,CARNIVAL SUPPORT SERVICES INDIA PRIVATE LTD,1049350028,"MUMBAI - UNIT NO 25,5TH FLOOR,TOWER NO 2","UNIT NO 25,5TH FLOOR,TOWER NO 2",,,MUMBAI,MH,400070,INDIA,No,Other Partner,Covered,Active,ROB,ROB,Vendor,Yes,1/1/1900 0:00,1/21/2030 0:00,Other Partner,,103.13,0,,103.13,,,1950.86,N/A,N/A,N/A,,-,0,No,No,No,-,No,-,No,-,No,-,Active,-,Include,0,0,Include,14327,NULL,NULL
Demo,75079504,Cisco,-,FVH123535,123456868,Parent,MR46-HW,1,Meraki MR46 Wi-Fi 6 Indoor AP,,,,No Ship Date Available,00:00.0,,,CNWRL,MERAKI WIRELESS,MERAKI WIRELESS,CHASSIS,-,-,-,-,Not Defined,2/23/2035 0:00,OTHER PARTNER,CARNIVAL SUPPORT SERVICES INDIA PRIVATE LTD,1049350028,"MUMBAI - UNIT NO 25,5TH FLOOR,TOWER NO 2","UNIT NO 25,5TH FLOOR,TOWER NO 2",,,MUMBAI,MH,400070,INDIA,No,Other Partner,Covered,Active,ROB,ROB,Vendor,Yes,1/1/1900 0:00,1/21/2030 0:00,Other Partner,,103.13,0,,103.13,,,1950.86,N/A,N/A,N/A,,-,0,No,No,No,-,No,-,No,-,No,-,Active,-,Include,0,0,Include,14327,NULL,NULL
Demo,75079505,Cisco,-,FVH123536,123456869,Parent,MR46-HW,1,Meraki MR46 Wi-Fi 6 Indoor AP,,,,No Ship Date Available,00:00.0,,,CNWRL,MERAKI WIRELESS,MERAKI WIRELESS,CHASSIS,-,-,-,-,Not Defined,2/23/2035 0:00,OTHER PARTNER,CARNIVAL SUPPORT SERVICES INDIA PRIVATE LTD,1049350028,"MUMBAI - UNIT NO 25,5TH FLOOR,TOWER NO 2","UNIT NO 25,5TH FLOOR,TOWER NO 2",,,MUMBAI,MH,400070,INDIA,No,Other Partner,Covered,Active,ROB,ROB,Vendor,Yes,1/1/1900 0:00,1/21/2030 0:00,Other Partner,,103.13,0,,103.13,,,1950.86,N/A,N/A,N/A,,-,0,No,No,No,-,No,-,No,-,No,-,Active,-,Include,0,0,Include,14327,NULL,NULL
Demo,75079506,Cisco,-,FVH123537,123456870,Parent,C9300L-24P-4X-M,1,"C9300L 24-port PoE, 4x10G Uplink, 715wac PS, w/MERAKI",,,,No Ship Date Available,00:00.0,,,CNSWC9K,ENTERPRISE SWITCHING,ENT. SWITCHING - ACCESS,CHASSIS,-,-,-,-,Not Defined,2/23/2035 0:00,OTHER PARTNER,CARNIVAL SUPPORT SERVICES INDIA PRIVATE LTD,1049350028,"MUMBAI - UNIT NO 25,5TH FLOOR,TOWER NO 2","UNIT NO 25,5TH FLOOR,TOWER NO 2",,,MUMBAI,MH,400070,INDIA,No,Other Partner,Covered,Active,ROB,ROB,Vendor,Yes,1/1/1900 0:00,1/21/2030 0:00,Other Partner,,482.63,0,,482.63,,,7757.4,N/A,N/A,N/A,,-,0,No,No,No,-,No,-,No,-,No,-,Active,-,Include,0,0,Include,14327,NULL,NULL
Demo,75079507,Cisco,-,FVH123538,123456871,Parent,C9300L-24P-4X-M,1,"C9300L 24-port PoE, 4x10G Uplink, 715wac PS, w/MERAKI",,,,No Ship Date Available,00:00.0,,,CNSWC9K,ENTERPRISE SWITCHING,ENT. SWITCHING - ACCESS,CHASSIS,-,-,-,-,Not Defined,2/23/2035 0:00,OTHER PARTNER,CARNIVAL SUPPORT SERVICES INDIA PRIVATE LTD,1049350028,"MUMBAI - UNIT NO 25,5TH FLOOR,TOWER NO 2","UNIT NO 25,5TH FLOOR,TOWER NO 2",,,MUMBAI,MH,400070,INDIA,No,Other Partner,Covered,Active,ROB,ROB,Vendor,Yes,1/1/1900 0:00,1/21/2030 0:00,Other Partner,,482.63,0,,482.63,,,7757.4,N/A,N/A,N/A,,-,0,No,No,No,-,No,-,No,-,No,-,Active,-,Include,0,0,Include,14327,NULL,NULL
Demo,75575581,Cisco,-,FVH123539,123456872,Parent,C9120AXI-E,1,C9120AX Internal 802.11ax 4x4:4 MIMO;IOT;BT5;mGig;USB;RHL,,,,No Ship Date Available,00:00.0,4501245478,,C9120AX,WIRELESS,ENT. - WIRELESS,CHASSIS,-,-,-,-,Not Defined,9/16/2032 0:00,DEFAULT GROUP,,1016697150,SOUTHAMPTON - 100 HARBOUR PARADE,100 HARBOUR PARADE,,,SOUTHAMPTON,HAMPSHIRE,SO15 1BA,UNITED KINGDOM,No,206345589,Covered,Active,L1NBD,L1NBD,Vendor,Yes,12/1/2024 0:00,1/30/2027 0:00,30400375,USD,121.9,0,4501605158,121.9,,113848222,2238.28,N/A,N/A,N/A,,-,0,No,No,No,-,No,-,No,-,No,-,Active,-,Include,0,0,Include,14327,NULL,NULL
Demo,75575589,Cisco,-,FVH123540,123456873,Parent,C9120AXI-E,1,C9120AX Internal 802.11ax 4x4:4 MIMO;IOT;BT5;mGig;USB;RHL,,,,No Ship Date Available,00:00.0,4501245478,,C9120AX,WIRELESS,ENT. - WIRELESS,CHASSIS,-,-,-,-,Not Defined,9/16/2032 0:00,DEFAULT GROUP,,1016697150,SOUTHAMPTON - 100 HARBOUR PARADE,100 HARBOUR PARADE,,,SOUTHAMPTON,HAMPSHIRE,SO15 1BA,UNITED KINGDOM,No,206345589,Covered,Active,L1NBD,L1NBD,Vendor,Yes,12/1/2024 0:00,1/30/2027 0:00,30400375,USD,121.9,0,4501605158,121.9,,113848222,2238.28,N/A,N/A,N/A,,-,0,No,No,No,-,No,-,No,-,No,-,Active,-,Include,0,0,Include,14327,NULL,NULL
Demo,75575597,Cisco,-,FVH123541,123456874,Parent,C9120AXI-E,1,C9120AX Internal 802.11ax 4x4:4 MIMO;IOT;BT5;mGig;USB;RHL,,,,No Ship Date Available,00:00.0,4501245478,,C9120AX,WIRELESS,ENT. - WIRELESS,CHASSIS,-,-,-,-,Not Defined,9/16/2032 0:00,DEFAULT GROUP,,1016697150,SOUTHAMPTON - 100 HARBOUR PARADE,100 HARBOUR PARADE,,,SOUTHAMPTON,HAMPSHIRE,SO15 1BA,UNITED KINGDOM,No,206345589,Covered,Active,L1NBD,L1NBD,Vendor,Yes,12/1/2024 0:00,1/30/2027 0:00,30400375,USD,121.9,0,4501605158,121.9,,113848222,2238.28,N/A,N/A,N/A,,-,0,No,No,No,-,No,-,No,-,No,-,Active,-,Include,0,0,Include,14327,NULL,NULL
Demo,75575605,Cisco,-,FVH123542,123456875,Parent,C9120AXI-E,1,C9120AX Internal 802.11ax 4x4:4 MIMO;IOT;BT5;mGig;USB;RHL,,,,No Ship Date Available,00:00.0,4501245478,,C9120AX,WIRELESS,ENT. - WIRELESS,CHASSIS,-,-,-,-,Not Defined,9/16/2032 0:00,DEFAULT GROUP,,1016697150,SOUTHAMPTON - 100 HARBOUR PARADE,100 HARBOUR PARADE,,,SOUTHAMPTON,HAMPSHIRE,SO15 1BA,UNITED KINGDOM,No,206345589,Covered,Active,L1NBD,L1NBD,Vendor,Yes,12/1/2024 0:00,1/30/2027 0:00,30400375,USD,121.9,0,4501605158,121.9,,113848222,2238.28,N/A,N/A,N/A,,-,0,No,No,No,-,No,-,No,-,No,-,Active,-,Include,0,0,Include,14327,NULL,NULL
Demo,75575949,Cisco,-,FVH123543,123456876,Parent,C9120AXI-E,1,C9120AX Internal 802.11ax 4x4:4 MIMO;IOT;BT5;mGig;USB;RHL,,,,No Ship Date Available,00:00.0,4501245478,,C9120AX,WIRELESS,ENT. - WIRELESS,CHASSIS,-,-,-,-,Not Defined,9/16/2032 0:00,DEFAULT GROUP,,1016697150,SOUTHAMPTON - 100 HARBOUR PARADE,100 HARBOUR PARADE,,,SOUTHAMPTON,HAMPSHIRE,SO15 1BA,UNITED KINGDOM,No,206345589,Covered,Active,L1NBD,L1NBD,Vendor,Yes,12/1/2024 0:00,1/30/2027 0:00,30400375,USD,121.9,0,4501605158,121.9,,113848222,2238.28,N/A,N/A,N/A,,-,0,No,No,No,-,No,-,No,-,No,-,Active,-,Include,0,0,Include,14327,NULL,NULL
Demo,75575957,Cisco,-,FVH123544,123456877,Parent,C9120AXI-E,1,C9120AX Internal 802.11ax 4x4:4 MIMO;IOT;BT5;mGig;USB;RHL,,,,No Ship Date Available,00:00.0,4501245478,,C9120AX,WIRELESS,ENT. - WIRELESS,CHASSIS,-,-,-,-,Not Defined,9/16/2032 0:00,DEFAULT GROUP,,1016697150,SOUTHAMPTON - 100 HARBOUR PARADE,100 HARBOUR PARADE,,,SOUTHAMPTON,HAMPSHIRE,SO15 1BA,UNITED KINGDOM,No,206345589,Covered,Active,L1NBD,L1NBD,Vendor,Yes,12/1/2024 0:00,1/30/2027 0:00,30400375,USD,121.9,0,4501605158,121.9,,113848222,2238.28,N/A,N/A,N/A,,-,0,No,No,No,-,No,-,No,-,No,-,Active,-,Include,0,0,Include,14327,NULL,NULL
Demo,75576098,Cisco,-,FVH123545,123456878,Parent,WS-C3850-12X48U-S,1,^^Cisco Catalyst 3850 48 Port (12 mGig+36 Gig) UPoE IP Base,,,,No Ship Date Available,00:00.0,81-FAU72-S,,C3850,ENTERPRISE SWITCHING,ENT. SWITCHING - ACCESS,CHASSIS,Switches,http://www.cisco.com/content/en/us/support/switches/catalyst-3850-48u-s-switch/model.html,10/30/2020,10/31/2025,0-3 Months,10/31/2025 0:00,DEFAULT GROUP,,1016697150,SOUTHAMPTON - 100 HARBOUR PARADE,100 HARBOUR PARADE,,,SOUTHAMPTON,HAMPSHIRE,SO15 1BA,UNITED KINGDOM,No,206345589,Covered,Active,L1NBD,L1NBD,Vendor,Yes,12/1/2024 0:00,10/31/2025 0:00,30400375,USD,2337.95,0,4501605158,2337.95,,109643840,23759,N/A,N/A,N/A,,-,0,No,No,No,-,No,-,No,-,No,-,Active,-,Include,0,0,Include,14327,NULL,NULL
Demo,75576447,Cisco,-,FVH123546,123456879,Parent,C9120AXI-E,1,C9120AX Internal 802.11ax 4x4:4 MIMO;IOT;BT5;mGig;USB;RHL,,,,No Ship Date Available,00:00.0,4501245478,,C9120AX,WIRELESS,ENT. - WIRELESS,CHASSIS,-,-,-,-,Not Defined,9/16/2032 0:00,DEFAULT GROUP,,1016697150,SOUTHAMPTON - 100 HARBOUR PARADE,100 HARBOUR PARADE,,,SOUTHAMPTON,HAMPSHIRE,SO15 1BA,UNITED KINGDOM,No,206345589,Covered,Active,L1NBD,L1NBD,Vendor,Yes,12/1/2024 0:00,1/30/2027 0:00,30400375,USD,121.9,0,4501605158,121.9,,113848222,2238.28,N/A,N/A,N/A,,-,0,No,No,No,-,No,-,No,-,No,-,Active,-,Include,0,0,Include,14327,NULL,NULL
Demo,75576455,Cisco,-,FVH123547,123456880,Parent,C9120AXI-E,1,C9120AX Internal 802.11ax 4x4:4 MIMO;IOT;BT5;mGig;USB;RHL,,,,No Ship Date Available,00:00.0,4501245478,,C9120AX,WIRELESS,ENT. - WIRELESS,CHASSIS,-,-,-,-,Not Defined,9/16/2032 0:00,DEFAULT GROUP,,1016697150,SOUTHAMPTON - 100 HARBOUR PARADE,100 HARBOUR PARADE,,,SOUTHAMPTON,HAMPSHIRE,SO15 1BA,UNITED KINGDOM,No,206345589,Covered,Active,L1NBD,L1NBD,Vendor,Yes,12/1/2024 0:00,1/30/2027 0:00,30400375,USD,121.9,0,4501605158,121.9,,113848222,2238.28,N/A,N/A,N/A,,-,0,No,No,No,-,No,-,No,-,No,-,Active,-,Include,0,0,Include,14327,NULL,NULL
Demo,75576463,Cisco,-,FVH123548,123456881,Parent,C9120AXI-E,1,C9120AX Internal 802.11ax 4x4:4 MIMO;IOT;BT5;mGig;USB;RHL,,,,No Ship Date Available,00:00.0,4501245478,,C9120AX,WIRELESS,ENT. - WIRELESS,CHASSIS,-,-,-,-,Not Defined,9/16/2032 0:00,DEFAULT GROUP,,1016697150,SOUTHAMPTON - 100 HARBOUR PARADE,100 HARBOUR PARADE,,,SOUTHAMPTON,HAMPSHIRE,SO15 1BA,UNITED KINGDOM,No,206345589,Covered,Active,L1NBD,L1NBD,Vendor,Yes,12/1/2024 0:00,1/30/2027 0:00,30400375,USD,121.9,0,4501605158,121.9,,113848222,2238.28,N/A,N/A,N/A,,-,0,No,No,No,-,No,-,No,-,No,-,Active,-,Include,0,0,Include,14327,NULL,NULL
Demo,75576471,Cisco,-,FVH123549,123456882,Parent,C9120AXI-E,1,C9120AX Internal 802.11ax 4x4:4 MIMO;IOT;BT5;mGig;USB;RHL,,,,No Ship Date Available,00:00.0,4501245478,,C9120AX,WIRELESS,ENT. - WIRELESS,CHASSIS,-,-,-,-,Not Defined,9/16/2032 0:00,DEFAULT GROUP,,1016697150,SOUTHAMPTON - 100 HARBOUR PARADE,100 HARBOUR PARADE,,,SOUTHAMPTON,HAMPSHIRE,SO15 1BA,UNITED KINGDOM,No,206345589,Covered,Active,L1NBD,L1NBD,Vendor,Yes,12/1/2024 0:00,1/30/2027 0:00,30400375,USD,121.9,0,4501605158,121.9,,113848222,2238.28,N/A,N/A,N/A,,-,0,No,No,No,-,No,-,No,-,No,-,Active,-,Include,0,0,Include,14327,NULL,NULL
Demo,75576479,Cisco,-,FVH123550,123456883,Parent,C9120AXI-E,1,C9120AX Internal 802.11ax 4x4:4 MIMO;IOT;BT5;mGig;USB;RHL,,,,No Ship Date Available,00:00.0,4501245478,,C9120AX,WIRELESS,ENT. - WIRELESS,CHASSIS,-,-,-,-,Not Defined,9/16/2032 0:00,DEFAULT GROUP,,1016697150,SOUTHAMPTON - 100 HARBOUR PARADE,100 HARBOUR PARADE,,,SOUTHAMPTON,HAMPSHIRE,SO15 1BA,UNITED KINGDOM,No,206345589,Covered,Active,L1NBD,L1NBD,Vendor,Yes,12/1/2024 0:00,1/30/2027 0:00,30400375,USD,121.9,0,4501605158,121.9,,113848222,2238.28,N/A,N/A,N/A,,-,0,No,No,No,-,No,-,No,-,No,-,Active,-,Include,0,0,Include,14327,NULL,NULL
Demo,75576487,Cisco,-,FVH123551,123456884,Parent,C9120AXI-E,1,C9120AX Internal 802.11ax 4x4:4 MIMO;IOT;BT5;mGig;USB;RHL,,,,No Ship Date Available,00:00.0,4501245478,,C9120AX,WIRELESS,ENT. - WIRELESS,CHASSIS,-,-,-,-,Not Defined,9/16/2032 0:00,DEFAULT GROUP,,1016697150,SOUTHAMPTON - 100 HARBOUR PARADE,100 HARBOUR PARADE,,,SOUTHAMPTON,HAMPSHIRE,SO15 1BA,UNITED KINGDOM,No,206345589,Covered,Active,L1NBD,L1NBD,Vendor,Yes,12/1/2024 0:00,1/30/2027 0:00,30400375,USD,121.9,0,4501605158,121.9,,113848222,2238.28,N/A,N/A,N/A,,-,0,No,No,No,-,No,-,No,-,No,-,Active,-,Include,0,0,Include,14327,NULL,NULL
Demo,75576495,Cisco,-,FVH123552,123456885,Parent,C9120AXI-E,1,C9120AX Internal 802.11ax 4x4:4 MIMO;IOT;BT5;mGig;USB;RHL,,,,No Ship Date Available,00:00.0,4501245478,,C9120AX,WIRELESS,ENT. - WIRELESS,CHASSIS,-,-,-,-,Not Defined,9/16/2032 0:00,DEFAULT GROUP,,1016697150,SOUTHAMPTON - 100 HARBOUR PARADE,100 HARBOUR PARADE,,,SOUTHAMPTON,HAMPSHIRE,SO15 1BA,UNITED KINGDOM,No,206345589,Covered,Active,L1NBD,L1NBD,Vendor,Yes,12/1/2024 0:00,1/30/2027 0:00,30400375,USD,121.9,0,4501605158,121.9,,113848222,2238.28,N/A,N/A,N/A,,-,0,No,No,No,-,No,-,No,-,No,-,Active,-,Include,0,0,Include,14327,NULL,NULL
Demo,75576503,Cisco,-,FVH123553,123456886,Parent,C9120AXI-E,1,C9120AX Internal 802.11ax 4x4:4 MIMO;IOT;BT5;mGig;USB;RHL,,,,No Ship Date Available,00:00.0,4501245478,,C9120AX,WIRELESS,ENT. - WIRELESS,CHASSIS,-,-,-,-,Not Defined,9/16/2032 0:00,DEFAULT GROUP,,1016697150,SOUTHAMPTON - 100 HARBOUR PARADE,100 HARBOUR PARADE,,,SOUTHAMPTON,HAMPSHIRE,SO15 1BA,UNITED KINGDOM,No,206345589,Covered,Active,L1NBD,L1NBD,Vendor,Yes,12/1/2024 0:00,1/30/2027 0:00,30400375,USD,121.9,0,4501605158,121.9,,113848222,2238.28,N/A,N/A,N/A,,-,0,No,No,No,-,No,-,No,-,No,-,Active,-,Include,0,0,Include,14327,NULL,NULL
Demo,75576511,Cisco,-,FVH123554,123456887,Parent,C9120AXI-E,1,C9120AX Internal 802.11ax 4x4:4 MIMO;IOT;BT5;mGig;USB;RHL,,,,No Ship Date Available,00:00.0,4501245478,,C9120AX,WIRELESS,ENT. - WIRELESS,CHASSIS,-,-,-,-,Not Defined,9/16/2032 0:00,DEFAULT GROUP,,1016697150,SOUTHAMPTON - 100 HARBOUR PARADE,100 HARBOUR PARADE,,,SOUTHAMPTON,HAMPSHIRE,SO15 1BA,UNITED KINGDOM,No,206345589,Covered,Active,L1NBD,L1NBD,Vendor,Yes,12/1/2024 0:00,1/30/2027 0:00,30400375,USD,121.9,0,4501605158,121.9,,113848222,2238.28,N/A,N/A,N/A,,-,0,No,No,No,-,No,-,No,-,No,-,Active,-,Include,0,0,Include,14327,NULL,NULL
Demo,75576519,Cisco,-,FVH123555,123456888,Parent,C9120AXI-E,1,C9120AX Internal 802.11ax 4x4:4 MIMO;IOT;BT5;mGig;USB;RHL,,,,No Ship Date Available,00:00.0,4501245478,,C9120AX,WIRELESS,ENT. - WIRELESS,CHASSIS,-,-,-,-,Not Defined,9/16/2032 0:00,DEFAULT GROUP,,1016697150,SOUTHAMPTON - 100 HARBOUR PARADE,100 HARBOUR PARADE,,,SOUTHAMPTON,HAMPSHIRE,SO15 1BA,UNITED KINGDOM,No,206345589,Covered,Active,L1NBD,L1NBD,Vendor,Yes,12/1/2024 0:00,1/30/2027 0:00,30400375,USD,121.9,0,4501605158,121.9,,113848222,2238.28,N/A,N/A,N/A,,-,0,No,No,No,-,No,-,No,-,No,-,Active,-,Include,0,0,Include,14327,NULL,NULL
Demo,75576527,Cisco,-,FVH123556,123456889,Parent,C9120AXI-E,1,C9120AX Internal 802.11ax 4x4:4 MIMO;IOT;BT5;mGig;USB;RHL,,,,No Ship Date Available,00:00.0,4501245478,,C9120AX,WIRELESS,ENT. - WIRELESS,CHASSIS,-,-,-,-,Not Defined,9/16/2032 0:00,DEFAULT GROUP,,1016697150,SOUTHAMPTON - 100 HARBOUR PARADE,100 HARBOUR PARADE,,,SOUTHAMPTON,HAMPSHIRE,SO15 1BA,UNITED KINGDOM,No,206345589,Covered,Active,L1NBD,L1NBD,Vendor,Yes,12/1/2024 0:00,1/30/2027 0:00,30400375,USD,121.9,0,4501605158,121.9,,113848222,2238.28,N/A,N/A,N/A,,-,0,No,No,No,-,No,-,No,-,No,-,Active,-,Include,0,0,Include,14327,NULL,NULL
Demo,75576535,Cisco,-,FVH123557,123456890,Parent,C9120AXI-E,1,C9120AX Internal 802.11ax 4x4:4 MIMO;IOT;BT5;mGig;USB;RHL,,,,No Ship Date Available,00:00.0,4501245478,,C9120AX,WIRELESS,ENT. - WIRELESS,CHASSIS,-,-,-,-,Not Defined,9/16/2032 0:00,DEFAULT GROUP,,1016697150,SOUTHAMPTON - 100 HARBOUR PARADE,100 HARBOUR PARADE,,,SOUTHAMPTON,HAMPSHIRE,SO15 1BA,UNITED KINGDOM,No,206345589,Covered,Active,L1NBD,L1NBD,Vendor,Yes,12/1/2024 0:00,1/30/2027 0:00,30400375,USD,121.9,0,4501605158,121.9,,113848222,2238.28,N/A,N/A,N/A,,-,0,No,No,No,-,No,-,No,-,No,-,Active,-,Include,0,0,Include,14327,NULL,NULL
Demo,75576543,Cisco,-,FVH123558,123456891,Parent,C9120AXI-E,1,C9120AX Internal 802.11ax 4x4:4 MIMO;IOT;BT5;mGig;USB;RHL,,,,No Ship Date Available,00:00.0,4501245478,,C9120AX,WIRELESS,ENT. - WIRELESS,CHASSIS,-,-,-,-,Not Defined,9/16/2032 0:00,DEFAULT GROUP,,1016697150,SOUTHAMPTON - 100 HARBOUR PARADE,100 HARBOUR PARADE,,,SOUTHAMPTON,HAMPSHIRE,SO15 1BA,UNITED KINGDOM,No,206345589,Covered,Active,L1NBD,L1NBD,Vendor,Yes,12/1/2024 0:00,1/30/2027 0:00,30400375,USD,121.9,0,4501605158,121.9,,113848222,2238.28,N/A,N/A,N/A,,-,0,No,No,No,-,No,-,No,-,No,-,Active,-,Include,0,0,Include,14327,NULL,NULL
Demo,75576551,Cisco,-,FVH123559,123456892,Parent,C9120AXI-E,1,C9120AX Internal 802.11ax 4x4:4 MIMO;IOT;BT5;mGig;USB;RHL,,,,No Ship Date Available,00:00.0,4501245478,,C9120AX,WIRELESS,ENT. - WIRELESS,CHASSIS,-,-,-,-,Not Defined,9/16/2032 0:00,DEFAULT GROUP,,1016697150,SOUTHAMPTON - 100 HARBOUR PARADE,100 HARBOUR PARADE,,,SOUTHAMPTON,HAMPSHIRE,SO15 1BA,UNITED KINGDOM,No,206345589,Covered,Active,L1NBD,L1NBD,Vendor,Yes,12/1/2024 0:00,1/30/2027 0:00,30400375,USD,121.9,0,4501605158,121.9,,113848222,2238.28,N/A,N/A,N/A,,-,0,No,No,No,-,No,-,No,-,No,-,Active,-,Include,0,0,Include,14327,NULL,NULL
Demo,75576573,Cisco,-,FVH123560,123456893,Parent,C9500-48Y4C-A,1,"Catalyst 9500 48-port x 1/10/25G + 4-port 40/100G, Advantage",,,,No Ship Date Available,00:00.0,4501575205,,C9500,ENTERPRISE SWITCHING,ENT. SWITCHING - ACCESS,CHASSIS,-,-,-,-,Not Defined,12/12/2034 0:00,DEFAULT GROUP,,1060912510,HOLZKIRCHEN - POSTFACH 11 52,POSTFACH 11 52,,,HOLZKIRCHEN,,83601,GERMANY,No,200216511,Covered,Active,PSRT,PRTNR SS 8X5XNBD,Vendor,Yes,10/12/2024 0:00,10/11/2025 0:00,,USD,1192.21,0,4501575205,2359.8,,117727780,29611.33,N/A,N/A,N/A,,-,0,No,No,No,-,No,-,No,-,No,-,Active,-,Include,0,0,Include,14327,NULL,NULL
Demo,75576585,Cisco,-,FVH123561,123456894,Parent,C9500-48Y4C-A,1,"Catalyst 9500 48-port x 1/10/25G + 4-port 40/100G, Advantage",,,,No Ship Date Available,00:00.0,4501575205,,C9500,ENTERPRISE SWITCHING,ENT. SWITCHING - ACCESS,CHASSIS,-,-,-,-,Not Defined,12/12/2034 0:00,DEFAULT GROUP,,1060912510,HOLZKIRCHEN - POSTFACH 11 52,POSTFACH 11 52,,,HOLZKIRCHEN,,83601,GERMANY,No,200216511,Covered,Active,PSRT,PRTNR SS 8X5XNBD,Vendor,Yes,10/12/2024 0:00,10/11/2025 0:00,,USD,1192.21,0,4501575205,2359.8,,117727780,29611.33,N/A,N/A,N/A,,-,0,No,No,No,-,No,-,No,-,No,-,Active,-,Include,0,0,Include,14327,NULL,NULL
Demo,75576597,Cisco,-,FVH123562,123456895,Parent,WS-C3850-24P-E,1,^^Cisco Catalyst 3850 24 Port PoE IP Services,,,,No Ship Date Available,00:00.0,91090898OP,,C3850,ENTERPRISE SWITCHING,ENT. SWITCHING - ACCESS,CHASSIS,Switches,http://www.cisco.com/content/en/us/support/switches/catalyst-3850-24p-e-switch/model.html,10/30/2020,10/31/2025,0-3 Months,10/31/2025 0:00,DEFAULT GROUP,,1016697150,SOUTHAMPTON - 100 HARBOUR PARADE,100 HARBOUR PARADE,,,SOUTHAMPTON,HAMPSHIRE,SO15 1BA,UNITED KINGDOM,No,206345589,Covered,Active,L1NBD,L1NBD,Vendor,Yes,12/1/2024 0:00,10/31/2025 0:00,30400375,USD,1726.15,0,4501605158,1726.15,,101315560,17538,N/A,N/A,N/A,,-,0,No,No,No,-,No,-,No,-,No,-,Active,-,Include,0,0,Include,14327,NULL,NULL
Demo,75576778,Cisco,-,FVH123563,123456896,Parent,C9410R-96U-BNDL-A,1,"Catalyst 9400 Series 10 slot,1xSup, 2xLC, DNA-A LIC",,,,No Ship Date Available,00:00.0,4501099794,,C9400,ENTERPRISE SWITCHING,ENT. SWITCHING - ACCESS,CHASSIS,-,-,-,-,Not Defined,8/14/2031 0:00,DEFAULT GROUP,AIDA CRUISES,2001479781,ROSTOCK - AM STRANDE 3,AM STRANDE 3,,,ROSTOCK,,18055,GERMANY,No,200300338,Covered,Active,PSRT,PRTNR SS 8X5XNBD,Vendor,Yes,5/1/2021 0:00,4/30/2026 0:00,,USD,1502.98,0,4501099794,3747.85,,112272978,38679.41,N/A,N/A,N/A,,-,0,No,No,No,-,No,-,No,-,No,-,Active,-,Include,0,0,Include,14327,NULL,NULL
Demo,75577109,Cisco,-,FVH123564,123456897,Parent,C9120AXI-E,1,C9120AX Internal 802.11ax 4x4:4 MIMO;IOT;BT5;mGig;USB;RHL,,,,No Ship Date Available,00:00.0,4501245478,,C9120AX,WIRELESS,ENT. - WIRELESS,CHASSIS,-,-,-,-,Not Defined,9/16/2032 0:00,DEFAULT GROUP,,1016697150,SOUTHAMPTON - 100 HARBOUR PARADE,100 HARBOUR PARADE,,,SOUTHAMPTON,HAMPSHIRE,SO15 1BA,UNITED KINGDOM,No,206345589,Covered,Active,L1NBD,L1NBD,Vendor,Yes,12/1/2024 0:00,1/30/2027 0:00,30400375,USD,121.9,0,4501605158,121.9,,113848222,2238.28,N/A,N/A,N/A,,-,0,No,No,No,-,No,-,No,-,No,-,Active,-,Include,0,0,Include,14327,NULL,NULL
Demo,75577473,Cisco,-,FVH123565,123456898,Parent,ISR4431/K9,1,"Cisco ISR 4431 (4GE,3NIM,8G FLASH,4G DRAM,IPB)",,,,No Ship Date Available,00:00.0,4501975876A,,4400ISR,ENTERPRISE ROUTING,MID-RANGE/LOW-END ROUTING,CHASSIS,Routers,http://www.cisco.com/content/en/us/support/routers/4441-x-integrated-services-router-isr/model.html,11/7/2023,11/30/2028,>36 Months,11/30/2021 0:00,DEFAULT GROUP,,1016697150,SOUTHAMPTON - 100 HARBOUR PARADE,100 HARBOUR PARADE,,,SOUTHAMPTON,HAMPSHIRE,SO15 1BA,UNITED KINGDOM,No,206345589,Covered,Active,L1NBD,L1NBD,Vendor,Yes,12/1/2024 0:00,1/30/2027 0:00,30400375,USD,2239.05,0,4501605158,2574.85,,112274011,14713,N/A,N/A,N/A,,-,0,No,No,No,-,No,-,No,-,No,-,Active,-,Include,0,0,Include,14327,NULL,NULL
Demo,75577483,Cisco,-,FVH123566,123456899,Parent,ISR4431/K9,1,"Cisco ISR 4431 (4GE,3NIM,8G FLASH,4G DRAM,IPB)",,,,No Ship Date Available,00:00.0,4501975876A,,4400ISR,ENTERPRISE ROUTING,MID-RANGE/LOW-END ROUTING,CHASSIS,Routers,http://www.cisco.com/content/en/us/support/routers/4441-x-integrated-services-router-isr/model.html,11/7/2023,11/30/2028,>36 Months,11/30/2021 0:00,DEFAULT GROUP,,1016697150,SOUTHAMPTON - 100 HARBOUR PARADE,100 HARBOUR PARADE,,,SOUTHAMPTON,HAMPSHIRE,SO15 1BA,UNITED KINGDOM,No,206345589,Covered,Active,L1NBD,L1NBD,Vendor,Yes,12/1/2024 0:00,1/30/2027 0:00,30400375,USD,2239.05,0,4501605158,2574.85,,112274011,14713,N/A,N/A,N/A,,-,0,No,No,No,-,No,-,No,-,No,-,Active,-,Include,0,0,Include,14327,NULL,NULL
Demo,75577493,Cisco,-,FVH123567,123456900,Parent,ISR4431/K9,1,"Cisco ISR 4431 (4GE,3NIM,8G FLASH,4G DRAM,IPB)",,,,No Ship Date Available,00:00.0,4501975876A,,4400ISR,ENTERPRISE ROUTING,MID-RANGE/LOW-END ROUTING,CHASSIS,Routers,http://www.cisco.com/content/en/us/support/routers/4441-x-integrated-services-router-isr/model.html,11/7/2023,11/30/2028,>36 Months,11/30/2021 0:00,DEFAULT GROUP,,1016697150,SOUTHAMPTON - 100 HARBOUR PARADE,100 HARBOUR PARADE,,,SOUTHAMPTON,HAMPSHIRE,SO15 1BA,UNITED KINGDOM,No,206345589,Covered,Active,L1NBD,L1NBD,Vendor,Yes,12/1/2024 0:00,1/30/2027 0:00,30400375,USD,2239.05,0,4501605158,2574.85,,112274011,14713,N/A,N/A,N/A,,-,0,No,No,No,-,No,-,No,-,No,-,Active,-,Include,0,0,Include,14327,NULL,NULL
Demo,75577504,Cisco,-,FVH123568,123456901,Parent,WS-C3850-12X48U-S,1,^^Cisco Catalyst 3850 48 Port (12 mGig+36 Gig) UPoE IP Base,,,,No Ship Date Available,00:00.0,81-FAU72-S,,C3850,ENTERPRISE SWITCHING,ENT. SWITCHING - ACCESS,CHASSIS,Switches,http://www.cisco.com/content/en/us/support/switches/catalyst-3850-48u-s-switch/model.html,10/30/2020,10/31/2025,0-3 Months,10/31/2025 0:00,DEFAULT GROUP,,1016697150,SOUTHAMPTON - 100 HARBOUR PARADE,100 HARBOUR PARADE,,,SOUTHAMPTON,HAMPSHIRE,SO15 1BA,UNITED KINGDOM,No,206345589,Covered,Active,L1NBD,L1NBD,Vendor,Yes,12/1/2024 0:00,10/31/2025 0:00,30400375,USD,2337.95,0,4501605158,2337.95,,109643840,23759,N/A,N/A,N/A,,-,0,No,No,No,-,No,-,No,-,No,-,Active,-,Include,0,0,Include,14327,NULL,NULL
Demo,75577678,Cisco,-,FVH123569,123456902,Parent,ISR4431/K9,1,"Cisco ISR 4431 (4GE,3NIM,8G FLASH,4G DRAM,IPB)",,,,No Ship Date Available,00:00.0,4501975876A,,4400ISR,ENTERPRISE ROUTING,MID-RANGE/LOW-END ROUTING,CHASSIS,Routers,http://www.cisco.com/content/en/us/support/routers/4441-x-integrated-services-router-isr/model.html,11/7/2023,11/30/2028,>36 Months,11/30/2021 0:00,DEFAULT GROUP,,1016697150,SOUTHAMPTON - 100 HARBOUR PARADE,100 HARBOUR PARADE,,,SOUTHAMPTON,HAMPSHIRE,SO15 1BA,UNITED KINGDOM,No,206345589,Covered,Active,L1NBD,L1NBD,Vendor,Yes,12/1/2024 0:00,1/30/2027 0:00,30400375,USD,2239.05,0,4501605158,2574.85,,112274011,14713,N/A,N/A,N/A,,-,0,No,No,No,-,No,-,No,-,No,-,Active,-,Include,0,0,Include,14327,NULL,NULL
Demo,75577688,Cisco,-,FVH123570,123456903,Parent,ISR4431/K9,1,"Cisco ISR 4431 (4GE,3NIM,8G FLASH,4G DRAM,IPB)",,,,No Ship Date Available,00:00.0,4501975876A,,4400ISR,ENTERPRISE ROUTING,MID-RANGE/LOW-END ROUTING,CHASSIS,Routers,http://www.cisco.com/content/en/us/support/routers/4441-x-integrated-services-router-isr/model.html,11/7/2023,11/30/2028,>36 Months,11/30/2021 0:00,DEFAULT GROUP,,1016697150,SOUTHAMPTON - 100 HARBOUR PARADE,100 HARBOUR PARADE,,,SOUTHAMPTON,HAMPSHIRE,SO15 1BA,UNITED KINGDOM,No,206345589,Covered,Active,L1NBD,L1NBD,Vendor,Yes,12/1/2024 0:00,1/30/2027 0:00,30400375,USD,2239.05,0,4501605158,2574.85,,112274011,14713,N/A,N/A,N/A,,-,0,No,No,No,-,No,-,No,-,No,-,Active,-,Include,0,0,Include,14327,NULL,NULL
Demo,75577698,Cisco,-,FVH123571,123456904,Parent,ISR4431/K9,1,"Cisco ISR 4431 (4GE,3NIM,8G FLASH,4G DRAM,IPB)",,,,No Ship Date Available,00:00.0,4501975876A,,4400ISR,ENTERPRISE ROUTING,MID-RANGE/LOW-END ROUTING,CHASSIS,Routers,http://www.cisco.com/content/en/us/support/routers/4441-x-integrated-services-router-isr/model.html,11/7/2023,11/30/2028,>36 Months,11/30/2021 0:00,DEFAULT GROUP,,1016697150,SOUTHAMPTON - 100 HARBOUR PARADE,100 HARBOUR PARADE,,,SOUTHAMPTON,HAMPSHIRE,SO15 1BA,UNITED KINGDOM,No,206345589,Covered,Active,L1NBD,L1NBD,Vendor,Yes,12/1/2024 0:00,1/30/2027 0:00,30400375,USD,2239.05,0,4501605158,2574.85,,112274011,14713,N/A,N/A,N/A,,-,0,No,No,No,-,No,-,No,-,No,-,Active,-,Include,0,0,Include,14327,NULL,NULL
Demo,75577785,Cisco,-,FVH123572,123456905,Parent,C9120AXI-E,1,C9120AX Internal 802.11ax 4x4:4 MIMO;IOT;BT5;mGig;USB;RHL,,,,No Ship Date Available,00:00.0,4501245478,,C9120AX,WIRELESS,ENT. - WIRELESS,CHASSIS,-,-,-,-,Not Defined,9/16/2032 0:00,DEFAULT GROUP,,1016697150,SOUTHAMPTON - 100 HARBOUR PARADE,100 HARBOUR PARADE,,,SOUTHAMPTON,HAMPSHIRE,SO15 1BA,UNITED KINGDOM,No,206345589,Covered,Active,L1NBD,L1NBD,Vendor,Yes,12/1/2024 0:00,1/30/2027 0:00,30400375,USD,121.9,0,4501605158,121.9,,113848222,2238.28,N/A,N/A,N/A,,-,0,No,No,No,-,No,-,No,-,No,-,Active,-,Include,0,0,Include,14327,NULL,NULL
Demo,75578038,Cisco,-,FVH123573,123456906,Parent,C6807-XL-S6T-BUN,1,^Chassis+Fan Tray+ Sup6T+2xPower Supply; IP Services ONLY,,,,No Ship Date Available,00:00.0,4500535790,,C6800MD,ENTERPRISE SWITCHING,ENT. SWITCHING - CORE,CHASSIS,-,-,4/30/2022,4/30/2027,12-24 Months,1/4/2020 0:00,DEFAULT GROUP,AIDA CRUISES,2001479781,ROSTOCK - AM STRANDE 3,AM STRANDE 3,,,ROSTOCK,,18055,GERMANY,No,206404217,Covered,Active,L1NBD,L1NBD,Vendor,Yes,1/1/2025 0:00,12/31/2025 0:00,,USD,5056.55,0,4501617360,6321.55,,106702309,58167,N/A,N/A,N/A,,-,0,No,No,No,-,No,-,No,-,No,-,Active,-,Include,0,0,Include,14327,NULL,NULL
Demo,75578271,Cisco,-,FVH123574,123456907,Parent,C9120AXI-E,1,C9120AX Internal 802.11ax 4x4:4 MIMO;IOT;BT5;mGig;USB;RHL,,,,No Ship Date Available,00:00.0,4501245478,,C9120AX,WIRELESS,ENT. - WIRELESS,CHASSIS,-,-,-,-,Not Defined,9/16/2032 0:00,DEFAULT GROUP,,1016697150,SOUTHAMPTON - 100 HARBOUR PARADE,100 HARBOUR PARADE,,,SOUTHAMPTON,HAMPSHIRE,SO15 1BA,UNITED KINGDOM,No,206345589,Covered,Active,L1NBD,L1NBD,Vendor,Yes,12/1/2024 0:00,1/30/2027 0:00,30400375,USD,121.9,0,4501605158,121.9,,113848222,2238.28,N/A,N/A,N/A,,-,0,No,No,No,-,No,-,No,-,No,-,Active,-,Include,0,0,Include,14327,NULL,NULL
Demo,75578279,Cisco,-,FVH123575,123456908,Parent,C9120AXI-E,1,C9120AX Internal 802.11ax 4x4:4 MIMO;IOT;BT5;mGig;USB;RHL,,,,No Ship Date Available,00:00.0,4501245478,,C9120AX,WIRELESS,ENT. - WIRELESS,CHASSIS,-,-,-,-,Not Defined,9/16/2032 0:00,DEFAULT GROUP,,1016697150,SOUTHAMPTON - 100 HARBOUR PARADE,100 HARBOUR PARADE,,,SOUTHAMPTON,HAMPSHIRE,SO15 1BA,UNITED KINGDOM,No,206345589,Covered,Active,L1NBD,L1NBD,Vendor,Yes,12/1/2024 0:00,1/30/2027 0:00,30400375,USD,121.9,0,4501605158,121.9,,113848222,2238.28,N/A,N/A,N/A,,-,0,No,No,No,-,No,-,No,-,No,-,Active,-,Include,0,0,Include,14327,NULL,NULL
Demo,75578287,Cisco,-,FVH123576,123456909,Parent,C9120AXI-E,1,C9120AX Internal 802.11ax 4x4:4 MIMO;IOT;BT5;mGig;USB;RHL,,,,No Ship Date Available,00:00.0,4501245478,,C9120AX,WIRELESS,ENT. - WIRELESS,CHASSIS,-,-,-,-,Not Defined,9/16/2032 0:00,DEFAULT GROUP,,1016697150,SOUTHAMPTON - 100 HARBOUR PARADE,100 HARBOUR PARADE,,,SOUTHAMPTON,HAMPSHIRE,SO15 1BA,UNITED KINGDOM,No,206345589,Covered,Active,L1NBD,L1NBD,Vendor,Yes,12/1/2024 0:00,1/30/2027 0:00,30400375,USD,121.9,0,4501605158,121.9,,113848222,2238.28,N/A,N/A,N/A,,-,0,No,No,No,-,No,-,No,-,No,-,Active,-,Include,0,0,Include,14327,NULL,NULL
Demo,75578295,Cisco,-,FVH123577,123456910,Parent,C9120AXI-E,1,C9120AX Internal 802.11ax 4x4:4 MIMO;IOT;BT5;mGig;USB;RHL,,,,No Ship Date Available,00:00.0,4501245478,,C9120AX,WIRELESS,ENT. - WIRELESS,CHASSIS,-,-,-,-,Not Defined,9/16/2032 0:00,DEFAULT GROUP,,1016697150,SOUTHAMPTON - 100 HARBOUR PARADE,100 HARBOUR PARADE,,,SOUTHAMPTON,HAMPSHIRE,SO15 1BA,UNITED KINGDOM,No,206345589,Covered,Active,L1NBD,L1NBD,Vendor,Yes,12/1/2024 0:00,1/30/2027 0:00,30400375,USD,121.9,0,4501605158,121.9,,113848222,2238.28,N/A,N/A,N/A,,-,0,No,No,No,-,No,-,No,-,No,-,Active,-,Include,0,0,Include,14327,NULL,NULL
Demo,75578303,Cisco,-,FVH123578,123456911,Parent,C9120AXI-E,1,C9120AX Internal 802.11ax 4x4:4 MIMO;IOT;BT5;mGig;USB;RHL,,,,No Ship Date Available,00:00.0,4501245478,,C9120AX,WIRELESS,ENT. - WIRELESS,CHASSIS,-,-,-,-,Not Defined,9/16/2032 0:00,DEFAULT GROUP,,1016697150,SOUTHAMPTON - 100 HARBOUR PARADE,100 HARBOUR PARADE,,,SOUTHAMPTON,HAMPSHIRE,SO15 1BA,UNITED KINGDOM,No,206345589,Covered,Active,L1NBD,L1NBD,Vendor,Yes,12/1/2024 0:00,1/30/2027 0:00,30400375,USD,121.9,0,4501605158,121.9,,113848222,2238.28,N/A,N/A,N/A,,-,0,No,No,No,-,No,-,No,-,No,-,Active,-,Include,0,0,Include,14327,NULL,NULL
Demo,75578311,Cisco,-,FVH123579,123456912,Parent,C9120AXI-E,1,C9120AX Internal 802.11ax 4x4:4 MIMO;IOT;BT5;mGig;USB;RHL,,,,No Ship Date Available,00:00.0,4501245478,,C9120AX,WIRELESS,ENT. - WIRELESS,CHASSIS,-,-,-,-,Not Defined,9/16/2032 0:00,DEFAULT GROUP,,1016697150,SOUTHAMPTON - 100 HARBOUR PARADE,100 HARBOUR PARADE,,,SOUTHAMPTON,HAMPSHIRE,SO15 1BA,UNITED KINGDOM,No,206345589,Covered,Active,L1NBD,L1NBD,Vendor,Yes,12/1/2024 0:00,1/30/2027 0:00,30400375,USD,121.9,0,4501605158,121.9,,113848222,2238.28,N/A,N/A,N/A,,-,0,No,No,No,-,No,-,No,-,No,-,Active,-,Include,0,0,Include,14327,NULL,NULL
Demo,75578319,Cisco,-,FVH123580,123456913,Parent,C9120AXI-E,1,C9120AX Internal 802.11ax 4x4:4 MIMO;IOT;BT5;mGig;USB;RHL,,,,No Ship Date Available,00:00.0,4501245478,,C9120AX,WIRELESS,ENT. - WIRELESS,CHASSIS,-,-,-,-,Not Defined,9/16/2032 0:00,DEFAULT GROUP,,1016697150,SOUTHAMPTON - 100 HARBOUR PARADE,100 HARBOUR PARADE,,,SOUTHAMPTON,HAMPSHIRE,SO15 1BA,UNITED KINGDOM,No,206345589,Covered,Active,L1NBD,L1NBD,Vendor,Yes,12/1/2024 0:00,1/30/2027 0:00,30400375,USD,121.9,0,4501605158,121.9,,113848222,2238.28,N/A,N/A,N/A,,-,0,No,No,No,-,No,-,No,-,No,-,Active,-,Include,0,0,Include,14327,NULL,NULL
Demo,75578327,Cisco,-,FVH123581,123456914,Parent,C9120AXI-E,1,C9120AX Internal 802.11ax 4x4:4 MIMO;IOT;BT5;mGig;USB;RHL,,,,No Ship Date Available,00:00.0,4501245478,,C9120AX,WIRELESS,ENT. - WIRELESS,CHASSIS,-,-,-,-,Not Defined,9/16/2032 0:00,DEFAULT GROUP,,1016697150,SOUTHAMPTON - 100 HARBOUR PARADE,100 HARBOUR PARADE,,,SOUTHAMPTON,HAMPSHIRE,SO15 1BA,UNITED KINGDOM,No,206345589,Covered,Active,L1NBD,L1NBD,Vendor,Yes,12/1/2024 0:00,1/30/2027 0:00,30400375,USD,121.9,0,4501605158,121.9,,113848222,2238.28,N/A,N/A,N/A,,-,0,No,No,No,-,No,-,No,-,No,-,Active,-,Include,0,0,Include,14327,NULL,NULL
Demo,75578335,Cisco,-,FVH123582,123456915,Parent,C9120AXI-E,1,C9120AX Internal 802.11ax 4x4:4 MIMO;IOT;BT5;mGig;USB;RHL,,,,No Ship Date Available,00:00.0,4501245478,,C9120AX,WIRELESS,ENT. - WIRELESS,CHASSIS,-,-,-,-,Not Defined,9/16/2032 0:00,DEFAULT GROUP,,1016697150,SOUTHAMPTON - 100 HARBOUR PARADE,100 HARBOUR PARADE,,,SOUTHAMPTON,HAMPSHIRE,SO15 1BA,UNITED KINGDOM,No,206345589,Covered,Active,L1NBD,L1NBD,Vendor,Yes,12/1/2024 0:00,1/30/2027 0:00,30400375,USD,121.9,0,4501605158,121.9,,113848222,2238.28,N/A,N/A,N/A,,-,0,No,No,No,-,No,-,No,-,No,-,Active,-,Include,0,0,Include,14327,NULL,NULL
Demo,75578343,Cisco,-,FVH123583,123456916,Parent,C9120AXI-E,1,C9120AX Internal 802.11ax 4x4:4 MIMO;IOT;BT5;mGig;USB;RHL,,,,No Ship Date Available,00:00.0,4501245478,,C9120AX,WIRELESS,ENT. - WIRELESS,CHASSIS,-,-,-,-,Not Defined,9/16/2032 0:00,DEFAULT GROUP,,1016697150,SOUTHAMPTON - 100 HARBOUR PARADE,100 HARBOUR PARADE,,,SOUTHAMPTON,HAMPSHIRE,SO15 1BA,UNITED KINGDOM,No,206345589,Covered,Active,L1NBD,L1NBD,Vendor,Yes,12/1/2024 0:00,1/30/2027 0:00,30400375,USD,121.9,0,4501605158,121.9,,113848222,2238.28,N/A,N/A,N/A,,-,0,No,No,No,-,No,-,No,-,No,-,Active,-,Include,0,0,Include,14327,NULL,NULL
Demo,75578486,Cisco,-,FVH123584,123456917,Parent,C9120AXI-E,1,C9120AX Internal 802.11ax 4x4:4 MIMO;IOT;BT5;mGig;USB;RHL,,,,No Ship Date Available,00:00.0,4501245478,,C9120AX,WIRELESS,ENT. - WIRELESS,CHASSIS,-,-,-,-,Not Defined,9/16/2032 0:00,DEFAULT GROUP,,1016697150,SOUTHAMPTON - 100 HARBOUR PARADE,100 HARBOUR PARADE,,,SOUTHAMPTON,HAMPSHIRE,SO15 1BA,UNITED KINGDOM,No,206345589,Covered,Active,L1NBD,L1NBD,Vendor,Yes,12/1/2024 0:00,1/30/2027 0:00,30400375,USD,121.9,0,4501605158,121.9,,113848222,2238.28,N/A,N/A,N/A,,-,0,No,No,No,-,No,-,No,-,No,-,Active,-,Include,0,0,Include,14327,NULL,NULL
Demo,75578494,Cisco,-,FVH123585,123456918,Parent,C9120AXI-E,1,C9120AX Internal 802.11ax 4x4:4 MIMO;IOT;BT5;mGig;USB;RHL,,,,No Ship Date Available,00:00.0,4501245478,,C9120AX,WIRELESS,ENT. - WIRELESS,CHASSIS,-,-,-,-,Not Defined,9/16/2032 0:00,DEFAULT GROUP,,1016697150,SOUTHAMPTON - 100 HARBOUR PARADE,100 HARBOUR PARADE,,,SOUTHAMPTON,HAMPSHIRE,SO15 1BA,UNITED KINGDOM,No,206345589,Covered,Active,L1NBD,L1NBD,Vendor,Yes,12/1/2024 0:00,1/30/2027 0:00,30400375,USD,121.9,0,4501605158,121.9,,113848222,2238.28,N/A,N/A,N/A,,-,0,No,No,No,-,No,-,No,-,No,-,Active,-,Include,0,0,Include,14327,NULL,NULL
Demo,75578502,Cisco,-,FVH123586,123456919,Parent,C9120AXI-E,1,C9120AX Internal 802.11ax 4x4:4 MIMO;IOT;BT5;mGig;USB;RHL,,,,No Ship Date Available,00:00.0,4501245478,,C9120AX,WIRELESS,ENT. - WIRELESS,CHASSIS,-,-,-,-,Not Defined,9/16/2032 0:00,DEFAULT GROUP,,1016697150,SOUTHAMPTON - 100 HARBOUR PARADE,100 HARBOUR PARADE,,,SOUTHAMPTON,HAMPSHIRE,SO15 1BA,UNITED KINGDOM,No,206345589,Covered,Active,L1NBD,L1NBD,Vendor,Yes,12/1/2024 0:00,1/30/2027 0:00,30400375,USD,121.9,0,4501605158,121.9,,113848222,2238.28,N/A,N/A,N/A,,-,0,No,No,No,-,No,-,No,-,No,-,Active,-,Include,0,0,Include,14327,NULL,NULL
Demo,75578510,Cisco,-,FVH123587,123456920,Parent,C9120AXI-E,1,C9120AX Internal 802.11ax 4x4:4 MIMO;IOT;BT5;mGig;USB;RHL,,,,No Ship Date Available,00:00.0,4501245478,,C9120AX,WIRELESS,ENT. - WIRELESS,CHASSIS,-,-,-,-,Not Defined,9/16/2032 0:00,DEFAULT GROUP,,1016697150,SOUTHAMPTON - 100 HARBOUR PARADE,100 HARBOUR PARADE,,,SOUTHAMPTON,HAMPSHIRE,SO15 1BA,UNITED KINGDOM,No,206345589,Covered,Active,L1NBD,L1NBD,Vendor,Yes,12/1/2024 0:00,1/30/2027 0:00,30400375,USD,121.9,0,4501605158,121.9,,113848222,2238.28,N/A,N/A,N/A,,-,0,No,No,No,-,No,-,No,-,No,-,Active,-,Include,0,0,Include,14327,NULL,NULL
Demo,75578518,Cisco,-,FVH123588,123456921,Parent,C9120AXI-E,1,C9120AX Internal 802.11ax 4x4:4 MIMO;IOT;BT5;mGig;USB;RHL,,,,No Ship Date Available,00:00.0,4501245478,,C9120AX,WIRELESS,ENT. - WIRELESS,CHASSIS,-,-,-,-,Not Defined,9/16/2032 0:00,DEFAULT GROUP,,1016697150,SOUTHAMPTON - 100 HARBOUR PARADE,100 HARBOUR PARADE,,,SOUTHAMPTON,HAMPSHIRE,SO15 1BA,UNITED KINGDOM,No,206345589,Covered,Active,L1NBD,L1NBD,Vendor,Yes,12/1/2024 0:00,1/30/2027 0:00,30400375,USD,121.9,0,4501605158,121.9,,113848222,2238.28,N/A,N/A,N/A,,-,0,No,No,No,-,No,-,No,-,No,-,Active,-,Include,0,0,Include,14327,NULL,NULL
Demo,75578526,Cisco,-,FVH123589,123456922,Parent,C9120AXI-E,1,C9120AX Internal 802.11ax 4x4:4 MIMO;IOT;BT5;mGig;USB;RHL,,,,No Ship Date Available,00:00.0,4501245478,,C9120AX,WIRELESS,ENT. - WIRELESS,CHASSIS,-,-,-,-,Not Defined,9/16/2032 0:00,DEFAULT GROUP,,1016697150,SOUTHAMPTON - 100 HARBOUR PARADE,100 HARBOUR PARADE,,,SOUTHAMPTON,HAMPSHIRE,SO15 1BA,UNITED KINGDOM,No,206345589,Covered,Active,L1NBD,L1NBD,Vendor,Yes,12/1/2024 0:00,1/30/2027 0:00,30400375,USD,121.9,0,4501605158,121.9,,113848222,2238.28,N/A,N/A,N/A,,-,0,No,No,No,-,No,-,No,-,No,-,Active,-,Include,0,0,Include,14327,NULL,NULL
Demo,75578534,Cisco,-,FVH123590,123456923,Parent,C9120AXI-E,1,C9120AX Internal 802.11ax 4x4:4 MIMO;IOT;BT5;mGig;USB;RHL,,,,No Ship Date Available,00:00.0,4501245478,,C9120AX,WIRELESS,ENT. - WIRELESS,CHASSIS,-,-,-,-,Not Defined,9/16/2032 0:00,DEFAULT GROUP,,1016697150,SOUTHAMPTON - 100 HARBOUR PARADE,100 HARBOUR PARADE,,,SOUTHAMPTON,HAMPSHIRE,SO15 1BA,UNITED KINGDOM,No,206345589,Covered,Active,L1NBD,L1NBD,Vendor,Yes,12/1/2024 0:00,1/30/2027 0:00,30400375,USD,121.9,0,4501605158,121.9,,113848222,2238.28,N/A,N/A,N/A,,-,0,No,No,No,-,No,-,No,-,No,-,Active,-,Include,0,0,Include,14327,NULL,NULL
Demo,75578542,Cisco,-,FVH123591,123456924,Parent,C9120AXI-E,1,C9120AX Internal 802.11ax 4x4:4 MIMO;IOT;BT5;mGig;USB;RHL,,,,No Ship Date Available,00:00.0,4501245478,,C9120AX,WIRELESS,ENT. - WIRELESS,CHASSIS,-,-,-,-,Not Defined,9/16/2032 0:00,DEFAULT GROUP,,1016697150,SOUTHAMPTON - 100 HARBOUR PARADE,100 HARBOUR PARADE,,,SOUTHAMPTON,HAMPSHIRE,SO15 1BA,UNITED KINGDOM,No,206345589,Covered,Active,L1NBD,L1NBD,Vendor,Yes,12/1/2024 0:00,1/30/2027 0:00,30400375,USD,121.9,0,4501605158,121.9,,113848222,2238.28,N/A,N/A,N/A,,-,0,No,No,No,-,No,-,No,-,No,-,Active,-,Include,0,0,Include,14327,NULL,NULL
Demo,75578550,Cisco,-,FVH123592,123456925,Parent,C9120AXI-E,1,C9120AX Internal 802.11ax 4x4:4 MIMO;IOT;BT5;mGig;USB;RHL,,,,No Ship Date Available,00:00.0,4501245478,,C9120AX,WIRELESS,ENT. - WIRELESS,CHASSIS,-,-,-,-,Not Defined,9/16/2032 0:00,DEFAULT GROUP,,1016697150,SOUTHAMPTON - 100 HARBOUR PARADE,100 HARBOUR PARADE,,,SOUTHAMPTON,HAMPSHIRE,SO15 1BA,UNITED KINGDOM,No,206345589,Covered,Active,L1NBD,L1NBD,Vendor,Yes,12/1/2024 0:00,1/30/2027 0:00,30400375,USD,121.9,0,4501605158,121.9,,113848222,2238.28,N/A,N/A,N/A,,-,0,No,No,No,-,No,-,No,-,No,-,Active,-,Include,0,0,Include,14327,NULL,NULL
Demo,75578558,Cisco,-,FVH123593,123456926,Parent,C9120AXI-E,1,C9120AX Internal 802.11ax 4x4:4 MIMO;IOT;BT5;mGig;USB;RHL,,,,No Ship Date Available,00:00.0,4501245478,,C9120AX,WIRELESS,ENT. - WIRELESS,CHASSIS,-,-,-,-,Not Defined,9/16/2032 0:00,DEFAULT GROUP,,1016697150,SOUTHAMPTON - 100 HARBOUR PARADE,100 HARBOUR PARADE,,,SOUTHAMPTON,HAMPSHIRE,SO15 1BA,UNITED KINGDOM,No,206345589,Covered,Active,L1NBD,L1NBD,Vendor,Yes,12/1/2024 0:00,1/30/2027 0:00,30400375,USD,121.9,0,4501605158,121.9,,113848222,2238.28,N/A,N/A,N/A,,-,0,No,No,No,-,No,-,No,-,No,-,Active,-,Include,0,0,Include,14327,NULL,NULL
Demo,75578566,Cisco,-,FVH123594,123456927,Parent,C9120AXI-E,1,C9120AX Internal 802.11ax 4x4:4 MIMO;IOT;BT5;mGig;USB;RHL,,,,No Ship Date Available,00:00.0,4501245478,,C9120AX,WIRELESS,ENT. - WIRELESS,CHASSIS,-,-,-,-,Not Defined,9/16/2032 0:00,DEFAULT GROUP,,1016697150,SOUTHAMPTON - 100 HARBOUR PARADE,100 HARBOUR PARADE,,,SOUTHAMPTON,HAMPSHIRE,SO15 1BA,UNITED KINGDOM,No,206345589,Covered,Active,L1NBD,L1NBD,Vendor,Yes,12/1/2024 0:00,1/30/2027 0:00,30400375,USD,121.9,0,4501605158,121.9,,113848222,2238.28,N/A,N/A,N/A,,-,0,No,No,No,-,No,-,No,-,No,-,Active,-,Include,0,0,Include,14327,NULL,NULL
Demo,75578574,Cisco,-,FVH123595,123456928,Parent,C9120AXI-E,1,C9120AX Internal 802.11ax 4x4:4 MIMO;IOT;BT5;mGig;USB;RHL,,,,No Ship Date Available,00:00.0,4501245478,,C9120AX,WIRELESS,ENT. - WIRELESS,CHASSIS,-,-,-,-,Not Defined,9/16/2032 0:00,DEFAULT GROUP,,1016697150,SOUTHAMPTON - 100 HARBOUR PARADE,100 HARBOUR PARADE,,,SOUTHAMPTON,HAMPSHIRE,SO15 1BA,UNITED KINGDOM,No,206345589,Covered,Active,L1NBD,L1NBD,Vendor,Yes,12/1/2024 0:00,1/30/2027 0:00,30400375,USD,121.9,0,4501605158,121.9,,113848222,2238.28,N/A,N/A,N/A,,-,0,No,No,No,-,No,-,No,-,No,-,Active,-,Include,0,0,Include,14327,NULL,NULL
Demo,75578582,Cisco,-,FVH123596,123456929,Parent,C9120AXI-E,1,C9120AX Internal 802.11ax 4x4:4 MIMO;IOT;BT5;mGig;USB;RHL,,,,No Ship Date Available,00:00.0,4501245478,,C9120AX,WIRELESS,ENT. - WIRELESS,CHASSIS,-,-,-,-,Not Defined,9/16/2032 0:00,DEFAULT GROUP,,1016697150,SOUTHAMPTON - 100 HARBOUR PARADE,100 HARBOUR PARADE,,,SOUTHAMPTON,HAMPSHIRE,SO15 1BA,UNITED KINGDOM,No,206345589,Covered,Active,L1NBD,L1NBD,Vendor,Yes,12/1/2024 0:00,1/30/2027 0:00,30400375,USD,121.9,0,4501605158,121.9,,113848222,2238.28,N/A,N/A,N/A,,-,0,No,No,No,-,No,-,No,-,No,-,Active,-,Include,0,0,Include,14327,NULL,NULL
Demo,75578590,Cisco,-,FVH123597,123456930,Parent,C9120AXI-E,1,C9120AX Internal 802.11ax 4x4:4 MIMO;IOT;BT5;mGig;USB;RHL,,,,No Ship Date Available,00:00.0,4501245478,,C9120AX,WIRELESS,ENT. - WIRELESS,CHASSIS,-,-,-,-,Not Defined,9/16/2032 0:00,DEFAULT GROUP,,1016697150,SOUTHAMPTON - 100 HARBOUR PARADE,100 HARBOUR PARADE,,,SOUTHAMPTON,HAMPSHIRE,SO15 1BA,UNITED KINGDOM,No,206345589,Covered,Active,L1NBD,L1NBD,Vendor,Yes,12/1/2024 0:00,1/30/2027 0:00,30400375,USD,121.9,0,4501605158,121.9,,113848222,2238.28,N/A,N/A,N/A,,-,0,No,No,No,-,No,-,No,-,No,-,Active,-,Include,0,0,Include,14327,NULL,NULL
Demo,75578598,Cisco,-,FVH123598,123456931,Parent,C9120AXI-E,1,C9120AX Internal 802.11ax 4x4:4 MIMO;IOT;BT5;mGig;USB;RHL,,,,No Ship Date Available,00:00.0,4501245478,,C9120AX,WIRELESS,ENT. - WIRELESS,CHASSIS,-,-,-,-,Not Defined,9/16/2032 0:00,DEFAULT GROUP,,1016697150,SOUTHAMPTON - 100 HARBOUR PARADE,100 HARBOUR PARADE,,,SOUTHAMPTON,HAMPSHIRE,SO15 1BA,UNITED KINGDOM,No,206345589,Covered,Active,L1NBD,L1NBD,Vendor,Yes,12/1/2024 0:00,1/30/2027 0:00,30400375,USD,121.9,0,4501605158,121.9,,113848222,2238.28,N/A,N/A,N/A,,-,0,No,No,No,-,No,-,No,-,No,-,Active,-,Include,0,0,Include,14327,NULL,NULL
Demo,75578620,Cisco,-,FVH123599,123456932,Parent,C9120AXI-E,1,C9120AX Internal 802.11ax 4x4:4 MIMO;IOT;BT5;mGig;USB;RHL,,,,No Ship Date Available,00:00.0,4501245478,,C9120AX,WIRELESS,ENT. - WIRELESS,CHASSIS,-,-,-,-,Not Defined,9/16/2032 0:00,DEFAULT GROUP,,1016697150,SOUTHAMPTON - 100 HARBOUR PARADE,100 HARBOUR PARADE,,,SOUTHAMPTON,HAMPSHIRE,SO15 1BA,UNITED KINGDOM,No,206345589,Covered,Active,L1NBD,L1NBD,Vendor,Yes,12/1/2024 0:00,1/30/2027 0:00,30400375,USD,121.9,0,4501605158,121.9,,113848222,2238.28,N/A,N/A,N/A,,-,0,No,No,No,-,No,-,No,-,No,-,Active,-,Include,0,0,Include,14327,NULL,NULL
Demo,75578628,Cisco,-,FVH123600,123456933,Parent,C9120AXI-E,1,C9120AX Internal 802.11ax 4x4:4 MIMO;IOT;BT5;mGig;USB;RHL,,,,No Ship Date Available,00:00.0,4501245478,,C9120AX,WIRELESS,ENT. - WIRELESS,CHASSIS,-,-,-,-,Not Defined,9/16/2032 0:00,DEFAULT GROUP,,1016697150,SOUTHAMPTON - 100 HARBOUR PARADE,100 HARBOUR PARADE,,,SOUTHAMPTON,HAMPSHIRE,SO15 1BA,UNITED KINGDOM,No,206345589,Covered,Active,L1NBD,L1NBD,Vendor,Yes,12/1/2024 0:00,1/30/2027 0:00,30400375,USD,121.9,0,4501605158,121.9,,113848222,2238.28,N/A,N/A,N/A,,-,0,No,No,No,-,No,-,No,-,No,-,Active,-,Include,0,0,Include,14327,NULL,NULL
Demo,75578636,Cisco,-,FVH123601,123456934,Parent,C9120AXI-E,1,C9120AX Internal 802.11ax 4x4:4 MIMO;IOT;BT5;mGig;USB;RHL,,,,No Ship Date Available,00:00.0,4501245478,,C9120AX,WIRELESS,ENT. - WIRELESS,CHASSIS,-,-,-,-,Not Defined,9/16/2032 0:00,DEFAULT GROUP,,1016697150,SOUTHAMPTON - 100 HARBOUR PARADE,100 HARBOUR PARADE,,,SOUTHAMPTON,HAMPSHIRE,SO15 1BA,UNITED KINGDOM,No,206345589,Covered,Active,L1NBD,L1NBD,Vendor,Yes,12/1/2024 0:00,1/30/2027 0:00,30400375,USD,121.9,0,4501605158,121.9,,113848222,2238.28,N/A,N/A,N/A,,-,0,No,No,No,-,No,-,No,-,No,-,Active,-,Include,0,0,Include,14327,NULL,NULL
Demo,75578644,Cisco,-,FVH123602,123456935,Parent,C9120AXI-E,1,C9120AX Internal 802.11ax 4x4:4 MIMO;IOT;BT5;mGig;USB;RHL,,,,No Ship Date Available,00:00.0,4501245478,,C9120AX,WIRELESS,ENT. - WIRELESS,CHASSIS,-,-,-,-,Not Defined,9/16/2032 0:00,DEFAULT GROUP,,1016697150,SOUTHAMPTON - 100 HARBOUR PARADE,100 HARBOUR PARADE,,,SOUTHAMPTON,HAMPSHIRE,SO15 1BA,UNITED KINGDOM,No,206345589,Covered,Active,L1NBD,L1NBD,Vendor,Yes,12/1/2024 0:00,1/30/2027 0:00,30400375,USD,121.9,0,4501605158,121.9,,113848222,2238.28,N/A,N/A,N/A,,-,0,No,No,No,-,No,-,No,-,No,-,Active,-,Include,0,0,Include,14327,NULL,NULL
Demo,75578652,Cisco,-,FVH123603,123456936,Parent,C9120AXI-E,1,C9120AX Internal 802.11ax 4x4:4 MIMO;IOT;BT5;mGig;USB;RHL,,,,No Ship Date Available,00:00.0,4501245478,,C9120AX,WIRELESS,ENT. - WIRELESS,CHASSIS,-,-,-,-,Not Defined,9/16/2032 0:00,DEFAULT GROUP,,1016697150,SOUTHAMPTON - 100 HARBOUR PARADE,100 HARBOUR PARADE,,,SOUTHAMPTON,HAMPSHIRE,SO15 1BA,UNITED KINGDOM,No,206345589,Covered,Active,L1NBD,L1NBD,Vendor,Yes,12/1/2024 0:00,1/30/2027 0:00,30400375,USD,121.9,0,4501605158,121.9,,113848222,2238.28,N/A,N/A,N/A,,-,0,No,No,No,-,No,-,No,-,No,-,Active,-,Include,0,0,Include,14327,NULL,NULL
Demo,75578660,Cisco,-,FVH123604,123456937,Parent,C9120AXI-E,1,C9120AX Internal 802.11ax 4x4:4 MIMO;IOT;BT5;mGig;USB;RHL,,,,No Ship Date Available,00:00.0,4501245478,,C9120AX,WIRELESS,ENT. - WIRELESS,CHASSIS,-,-,-,-,Not Defined,9/16/2032 0:00,DEFAULT GROUP,,1016697150,SOUTHAMPTON - 100 HARBOUR PARADE,100 HARBOUR PARADE,,,SOUTHAMPTON,HAMPSHIRE,SO15 1BA,UNITED KINGDOM,No,206345589,Covered,Active,L1NBD,L1NBD,Vendor,Yes,12/1/2024 0:00,1/30/2027 0:00,30400375,USD,121.9,0,4501605158,121.9,,113848222,2238.28,N/A,N/A,N/A,,-,0,No,No,No,-,No,-,No,-,No,-,Active,-,Include,0,0,Include,14327,NULL,NULL
Demo,75578668,Cisco,-,FVH123605,123456938,Parent,C9120AXI-E,1,C9120AX Internal 802.11ax 4x4:4 MIMO;IOT;BT5;mGig;USB;RHL,,,,No Ship Date Available,00:00.0,4501245478,,C9120AX,WIRELESS,ENT. - WIRELESS,CHASSIS,-,-,-,-,Not Defined,9/16/2032 0:00,DEFAULT GROUP,,1016697150,SOUTHAMPTON - 100 HARBOUR PARADE,100 HARBOUR PARADE,,,SOUTHAMPTON,HAMPSHIRE,SO15 1BA,UNITED KINGDOM,No,206345589,Covered,Active,L1NBD,L1NBD,Vendor,Yes,12/1/2024 0:00,1/30/2027 0:00,30400375,USD,121.9,0,4501605158,121.9,,113848222,2238.28,N/A,N/A,N/A,,-,0,No,No,No,-,No,-,No,-,No,-,Active,-,Include,0,0,Include,14327,NULL,NULL
Demo,75578676,Cisco,-,FVH123606,123456939,Parent,C9120AXI-E,1,C9120AX Internal 802.11ax 4x4:4 MIMO;IOT;BT5;mGig;USB;RHL,,,,No Ship Date Available,00:00.0,4501245478,,C9120AX,WIRELESS,ENT. - WIRELESS,CHASSIS,-,-,-,-,Not Defined,9/16/2032 0:00,DEFAULT GROUP,,1016697150,SOUTHAMPTON - 100 HARBOUR PARADE,100 HARBOUR PARADE,,,SOUTHAMPTON,HAMPSHIRE,SO15 1BA,UNITED KINGDOM,No,206345589,Covered,Active,L1NBD,L1NBD,Vendor,Yes,12/1/2024 0:00,1/30/2027 0:00,30400375,USD,121.9,0,4501605158,121.9,,113848222,2238.28,N/A,N/A,N/A,,-,0,No,No,No,-,No,-,No,-,No,-,Active,-,Include,0,0,Include,14327,NULL,NULL
Demo,75578684,Cisco,-,FVH123607,123456940,Parent,C9120AXI-E,1,C9120AX Internal 802.11ax 4x4:4 MIMO;IOT;BT5;mGig;USB;RHL,,,,No Ship Date Available,00:00.0,4501245478,,C9120AX,WIRELESS,ENT. - WIRELESS,CHASSIS,-,-,-,-,Not Defined,9/16/2032 0:00,DEFAULT GROUP,,1016697150,SOUTHAMPTON - 100 HARBOUR PARADE,100 HARBOUR PARADE,,,SOUTHAMPTON,HAMPSHIRE,SO15 1BA,UNITED KINGDOM,No,206345589,Covered,Active,L1NBD,L1NBD,Vendor,Yes,12/1/2024 0:00,1/30/2027 0:00,30400375,USD,121.9,0,4501605158,121.9,,113848222,2238.28,N/A,N/A,N/A,,-,0,No,No,No,-,No,-,No,-,No,-,Active,-,Include,0,0,Include,14327,NULL,NULL
Demo,75578692,Cisco,-,FVH123608,123456941,Parent,C9120AXI-E,1,C9120AX Internal 802.11ax 4x4:4 MIMO;IOT;BT5;mGig;USB;RHL,,,,No Ship Date Available,00:00.0,4501245478,,C9120AX,WIRELESS,ENT. - WIRELESS,CHASSIS,-,-,-,-,Not Defined,9/16/2032 0:00,DEFAULT GROUP,,1016697150,SOUTHAMPTON - 100 HARBOUR PARADE,100 HARBOUR PARADE,,,SOUTHAMPTON,HAMPSHIRE,SO15 1BA,UNITED KINGDOM,No,206345589,Covered,Active,L1NBD,L1NBD,Vendor,Yes,12/1/2024 0:00,1/30/2027 0:00,30400375,USD,121.9,0,4501605158,121.9,,113848222,2238.28,N/A,N/A,N/A,,-,0,No,No,No,-,No,-,No,-,No,-,Active,-,Include,0,0,Include,14327,NULL,NULL
Demo,75578700,Cisco,-,FVH123609,123456942,Parent,C9120AXI-E,1,C9120AX Internal 802.11ax 4x4:4 MIMO;IOT;BT5;mGig;USB;RHL,,,,No Ship Date Available,00:00.0,4501245478,,C9120AX,WIRELESS,ENT. - WIRELESS,CHASSIS,-,-,-,-,Not Defined,9/16/2032 0:00,DEFAULT GROUP,,1016697150,SOUTHAMPTON - 100 HARBOUR PARADE,100 HARBOUR PARADE,,,SOUTHAMPTON,HAMPSHIRE,SO15 1BA,UNITED KINGDOM,No,206345589,Covered,Active,L1NBD,L1NBD,Vendor,Yes,12/1/2024 0:00,1/30/2027 0:00,30400375,USD,121.9,0,4501605158,121.9,,113848222,2238.28,N/A,N/A,N/A,,-,0,No,No,No,-,No,-,No,-,No,-,Active,-,Include,0,0,Include,14327,NULL,NULL
Demo,75578725,Cisco,-,FVH123610,123456943,Parent,C9120AXI-E,1,C9120AX Internal 802.11ax 4x4:4 MIMO;IOT;BT5;mGig;USB;RHL,,,,No Ship Date Available,00:00.0,4501245478,,C9120AX,WIRELESS,ENT. - WIRELESS,CHASSIS,-,-,-,-,Not Defined,9/16/2032 0:00,DEFAULT GROUP,,1016697150,SOUTHAMPTON - 100 HARBOUR PARADE,100 HARBOUR PARADE,,,SOUTHAMPTON,HAMPSHIRE,SO15 1BA,UNITED KINGDOM,No,206345589,Covered,Active,L1NBD,L1NBD,Vendor,Yes,12/1/2024 0:00,1/30/2027 0:00,30400375,USD,121.9,0,4501605158,121.9,,113848222,2238.28,N/A,N/A,N/A,,-,0,No,No,No,-,No,-,No,-,No,-,Active,-,Include,0,0,Include,14327,NULL,NULL
Demo,75578733,Cisco,-,FVH123611,123456944,Parent,C9120AXI-E,1,C9120AX Internal 802.11ax 4x4:4 MIMO;IOT;BT5;mGig;USB;RHL,,,,No Ship Date Available,00:00.0,4501245478,,C9120AX,WIRELESS,ENT. - WIRELESS,CHASSIS,-,-,-,-,Not Defined,9/16/2032 0:00,DEFAULT GROUP,,1016697150,SOUTHAMPTON - 100 HARBOUR PARADE,100 HARBOUR PARADE,,,SOUTHAMPTON,HAMPSHIRE,SO15 1BA,UNITED KINGDOM,No,206345589,Covered,Active,L1NBD,L1NBD,Vendor,Yes,12/1/2024 0:00,1/30/2027 0:00,30400375,USD,121.9,0,4501605158,121.9,,113848222,2238.28,N/A,N/A,N/A,,-,0,No,No,No,-,No,-,No,-,No,-,Active,-,Include,0,0,Include,14327,NULL,NULL
Demo,75578900,Cisco,-,FVH123612,123456945,Parent,C9120AXI-E,1,C9120AX Internal 802.11ax 4x4:4 MIMO;IOT;BT5;mGig;USB;RHL,,,,No Ship Date Available,00:00.0,4501245478,,C9120AX,WIRELESS,ENT. - WIRELESS,CHASSIS,-,-,-,-,Not Defined,9/16/2032 0:00,DEFAULT GROUP,,1016697150,SOUTHAMPTON - 100 HARBOUR PARADE,100 HARBOUR PARADE,,,SOUTHAMPTON,HAMPSHIRE,SO15 1BA,UNITED KINGDOM,No,206345589,Covered,Active,L1NBD,L1NBD,Vendor,Yes,12/1/2024 0:00,1/30/2027 0:00,30400375,USD,121.9,0,4501605158,121.9,,113848222,2238.28,N/A,N/A,N/A,,-,0,No,No,No,-,No,-,No,-,No,-,Active,-,Include,0,0,Include,14327,NULL,NULL
Demo,75578908,Cisco,-,FVH123613,123456946,Parent,C9120AXI-E,1,C9120AX Internal 802.11ax 4x4:4 MIMO;IOT;BT5;mGig;USB;RHL,,,,No Ship Date Available,00:00.0,4501245478,,C9120AX,WIRELESS,ENT. - WIRELESS,CHASSIS,-,-,-,-,Not Defined,9/16/2032 0:00,DEFAULT GROUP,,1016697150,SOUTHAMPTON - 100 HARBOUR PARADE,100 HARBOUR PARADE,,,SOUTHAMPTON,HAMPSHIRE,SO15 1BA,UNITED KINGDOM,No,206345589,Covered,Active,L1NBD,L1NBD,Vendor,Yes,12/1/2024 0:00,1/30/2027 0:00,30400375,USD,121.9,0,4501605158,121.9,,113848222,2238.28,N/A,N/A,N/A,,-,0,No,No,No,-,No,-,No,-,No,-,Active,-,Include,0,0,Include,14327,NULL,NULL
Demo,75578916,Cisco,-,FVH123614,123456947,Parent,C9120AXI-E,1,C9120AX Internal 802.11ax 4x4:4 MIMO;IOT;BT5;mGig;USB;RHL,,,,No Ship Date Available,00:00.0,4501245478,,C9120AX,WIRELESS,ENT. - WIRELESS,CHASSIS,-,-,-,-,Not Defined,9/16/2032 0:00,DEFAULT GROUP,,1016697150,SOUTHAMPTON - 100 HARBOUR PARADE,100 HARBOUR PARADE,,,SOUTHAMPTON,HAMPSHIRE,SO15 1BA,UNITED KINGDOM,No,206345589,Covered,Active,L1NBD,L1NBD,Vendor,Yes,12/1/2024 0:00,1/30/2027 0:00,30400375,USD,121.9,0,4501605158,121.9,,113848222,2238.28,N/A,N/A,N/A,,-,0,No,No,No,-,No,-,No,-,No,-,Active,-,Include,0,0,Include,14327,NULL,NULL
Demo,75578924,Cisco,-,FVH123615,123456948,Parent,C9120AXI-E,1,C9120AX Internal 802.11ax 4x4:4 MIMO;IOT;BT5;mGig;USB;RHL,,,,No Ship Date Available,00:00.0,4501245478,,C9120AX,WIRELESS,ENT. - WIRELESS,CHASSIS,-,-,-,-,Not Defined,9/16/2032 0:00,DEFAULT GROUP,,1016697150,SOUTHAMPTON - 100 HARBOUR PARADE,100 HARBOUR PARADE,,,SOUTHAMPTON,HAMPSHIRE,SO15 1BA,UNITED KINGDOM,No,206345589,Covered,Active,L1NBD,L1NBD,Vendor,Yes,12/1/2024 0:00,1/30/2027 0:00,30400375,USD,121.9,0,4501605158,121.9,,113848222,2238.28,N/A,N/A,N/A,,-,0,No,No,No,-,No,-,No,-,No,-,Active,-,Include,0,0,Include,14327,NULL,NULL
Demo,75578932,Cisco,-,FVH123616,123456949,Parent,C9120AXI-E,1,C9120AX Internal 802.11ax 4x4:4 MIMO;IOT;BT5;mGig;USB;RHL,,,,No Ship Date Available,00:00.0,4501245478,,C9120AX,WIRELESS,ENT. - WIRELESS,CHASSIS,-,-,-,-,Not Defined,9/16/2032 0:00,DEFAULT GROUP,,1016697150,SOUTHAMPTON - 100 HARBOUR PARADE,100 HARBOUR PARADE,,,SOUTHAMPTON,HAMPSHIRE,SO15 1BA,UNITED KINGDOM,No,206345589,Covered,Active,L1NBD,L1NBD,Vendor,Yes,12/1/2024 0:00,1/30/2027 0:00,30400375,USD,121.9,0,4501605158,121.9,,113848222,2238.28,N/A,N/A,N/A,,-,0,No,No,No,-,No,-,No,-,No,-,Active,-,Include,0,0,Include,14327,NULL,NULL
Demo,75578940,Cisco,-,FVH123617,123456950,Parent,C9120AXI-E,1,C9120AX Internal 802.11ax 4x4:4 MIMO;IOT;BT5;mGig;USB;RHL,,,,No Ship Date Available,00:00.0,4501245478,,C9120AX,WIRELESS,ENT. - WIRELESS,CHASSIS,-,-,-,-,Not Defined,9/16/2032 0:00,DEFAULT GROUP,,1016697150,SOUTHAMPTON - 100 HARBOUR PARADE,100 HARBOUR PARADE,,,SOUTHAMPTON,HAMPSHIRE,SO15 1BA,UNITED KINGDOM,No,206345589,Covered,Active,L1NBD,L1NBD,Vendor,Yes,12/1/2024 0:00,1/30/2027 0:00,30400375,USD,121.9,0,4501605158,121.9,,113848222,2238.28,N/A,N/A,N/A,,-,0,No,No,No,-,No,-,No,-,No,-,Active,-,Include,0,0,Include,14327,NULL,NULL
Demo,75578948,Cisco,-,FVH123618,123456951,Parent,C9120AXI-E,1,C9120AX Internal 802.11ax 4x4:4 MIMO;IOT;BT5;mGig;USB;RHL,,,,No Ship Date Available,00:00.0,4501245478,,C9120AX,WIRELESS,ENT. - WIRELESS,CHASSIS,-,-,-,-,Not Defined,9/16/2032 0:00,DEFAULT GROUP,,1016697150,SOUTHAMPTON - 100 HARBOUR PARADE,100 HARBOUR PARADE,,,SOUTHAMPTON,HAMPSHIRE,SO15 1BA,UNITED KINGDOM,No,206345589,Covered,Active,L1NBD,L1NBD,Vendor,Yes,12/1/2024 0:00,1/30/2027 0:00,30400375,USD,121.9,0,4501605158,121.9,,113848222,2238.28,N/A,N/A,N/A,,-,0,No,No,No,-,No,-,No,-,No,-,Active,-,Include,0,0,Include,14327,NULL,NULL
Demo,75578956,Cisco,-,FVH123619,123456952,Parent,C9300-48U-A,1,"Catalyst 9300 48-port UPOE, Network Advantage",,,,No Ship Date Available,00:00.0,4501200005,,C9300,ENTERPRISE SWITCHING,ENT. SWITCHING - ACCESS,CHASSIS,-,-,-,-,Not Defined,4/10/2032 0:00,DEFAULT GROUP,AIDA CRUISES,2001479781,ROSTOCK - AM STRANDE 3,AM STRANDE 3,,,ROSTOCK,,18055,GERMANY,No,206404176,Covered,Active,L1NBD,L1NBD,Vendor,Yes,5/24/2025 0:00,12/31/2025 0:00,,USD,1178.75,0,4501617358,1178.75,,113325001,13640.57,N/A,N/A,N/A,,-,0,No,No,No,-,No,-,No,-,No,-,Active,-,Include,0,0,Include,14327,NULL,NULL
Demo,75579144,Cisco,-,FVH123620,123456953,Parent,C9300-48S-E,1,"Catalyst 9300  48 GE SFP Ports, modular uplink Switch",,,,No Ship Date Available,00:00.0,4501575205,,C9300,ENTERPRISE SWITCHING,ENT. SWITCHING - ACCESS,CHASSIS,-,-,-,-,Not Defined,12/12/2034 0:00,DEFAULT GROUP,,1060912510,HOLZKIRCHEN - POSTFACH 11 52,POSTFACH 11 52,,,HOLZKIRCHEN,,83601,GERMANY,No,200216511,Covered,Active,PSRT,PRTNR SS 8X5XNBD,Vendor,Yes,10/12/2024 0:00,10/11/2025 0:00,,USD,1211.58,0,4501575205,2397.75,,117727780,30088.33,N/A,N/A,N/A,,-,0,No,No,No,-,No,-,No,-,No,-,Active,-,Include,0,0,Include,14327,NULL,NULL
Demo,75579288,Cisco,-,FVH123621,123456954,Parent,C9300-48U-A,1,"Catalyst 9300 48-port UPOE, Network Advantage",,,,No Ship Date Available,00:00.0,4501200005,,C9300,ENTERPRISE SWITCHING,ENT. SWITCHING - ACCESS,CHASSIS,-,-,-,-,Not Defined,4/10/2032 0:00,DEFAULT GROUP,AIDA CRUISES,2001479781,ROSTOCK - AM STRANDE 3,AM STRANDE 3,,,ROSTOCK,,18055,GERMANY,No,206404176,Covered,Active,L1NBD,L1NBD,Vendor,Yes,5/24/2025 0:00,12/31/2025 0:00,,USD,1178.75,0,4501617358,1178.75,,113325001,13640.57,N/A,N/A,N/A,,-,0,No,No,No,-,No,-,No,-,No,-,Active,-,Include,0,0,Include,14327,NULL,NULL
Demo,75579301,Cisco,-,FVH123622,123456955,Parent,C9300-48U-A,1,"Catalyst 9300 48-port UPOE, Network Advantage",,,,No Ship Date Available,00:00.0,4501200005,,C9300,ENTERPRISE SWITCHING,ENT. SWITCHING - ACCESS,CHASSIS,-,-,-,-,Not Defined,4/10/2032 0:00,DEFAULT GROUP,AIDA CRUISES,2001479781,ROSTOCK - AM STRANDE 3,AM STRANDE 3,,,ROSTOCK,,18055,GERMANY,No,206404176,Covered,Active,L1NBD,L1NBD,Vendor,Yes,5/24/2025 0:00,12/31/2025 0:00,,USD,1178.75,0,4501617358,1178.75,,113325001,13640.57,N/A,N/A,N/A,,-,0,No,No,No,-,No,-,No,-,No,-,Active,-,Include,0,0,Include,14327,NULL,NULL
Demo,75579314,Cisco,-,FVH123623,123456956,Parent,C9300-48U-A,1,"Catalyst 9300 48-port UPOE, Network Advantage",,,,No Ship Date Available,00:00.0,4501200005,,C9300,ENTERPRISE SWITCHING,ENT. SWITCHING - ACCESS,CHASSIS,-,-,-,-,Not Defined,4/10/2032 0:00,DEFAULT GROUP,AIDA CRUISES,2001479781,ROSTOCK - AM STRANDE 3,AM STRANDE 3,,,ROSTOCK,,18055,GERMANY,No,206404176,Covered,Active,L1NBD,L1NBD,Vendor,Yes,5/24/2025 0:00,12/31/2025 0:00,,USD,1178.75,0,4501617358,1178.75,,113325001,13640.57,N/A,N/A,N/A,,-,0,No,No,No,-,No,-,No,-,No,-,Active,-,Include,0,0,Include,14327,NULL,NULL
Demo,75579327,Cisco,-,FVH123624,123456957,Parent,C9300-48U-A,1,"Catalyst 9300 48-port UPOE, Network Advantage",,,,No Ship Date Available,00:00.0,4501200005,,C9300,ENTERPRISE SWITCHING,ENT. SWITCHING - ACCESS,CHASSIS,-,-,-,-,Not Defined,4/10/2032 0:00,DEFAULT GROUP,AIDA CRUISES,2001479781,ROSTOCK - AM STRANDE 3,AM STRANDE 3,,,ROSTOCK,,18055,GERMANY,No,206404176,Covered,Active,L1NBD,L1NBD,Vendor,Yes,5/24/2025 0:00,12/31/2025 0:00,,USD,1178.75,0,4501617358,1178.75,,113325001,13640.57,N/A,N/A,N/A,,-,0,No,No,No,-,No,-,No,-,No,-,Active,-,Include,0,0,Include,14327,NULL,NULL
Demo,75579340,Cisco,-,FVH123625,123456958,Parent,C9120AXI-E,1,C9120AX Internal 802.11ax 4x4:4 MIMO;IOT;BT5;mGig;USB;RHL,,,,No Ship Date Available,00:00.0,4501245478,,C9120AX,WIRELESS,ENT. - WIRELESS,CHASSIS,-,-,-,-,Not Defined,9/16/2032 0:00,DEFAULT GROUP,,1016697150,SOUTHAMPTON - 100 HARBOUR PARADE,100 HARBOUR PARADE,,,SOUTHAMPTON,HAMPSHIRE,SO15 1BA,UNITED KINGDOM,No,206345589,Covered,Active,L1NBD,L1NBD,Vendor,Yes,12/1/2024 0:00,1/30/2027 0:00,30400375,USD,121.9,0,4501605158,121.9,,113848222,2238.28,N/A,N/A,N/A,,-,0,No,No,No,-,No,-,No,-,No,-,Active,-,Include,0,0,Include,14327,NULL,NULL
Demo,75579348,Cisco,-,FVH123626,123456959,Parent,C9120AXI-E,1,C9120AX Internal 802.11ax 4x4:4 MIMO;IOT;BT5;mGig;USB;RHL,,,,No Ship Date Available,00:00.0,4501245478,,C9120AX,WIRELESS,ENT. - WIRELESS,CHASSIS,-,-,-,-,Not Defined,9/16/2032 0:00,DEFAULT GROUP,,1016697150,SOUTHAMPTON - 100 HARBOUR PARADE,100 HARBOUR PARADE,,,SOUTHAMPTON,HAMPSHIRE,SO15 1BA,UNITED KINGDOM,No,206345589,Covered,Active,L1NBD,L1NBD,Vendor,Yes,12/1/2024 0:00,1/30/2027 0:00,30400375,USD,121.9,0,4501605158,121.9,,113848222,2238.28,N/A,N/A,N/A,,-,0,No,No,No,-,No,-,No,-,No,-,Active,-,Include,0,0,Include,14327,NULL,NULL
Demo,75579356,Cisco,-,FVH123627,123456960,Parent,C9120AXI-E,1,C9120AX Internal 802.11ax 4x4:4 MIMO;IOT;BT5;mGig;USB;RHL,,,,No Ship Date Available,00:00.0,4501245478,,C9120AX,WIRELESS,ENT. - WIRELESS,CHASSIS,-,-,-,-,Not Defined,9/16/2032 0:00,DEFAULT GROUP,,1016697150,SOUTHAMPTON - 100 HARBOUR PARADE,100 HARBOUR PARADE,,,SOUTHAMPTON,HAMPSHIRE,SO15 1BA,UNITED KINGDOM,No,206345589,Covered,Active,L1NBD,L1NBD,Vendor,Yes,12/1/2024 0:00,1/30/2027 0:00,30400375,USD,121.9,0,4501605158,121.9,,113848222,2238.28,N/A,N/A,N/A,,-,0,No,No,No,-,No,-,No,-,No,-,Active,-,Include,0,0,Include,14327,NULL,NULL
Demo,75579364,Cisco,-,FVH123628,123456961,Parent,C9120AXI-E,1,C9120AX Internal 802.11ax 4x4:4 MIMO;IOT;BT5;mGig;USB;RHL,,,,No Ship Date Available,00:00.0,4501245478,,C9120AX,WIRELESS,ENT. - WIRELESS,CHASSIS,-,-,-,-,Not Defined,9/16/2032 0:00,DEFAULT GROUP,,1016697150,SOUTHAMPTON - 100 HARBOUR PARADE,100 HARBOUR PARADE,,,SOUTHAMPTON,HAMPSHIRE,SO15 1BA,UNITED KINGDOM,No,206345589,Covered,Active,L1NBD,L1NBD,Vendor,Yes,12/1/2024 0:00,1/30/2027 0:00,30400375,USD,121.9,0,4501605158,121.9,,113848222,2238.28,N/A,N/A,N/A,,-,0,No,No,No,-,No,-,No,-,No,-,Active,-,Include,0,0,Include,14327,NULL,NULL
Demo,75579372,Cisco,-,FVH123629,123456962,Parent,C9120AXI-E,1,C9120AX Internal 802.11ax 4x4:4 MIMO;IOT;BT5;mGig;USB;RHL,,,,No Ship Date Available,00:00.0,4501245478,,C9120AX,WIRELESS,ENT. - WIRELESS,CHASSIS,-,-,-,-,Not Defined,9/16/2032 0:00,DEFAULT GROUP,,1016697150,SOUTHAMPTON - 100 HARBOUR PARADE,100 HARBOUR PARADE,,,SOUTHAMPTON,HAMPSHIRE,SO15 1BA,UNITED KINGDOM,No,206345589,Covered,Active,L1NBD,L1NBD,Vendor,Yes,12/1/2024 0:00,1/30/2027 0:00,30400375,USD,121.9,0,4501605158,121.9,,113848222,2238.28,N/A,N/A,N/A,,-,0,No,No,No,-,No,-,No,-,No,-,Active,-,Include,0,0,Include,14327,NULL,NULL
Demo,75579380,Cisco,-,FVH123630,123456963,Parent,C9120AXI-E,1,C9120AX Internal 802.11ax 4x4:4 MIMO;IOT;BT5;mGig;USB;RHL,,,,No Ship Date Available,00:00.0,4501245478,,C9120AX,WIRELESS,ENT. - WIRELESS,CHASSIS,-,-,-,-,Not Defined,9/16/2032 0:00,DEFAULT GROUP,,1016697150,SOUTHAMPTON - 100 HARBOUR PARADE,100 HARBOUR PARADE,,,SOUTHAMPTON,HAMPSHIRE,SO15 1BA,UNITED KINGDOM,No,206345589,Covered,Active,L1NBD,L1NBD,Vendor,Yes,12/1/2024 0:00,1/30/2027 0:00,30400375,USD,121.9,0,4501605158,121.9,,113848222,2238.28,N/A,N/A,N/A,,-,0,No,No,No,-,No,-,No,-,No,-,Active,-,Include,0,0,Include,14327,NULL,NULL
Demo,75579388,Cisco,-,FVH123631,123456964,Parent,C9120AXI-E,1,C9120AX Internal 802.11ax 4x4:4 MIMO;IOT;BT5;mGig;USB;RHL,,,,No Ship Date Available,00:00.0,4501245478,,C9120AX,WIRELESS,ENT. - WIRELESS,CHASSIS,-,-,-,-,Not Defined,9/16/2032 0:00,DEFAULT GROUP,,1016697150,SOUTHAMPTON - 100 HARBOUR PARADE,100 HARBOUR PARADE,,,SOUTHAMPTON,HAMPSHIRE,SO15 1BA,UNITED KINGDOM,No,206345589,Covered,Active,L1NBD,L1NBD,Vendor,Yes,12/1/2024 0:00,1/30/2027 0:00,30400375,USD,121.9,0,4501605158,121.9,,113848222,2238.28,N/A,N/A,N/A,,-,0,No,No,No,-,No,-,No,-,No,-,Active,-,Include,0,0,Include,14327,NULL,NULL
Demo,75579717,Cisco,-,FVH123632,123456965,Parent,C9120AXI-E,1,C9120AX Internal 802.11ax 4x4:4 MIMO;IOT;BT5;mGig;USB;RHL,,,,No Ship Date Available,00:00.0,4501245478,,C9120AX,WIRELESS,ENT. - WIRELESS,CHASSIS,-,-,-,-,Not Defined,9/16/2032 0:00,DEFAULT GROUP,,1016697150,SOUTHAMPTON - 100 HARBOUR PARADE,100 HARBOUR PARADE,,,SOUTHAMPTON,HAMPSHIRE,SO15 1BA,UNITED KINGDOM,No,206345589,Covered,Active,L1NBD,L1NBD,Vendor,Yes,12/1/2024 0:00,1/30/2027 0:00,30400375,USD,121.9,0,4501605158,121.9,,113848222,2238.28,N/A,N/A,N/A,,-,0,No,No,No,-,No,-,No,-,No,-,Active,-,Include,0,0,Include,14327,NULL,NULL
Demo,75579725,Cisco,-,FVH123633,123456966,Parent,C9120AXI-E,1,C9120AX Internal 802.11ax 4x4:4 MIMO;IOT;BT5;mGig;USB;RHL,,,,No Ship Date Available,00:00.0,4501245478,,C9120AX,WIRELESS,ENT. - WIRELESS,CHASSIS,-,-,-,-,Not Defined,9/16/2032 0:00,DEFAULT GROUP,,1016697150,SOUTHAMPTON - 100 HARBOUR PARADE,100 HARBOUR PARADE,,,SOUTHAMPTON,HAMPSHIRE,SO15 1BA,UNITED KINGDOM,No,206345589,Covered,Active,L1NBD,L1NBD,Vendor,Yes,12/1/2024 0:00,1/30/2027 0:00,30400375,USD,121.9,0,4501605158,121.9,,113848222,2238.28,N/A,N/A,N/A,,-,0,No,No,No,-,No,-,No,-,No,-,Active,-,Include,0,0,Include,14327,NULL,NULL
Demo,75579733,Cisco,-,FVH123634,123456967,Parent,C9120AXI-E,1,C9120AX Internal 802.11ax 4x4:4 MIMO;IOT;BT5;mGig;USB;RHL,,,,No Ship Date Available,00:00.0,4501245478,,C9120AX,WIRELESS,ENT. - WIRELESS,CHASSIS,-,-,-,-,Not Defined,9/16/2032 0:00,DEFAULT GROUP,,1016697150,SOUTHAMPTON - 100 HARBOUR PARADE,100 HARBOUR PARADE,,,SOUTHAMPTON,HAMPSHIRE,SO15 1BA,UNITED KINGDOM,No,206345589,Covered,Active,L1NBD,L1NBD,Vendor,Yes,12/1/2024 0:00,1/30/2027 0:00,30400375,USD,121.9,0,4501605158,121.9,,113848222,2238.28,N/A,N/A,N/A,,-,0,No,No,No,-,No,-,No,-,No,-,Active,-,Include,0,0,Include,14327,NULL,NULL
Demo,75579741,Cisco,-,FVH123635,123456968,Parent,C9120AXI-E,1,C9120AX Internal 802.11ax 4x4:4 MIMO;IOT;BT5;mGig;USB;RHL,,,,No Ship Date Available,00:00.0,4501245478,,C9120AX,WIRELESS,ENT. - WIRELESS,CHASSIS,-,-,-,-,Not Defined,9/16/2032 0:00,DEFAULT GROUP,,1016697150,SOUTHAMPTON - 100 HARBOUR PARADE,100 HARBOUR PARADE,,,SOUTHAMPTON,HAMPSHIRE,SO15 1BA,UNITED KINGDOM,No,206345589,Covered,Active,L1NBD,L1NBD,Vendor,Yes,12/1/2024 0:00,1/30/2027 0:00,30400375,USD,121.9,0,4501605158,121.9,,113848222,2238.28,N/A,N/A,N/A,,-,0,No,No,No,-,No,-,No,-,No,-,Active,-,Include,0,0,Include,14327,NULL,NULL
Demo,75579749,Cisco,-,FVH123636,123456969,Parent,C9120AXI-E,1,C9120AX Internal 802.11ax 4x4:4 MIMO;IOT;BT5;mGig;USB;RHL,,,,No Ship Date Available,00:00.0,4501245478,,C9120AX,WIRELESS,ENT. - WIRELESS,CHASSIS,-,-,-,-,Not Defined,9/16/2032 0:00,DEFAULT GROUP,,1016697150,SOUTHAMPTON - 100 HARBOUR PARADE,100 HARBOUR PARADE,,,SOUTHAMPTON,HAMPSHIRE,SO15 1BA,UNITED KINGDOM,No,206345589,Covered,Active,L1NBD,L1NBD,Vendor,Yes,12/1/2024 0:00,1/30/2027 0:00,30400375,USD,121.9,0,4501605158,121.9,,113848222,2238.28,N/A,N/A,N/A,,-,0,No,No,No,-,No,-,No,-,No,-,Active,-,Include,0,0,Include,14327,NULL,NULL
Demo,75579757,Cisco,-,FVH123637,123456970,Parent,C9120AXI-E,1,C9120AX Internal 802.11ax 4x4:4 MIMO;IOT;BT5;mGig;USB;RHL,,,,No Ship Date Available,00:00.0,4501245478,,C9120AX,WIRELESS,ENT. - WIRELESS,CHASSIS,-,-,-,-,Not Defined,9/16/2032 0:00,DEFAULT GROUP,,1016697150,SOUTHAMPTON - 100 HARBOUR PARADE,100 HARBOUR PARADE,,,SOUTHAMPTON,HAMPSHIRE,SO15 1BA,UNITED KINGDOM,No,206345589,Covered,Active,L1NBD,L1NBD,Vendor,Yes,12/1/2024 0:00,1/30/2027 0:00,30400375,USD,121.9,0,4501605158,121.9,,113848222,2238.28,N/A,N/A,N/A,,-,0,No,No,No,-,No,-,No,-,No,-,Active,-,Include,0,0,Include,14327,NULL,NULL
Demo,75579765,Cisco,-,FVH123638,123456971,Parent,C9120AXI-E,1,C9120AX Internal 802.11ax 4x4:4 MIMO;IOT;BT5;mGig;USB;RHL,,,,No Ship Date Available,00:00.0,4501245478,,C9120AX,WIRELESS,ENT. - WIRELESS,CHASSIS,-,-,-,-,Not Defined,9/16/2032 0:00,DEFAULT GROUP,,1016697150,SOUTHAMPTON - 100 HARBOUR PARADE,100 HARBOUR PARADE,,,SOUTHAMPTON,HAMPSHIRE,SO15 1BA,UNITED KINGDOM,No,206345589,Covered,Active,L1NBD,L1NBD,Vendor,Yes,12/1/2024 0:00,1/30/2027 0:00,30400375,USD,121.9,0,4501605158,121.9,,113848222,2238.28,N/A,N/A,N/A,,-,0,No,No,No,-,No,-,No,-,No,-,Active,-,Include,0,0,Include,14327,NULL,NULL
Demo,75579773,Cisco,-,FVH123639,123456972,Parent,C9120AXI-E,1,C9120AX Internal 802.11ax 4x4:4 MIMO;IOT;BT5;mGig;USB;RHL,,,,No Ship Date Available,00:00.0,4501245478,,C9120AX,WIRELESS,ENT. - WIRELESS,CHASSIS,-,-,-,-,Not Defined,9/16/2032 0:00,DEFAULT GROUP,,1016697150,SOUTHAMPTON - 100 HARBOUR PARADE,100 HARBOUR PARADE,,,SOUTHAMPTON,HAMPSHIRE,SO15 1BA,UNITED KINGDOM,No,206345589,Covered,Active,L1NBD,L1NBD,Vendor,Yes,12/1/2024 0:00,1/30/2027 0:00,30400375,USD,121.9,0,4501605158,121.9,,113848222,2238.28,N/A,N/A,N/A,,-,0,No,No,No,-,No,-,No,-,No,-,Active,-,Include,0,0,Include,14327,NULL,NULL
Demo,75579781,Cisco,-,FVH123640,123456973,Parent,C9120AXI-E,1,C9120AX Internal 802.11ax 4x4:4 MIMO;IOT;BT5;mGig;USB;RHL,,,,No Ship Date Available,00:00.0,4501245478,,C9120AX,WIRELESS,ENT. - WIRELESS,CHASSIS,-,-,-,-,Not Defined,9/16/2032 0:00,DEFAULT GROUP,,1016697150,SOUTHAMPTON - 100 HARBOUR PARADE,100 HARBOUR PARADE,,,SOUTHAMPTON,HAMPSHIRE,SO15 1BA,UNITED KINGDOM,No,206345589,Covered,Active,L1NBD,L1NBD,Vendor,Yes,12/1/2024 0:00,1/30/2027 0:00,30400375,USD,121.9,0,4501605158,121.9,,113848222,2238.28,N/A,N/A,N/A,,-,0,No,No,No,-,No,-,No,-,No,-,Active,-,Include,0,0,Include,14327,NULL,NULL
Demo,75579789,Cisco,-,FVH123641,123456974,Parent,C9120AXI-E,1,C9120AX Internal 802.11ax 4x4:4 MIMO;IOT;BT5;mGig;USB;RHL,,,,No Ship Date Available,00:00.0,4501245478,,C9120AX,WIRELESS,ENT. - WIRELESS,CHASSIS,-,-,-,-,Not Defined,9/16/2032 0:00,DEFAULT GROUP,,1016697150,SOUTHAMPTON - 100 HARBOUR PARADE,100 HARBOUR PARADE,,,SOUTHAMPTON,HAMPSHIRE,SO15 1BA,UNITED KINGDOM,No,206345589,Covered,Active,L1NBD,L1NBD,Vendor,Yes,12/1/2024 0:00,1/30/2027 0:00,30400375,USD,121.9,0,4501605158,121.9,,113848222,2238.28,N/A,N/A,N/A,,-,0,No,No,No,-,No,-,No,-,No,-,Active,-,Include,0,0,Include,14327,NULL,NULL
Demo,75579797,Cisco,-,FVH123642,123456975,Parent,C9120AXI-E,1,C9120AX Internal 802.11ax 4x4:4 MIMO;IOT;BT5;mGig;USB;RHL,,,,No Ship Date Available,00:00.0,4501245478,,C9120AX,WIRELESS,ENT. - WIRELESS,CHASSIS,-,-,-,-,Not Defined,9/16/2032 0:00,DEFAULT GROUP,,1016697150,SOUTHAMPTON - 100 HARBOUR PARADE,100 HARBOUR PARADE,,,SOUTHAMPTON,HAMPSHIRE,SO15 1BA,UNITED KINGDOM,No,206345589,Covered,Active,L1NBD,L1NBD,Vendor,Yes,12/1/2024 0:00,1/30/2027 0:00,30400375,USD,121.9,0,4501605158,121.9,,113848222,2238.28,N/A,N/A,N/A,,-,0,No,No,No,-,No,-,No,-,No,-,Active,-,Include,0,0,Include,14327,NULL,NULL
Demo,75579805,Cisco,-,FVH123643,123456976,Parent,C9120AXI-E,1,C9120AX Internal 802.11ax 4x4:4 MIMO;IOT;BT5;mGig;USB;RHL,,,,No Ship Date Available,00:00.0,4501245478,,C9120AX,WIRELESS,ENT. - WIRELESS,CHASSIS,-,-,-,-,Not Defined,9/16/2032 0:00,DEFAULT GROUP,,1016697150,SOUTHAMPTON - 100 HARBOUR PARADE,100 HARBOUR PARADE,,,SOUTHAMPTON,HAMPSHIRE,SO15 1BA,UNITED KINGDOM,No,206345589,Covered,Active,L1NBD,L1NBD,Vendor,Yes,12/1/2024 0:00,1/30/2027 0:00,30400375,USD,121.9,0,4501605158,121.9,,113848222,2238.28,N/A,N/A,N/A,,-,0,No,No,No,-,No,-,No,-,No,-,Active,-,Include,0,0,Include,14327,NULL,NULL
Demo,75579813,Cisco,-,FVH123644,123456977,Parent,C9120AXI-E,1,C9120AX Internal 802.11ax 4x4:4 MIMO;IOT;BT5;mGig;USB;RHL,,,,No Ship Date Available,00:00.0,4501245478,,C9120AX,WIRELESS,ENT. - WIRELESS,CHASSIS,-,-,-,-,Not Defined,9/16/2032 0:00,DEFAULT GROUP,,1016697150,SOUTHAMPTON - 100 HARBOUR PARADE,100 HARBOUR PARADE,,,SOUTHAMPTON,HAMPSHIRE,SO15 1BA,UNITED KINGDOM,No,206345589,Covered,Active,L1NBD,L1NBD,Vendor,Yes,12/1/2024 0:00,1/30/2027 0:00,30400375,USD,121.9,0,4501605158,121.9,,113848222,2238.28,N/A,N/A,N/A,,-,0,No,No,No,-,No,-,No,-,No,-,Active,-,Include,0,0,Include,14327,NULL,NULL
Demo,75580256,Cisco,-,FVH123645,123456978,Parent,C9120AXI-E,1,C9120AX Internal 802.11ax 4x4:4 MIMO;IOT;BT5;mGig;USB;RHL,,,,No Ship Date Available,00:00.0,4501245478,,C9120AX,WIRELESS,ENT. - WIRELESS,CHASSIS,-,-,-,-,Not Defined,9/16/2032 0:00,DEFAULT GROUP,,1016697150,SOUTHAMPTON - 100 HARBOUR PARADE,100 HARBOUR PARADE,,,SOUTHAMPTON,HAMPSHIRE,SO15 1BA,UNITED KINGDOM,No,206345589,Covered,Active,L1NBD,L1NBD,Vendor,Yes,12/1/2024 0:00,1/30/2027 0:00,30400375,USD,121.9,0,4501605158,121.9,,113848222,2238.28,N/A,N/A,N/A,,-,0,No,No,No,-,No,-,No,-,No,-,Active,-,Include,0,0,Include,14327,NULL,NULL
Demo,75580264,Cisco,-,FVH123646,123456979,Parent,C9120AXI-E,1,C9120AX Internal 802.11ax 4x4:4 MIMO;IOT;BT5;mGig;USB;RHL,,,,No Ship Date Available,00:00.0,4501245478,,C9120AX,WIRELESS,ENT. - WIRELESS,CHASSIS,-,-,-,-,Not Defined,9/16/2032 0:00,DEFAULT GROUP,,1016697150,SOUTHAMPTON - 100 HARBOUR PARADE,100 HARBOUR PARADE,,,SOUTHAMPTON,HAMPSHIRE,SO15 1BA,UNITED KINGDOM,No,206345589,Covered,Active,L1NBD,L1NBD,Vendor,Yes,12/1/2024 0:00,1/30/2027 0:00,30400375,USD,121.9,0,4501605158,121.9,,113848222,2238.28,N/A,N/A,N/A,,-,0,No,No,No,-,No,-,No,-,No,-,Active,-,Include,0,0,Include,14327,NULL,NULL
Demo,75580272,Cisco,-,FVH123647,123456980,Parent,C9120AXI-E,1,C9120AX Internal 802.11ax 4x4:4 MIMO;IOT;BT5;mGig;USB;RHL,,,,No Ship Date Available,00:00.0,4501245478,,C9120AX,WIRELESS,ENT. - WIRELESS,CHASSIS,-,-,-,-,Not Defined,9/16/2032 0:00,DEFAULT GROUP,,1016697150,SOUTHAMPTON - 100 HARBOUR PARADE,100 HARBOUR PARADE,,,SOUTHAMPTON,HAMPSHIRE,SO15 1BA,UNITED KINGDOM,No,206345589,Covered,Active,L1NBD,L1NBD,Vendor,Yes,12/1/2024 0:00,1/30/2027 0:00,30400375,USD,121.9,0,4501605158,121.9,,113848222,2238.28,N/A,N/A,N/A,,-,0,No,No,No,-,No,-,No,-,No,-,Active,-,Include,0,0,Include,14327,NULL,NULL
Demo,75580280,Cisco,-,FVH123648,123456981,Parent,C9120AXI-E,1,C9120AX Internal 802.11ax 4x4:4 MIMO;IOT;BT5;mGig;USB;RHL,,,,No Ship Date Available,00:00.0,4501245478,,C9120AX,WIRELESS,ENT. - WIRELESS,CHASSIS,-,-,-,-,Not Defined,9/16/2032 0:00,DEFAULT GROUP,,1016697150,SOUTHAMPTON - 100 HARBOUR PARADE,100 HARBOUR PARADE,,,SOUTHAMPTON,HAMPSHIRE,SO15 1BA,UNITED KINGDOM,No,206345589,Covered,Active,L1NBD,L1NBD,Vendor,Yes,12/1/2024 0:00,1/30/2027 0:00,30400375,USD,121.9,0,4501605158,121.9,,113848222,2238.28,N/A,N/A,N/A,,-,0,No,No,No,-,No,-,No,-,No,-,Active,-,Include,0,0,Include,14327,NULL,NULL
Demo,75580317,Cisco,-,FVH123649,123456982,Parent,C9300-48U-A,1,"Catalyst 9300 48-port UPOE, Network Advantage",,,,No Ship Date Available,00:00.0,4501200005,,C9300,ENTERPRISE SWITCHING,ENT. SWITCHING - ACCESS,CHASSIS,-,-,-,-,Not Defined,4/10/2032 0:00,DEFAULT GROUP,AIDA CRUISES,2001479781,ROSTOCK - AM STRANDE 3,AM STRANDE 3,,,ROSTOCK,,18055,GERMANY,No,206404176,Covered,Active,L1NBD,L1NBD,Vendor,Yes,5/24/2025 0:00,12/31/2025 0:00,,USD,1178.75,0,4501617358,1178.75,,113325001,13640.57,N/A,N/A,N/A,,-,0,No,No,No,-,No,-,No,-,No,-,Active,-,Include,0,0,Include,14327,NULL,NULL
Demo,75580330,Cisco,-,FVH123650,123456983,Parent,C9300-48U-A,1,"Catalyst 9300 48-port UPOE, Network Advantage",,,,No Ship Date Available,00:00.0,4501200005,,C9300,ENTERPRISE SWITCHING,ENT. SWITCHING - ACCESS,CHASSIS,-,-,-,-,Not Defined,4/10/2032 0:00,DEFAULT GROUP,AIDA CRUISES,2001479781,ROSTOCK - AM STRANDE 3,AM STRANDE 3,,,ROSTOCK,,18055,GERMANY,No,206404176,Covered,Active,L1NBD,L1NBD,Vendor,Yes,5/24/2025 0:00,12/31/2025 0:00,,USD,1178.75,0,4501617358,1178.75,,113325001,13640.57,N/A,N/A,N/A,,-,0,No,No,No,-,No,-,No,-,No,-,Active,-,Include,0,0,Include,14327,NULL,NULL
Demo,75580343,Cisco,-,FVH123651,123456984,Parent,C9300-48U-A,1,"Catalyst 9300 48-port UPOE, Network Advantage",,,,No Ship Date Available,00:00.0,4501200005,,C9300,ENTERPRISE SWITCHING,ENT. SWITCHING - ACCESS,CHASSIS,-,-,-,-,Not Defined,4/10/2032 0:00,DEFAULT GROUP,AIDA CRUISES,2001479781,ROSTOCK - AM STRANDE 3,AM STRANDE 3,,,ROSTOCK,,18055,GERMANY,No,206404176,Covered,Active,L1NBD,L1NBD,Vendor,Yes,5/24/2025 0:00,12/31/2025 0:00,,USD,1178.75,0,4501617358,1178.75,,113325001,13640.57,N/A,N/A,N/A,,-,0,No,No,No,-,No,-,No,-,No,-,Active,-,Include,0,0,Include,14327,NULL,NULL
Demo,75580356,Cisco,-,FVH123652,123456985,Parent,C9300-48U-A,1,"Catalyst 9300 48-port UPOE, Network Advantage",,,,No Ship Date Available,00:00.0,4501200005,,C9300,ENTERPRISE SWITCHING,ENT. SWITCHING - ACCESS,CHASSIS,-,-,-,-,Not Defined,4/10/2032 0:00,DEFAULT GROUP,AIDA CRUISES,2001479781,ROSTOCK - AM STRANDE 3,AM STRANDE 3,,,ROSTOCK,,18055,GERMANY,No,206404176,Covered,Active,L1NBD,L1NBD,Vendor,Yes,5/24/2025 0:00,12/31/2025 0:00,,USD,1178.75,0,4501617358,1178.75,,113325001,13640.57,N/A,N/A,N/A,,-,0,No,No,No,-,No,-,No,-,No,-,Active,-,Include,0,0,Include,14327,NULL,NULL
Demo,75580369,Cisco,-,FVH123653,123456986,Parent,C9120AXI-E,1,C9120AX Internal 802.11ax 4x4:4 MIMO;IOT;BT5;mGig;USB;RHL,,,,No Ship Date Available,00:00.0,4501245478,,C9120AX,WIRELESS,ENT. - WIRELESS,CHASSIS,-,-,-,-,Not Defined,9/16/2032 0:00,DEFAULT GROUP,,1016697150,SOUTHAMPTON - 100 HARBOUR PARADE,100 HARBOUR PARADE,,,SOUTHAMPTON,HAMPSHIRE,SO15 1BA,UNITED KINGDOM,No,206345589,Covered,Active,L1NBD,L1NBD,Vendor,Yes,12/1/2024 0:00,1/30/2027 0:00,30400375,USD,121.9,0,4501605158,121.9,,113848222,2238.28,N/A,N/A,N/A,,-,0,No,No,No,-,No,-,No,-,No,-,Active,-,Include,0,0,Include,14327,NULL,NULL
Demo,75580377,Cisco,-,FVH123654,123456987,Parent,C9120AXI-E,1,C9120AX Internal 802.11ax 4x4:4 MIMO;IOT;BT5;mGig;USB;RHL,,,,No Ship Date Available,00:00.0,4501245478,,C9120AX,WIRELESS,ENT. - WIRELESS,CHASSIS,-,-,-,-,Not Defined,9/16/2032 0:00,DEFAULT GROUP,,1016697150,SOUTHAMPTON - 100 HARBOUR PARADE,100 HARBOUR PARADE,,,SOUTHAMPTON,HAMPSHIRE,SO15 1BA,UNITED KINGDOM,No,206345589,Covered,Active,L1NBD,L1NBD,Vendor,Yes,12/1/2024 0:00,1/30/2027 0:00,30400375,USD,121.9,0,4501605158,121.9,,113848222,2238.28,N/A,N/A,N/A,,-,0,No,No,No,-,No,-,No,-,No,-,Active,-,Include,0,0,Include,14327,NULL,NULL
Demo,75580385,Cisco,-,FVH123655,123456988,Parent,C9120AXI-E,1,C9120AX Internal 802.11ax 4x4:4 MIMO;IOT;BT5;mGig;USB;RHL,,,,No Ship Date Available,00:00.0,4501245478,,C9120AX,WIRELESS,ENT. - WIRELESS,CHASSIS,-,-,-,-,Not Defined,9/16/2032 0:00,DEFAULT GROUP,,1016697150,SOUTHAMPTON - 100 HARBOUR PARADE,100 HARBOUR PARADE,,,SOUTHAMPTON,HAMPSHIRE,SO15 1BA,UNITED KINGDOM,No,206345589,Covered,Active,L1NBD,L1NBD,Vendor,Yes,12/1/2024 0:00,1/30/2027 0:00,30400375,USD,121.9,0,4501605158,121.9,,113848222,2238.28,N/A,N/A,N/A,,-,0,No,No,No,-,No,-,No,-,No,-,Active,-,Include,0,0,Include,14327,NULL,NULL
Demo,75580393,Cisco,-,FVH123656,123456989,Parent,C9120AXI-E,1,C9120AX Internal 802.11ax 4x4:4 MIMO;IOT;BT5;mGig;USB;RHL,,,,No Ship Date Available,00:00.0,4501245478,,C9120AX,WIRELESS,ENT. - WIRELESS,CHASSIS,-,-,-,-,Not Defined,9/16/2032 0:00,DEFAULT GROUP,,1016697150,SOUTHAMPTON - 100 HARBOUR PARADE,100 HARBOUR PARADE,,,SOUTHAMPTON,HAMPSHIRE,SO15 1BA,UNITED KINGDOM,No,206345589,Covered,Active,L1NBD,L1NBD,Vendor,Yes,12/1/2024 0:00,1/30/2027 0:00,30400375,USD,121.9,0,4501605158,121.9,,113848222,2238.28,N/A,N/A,N/A,,-,0,No,No,No,-,No,-,No,-,No,-,Active,-,Include,0,0,Include,14327,NULL,NULL
Demo,75580401,Cisco,-,FVH123657,123456990,Parent,C9120AXI-E,1,C9120AX Internal 802.11ax 4x4:4 MIMO;IOT;BT5;mGig;USB;RHL,,,,No Ship Date Available,00:00.0,4501245478,,C9120AX,WIRELESS,ENT. - WIRELESS,CHASSIS,-,-,-,-,Not Defined,9/16/2032 0:00,DEFAULT GROUP,,1016697150,SOUTHAMPTON - 100 HARBOUR PARADE,100 HARBOUR PARADE,,,SOUTHAMPTON,HAMPSHIRE,SO15 1BA,UNITED KINGDOM,No,206345589,Covered,Active,L1NBD,L1NBD,Vendor,Yes,12/1/2024 0:00,1/30/2027 0:00,30400375,USD,121.9,0,4501605158,121.9,,113848222,2238.28,N/A,N/A,N/A,,-,0,No,No,No,-,No,-,No,-,No,-,Active,-,Include,0,0,Include,14327,NULL,NULL
Demo,75580409,Cisco,-,FVH123658,123456991,Parent,C9120AXI-E,1,C9120AX Internal 802.11ax 4x4:4 MIMO;IOT;BT5;mGig;USB;RHL,,,,No Ship Date Available,00:00.0,4501245478,,C9120AX,WIRELESS,ENT. - WIRELESS,CHASSIS,-,-,-,-,Not Defined,9/16/2032 0:00,DEFAULT GROUP,,1016697150,SOUTHAMPTON - 100 HARBOUR PARADE,100 HARBOUR PARADE,,,SOUTHAMPTON,HAMPSHIRE,SO15 1BA,UNITED KINGDOM,No,206345589,Covered,Active,L1NBD,L1NBD,Vendor,Yes,12/1/2024 0:00,1/30/2027 0:00,30400375,USD,121.9,0,4501605158,121.9,,113848222,2238.28,N/A,N/A,N/A,,-,0,No,No,No,-,No,-,No,-,No,-,Active,-,Include,0,0,Include,14327,NULL,NULL
Demo,75580417,Cisco,-,FVH123659,123456992,Parent,C9120AXI-E,1,C9120AX Internal 802.11ax 4x4:4 MIMO;IOT;BT5;mGig;USB;RHL,,,,No Ship Date Available,00:00.0,4501245478,,C9120AX,WIRELESS,ENT. - WIRELESS,CHASSIS,-,-,-,-,Not Defined,9/16/2032 0:00,DEFAULT GROUP,,1016697150,SOUTHAMPTON - 100 HARBOUR PARADE,100 HARBOUR PARADE,,,SOUTHAMPTON,HAMPSHIRE,SO15 1BA,UNITED KINGDOM,No,206345589,Covered,Active,L1NBD,L1NBD,Vendor,Yes,12/1/2024 0:00,1/30/2027 0:00,30400375,USD,121.9,0,4501605158,121.9,,113848222,2238.28,N/A,N/A,N/A,,-,0,No,No,No,-,No,-,No,-,No,-,Active,-,Include,0,0,Include,14327,NULL,NULL
Demo,75580425,Cisco,-,FVH123660,123456993,Parent,C9120AXI-E,1,C9120AX Internal 802.11ax 4x4:4 MIMO;IOT;BT5;mGig;USB;RHL,,,,No Ship Date Available,00:00.0,4501245478,,C9120AX,WIRELESS,ENT. - WIRELESS,CHASSIS,-,-,-,-,Not Defined,9/16/2032 0:00,DEFAULT GROUP,,1016697150,SOUTHAMPTON - 100 HARBOUR PARADE,100 HARBOUR PARADE,,,SOUTHAMPTON,HAMPSHIRE,SO15 1BA,UNITED KINGDOM,No,206345589,Covered,Active,L1NBD,L1NBD,Vendor,Yes,12/1/2024 0:00,1/30/2027 0:00,30400375,USD,121.9,0,4501605158,121.9,,113848222,2238.28,N/A,N/A,N/A,,-,0,No,No,No,-,No,-,No,-,No,-,Active,-,Include,0,0,Include,14327,NULL,NULL
Demo,75580683,Cisco,-,FVH123661,123456994,Parent,C9300-24UX-E,1,"Catalyst 9300 24-port mGig and UPOE, Network Essentials",,,,No Ship Date Available,00:00.0,81-GQ149-S,,C9300,ENTERPRISE SWITCHING,ENT. SWITCHING - ACCESS,CHASSIS,-,-,-,-,Not Defined,9/2/2031 0:00,DEFAULT GROUP,,1016697150,SOUTHAMPTON - 100 HARBOUR PARADE,100 HARBOUR PARADE,,,SOUTHAMPTON,HAMPSHIRE,SO15 1BA,UNITED KINGDOM,No,206345589,Covered,Active,L1NBD,L1NBD,Vendor,Yes,12/1/2024 0:00,1/30/2027 0:00,30400375,USD,1404.15,0,4501605158,1404.15,,112321667,16551.08,N/A,N/A,N/A,,-,0,No,No,No,-,No,-,No,-,No,-,Active,-,Include,0,0,Include,14327,NULL,NULL
Demo,75580700,Cisco,-,FVH123662,123456995,Parent,C9120AXI-E,1,C9120AX Internal 802.11ax 4x4:4 MIMO;IOT;BT5;mGig;USB;RHL,,,,No Ship Date Available,00:00.0,4501245478,,C9120AX,WIRELESS,ENT. - WIRELESS,CHASSIS,-,-,-,-,Not Defined,9/16/2032 0:00,DEFAULT GROUP,,1016697150,SOUTHAMPTON - 100 HARBOUR PARADE,100 HARBOUR PARADE,,,SOUTHAMPTON,HAMPSHIRE,SO15 1BA,UNITED KINGDOM,No,206345589,Covered,Active,L1NBD,L1NBD,Vendor,Yes,12/1/2024 0:00,1/30/2027 0:00,30400375,USD,121.9,0,4501605158,121.9,,113848222,2238.28,N/A,N/A,N/A,,-,0,No,No,No,-,No,-,No,-,No,-,Active,-,Include,0,0,Include,14327,NULL,NULL
Demo,75580708,Cisco,-,FVH123663,123456996,Parent,C9120AXI-E,1,C9120AX Internal 802.11ax 4x4:4 MIMO;IOT;BT5;mGig;USB;RHL,,,,No Ship Date Available,00:00.0,4501245478,,C9120AX,WIRELESS,ENT. - WIRELESS,CHASSIS,-,-,-,-,Not Defined,9/16/2032 0:00,DEFAULT GROUP,,1016697150,SOUTHAMPTON - 100 HARBOUR PARADE,100 HARBOUR PARADE,,,SOUTHAMPTON,HAMPSHIRE,SO15 1BA,UNITED KINGDOM,No,206345589,Covered,Active,L1NBD,L1NBD,Vendor,Yes,12/1/2024 0:00,1/30/2027 0:00,30400375,USD,121.9,0,4501605158,121.9,,113848222,2238.28,N/A,N/A,N/A,,-,0,No,No,No,-,No,-,No,-,No,-,Active,-,Include,0,0,Include,14327,NULL,NULL
Demo,75580716,Cisco,-,FVH123664,123456997,Parent,C9120AXI-E,1,C9120AX Internal 802.11ax 4x4:4 MIMO;IOT;BT5;mGig;USB;RHL,,,,No Ship Date Available,00:00.0,4501245478,,C9120AX,WIRELESS,ENT. - WIRELESS,CHASSIS,-,-,-,-,Not Defined,9/16/2032 0:00,DEFAULT GROUP,,1016697150,SOUTHAMPTON - 100 HARBOUR PARADE,100 HARBOUR PARADE,,,SOUTHAMPTON,HAMPSHIRE,SO15 1BA,UNITED KINGDOM,No,206345589,Covered,Active,L1NBD,L1NBD,Vendor,Yes,12/1/2024 0:00,1/30/2027 0:00,30400375,USD,121.9,0,4501605158,121.9,,113848222,2238.28,N/A,N/A,N/A,,-,0,No,No,No,-,No,-,No,-,No,-,Active,-,Include,0,0,Include,14327,NULL,NULL
Demo,75580724,Cisco,-,FVH123665,123456998,Parent,C9120AXI-E,1,C9120AX Internal 802.11ax 4x4:4 MIMO;IOT;BT5;mGig;USB;RHL,,,,No Ship Date Available,00:00.0,4501245478,,C9120AX,WIRELESS,ENT. - WIRELESS,CHASSIS,-,-,-,-,Not Defined,9/16/2032 0:00,DEFAULT GROUP,,1016697150,SOUTHAMPTON - 100 HARBOUR PARADE,100 HARBOUR PARADE,,,SOUTHAMPTON,HAMPSHIRE,SO15 1BA,UNITED KINGDOM,No,206345589,Covered,Active,L1NBD,L1NBD,Vendor,Yes,12/1/2024 0:00,1/30/2027 0:00,30400375,USD,121.9,0,4501605158,121.9,,113848222,2238.28,N/A,N/A,N/A,,-,0,No,No,No,-,No,-,No,-,No,-,Active,-,Include,0,0,Include,14327,NULL,NULL
Demo,75580732,Cisco,-,FVH123666,123456999,Parent,C9120AXI-E,1,C9120AX Internal 802.11ax 4x4:4 MIMO;IOT;BT5;mGig;USB;RHL,,,,No Ship Date Available,00:00.0,4501245478,,C9120AX,WIRELESS,ENT. - WIRELESS,CHASSIS,-,-,-,-,Not Defined,9/16/2032 0:00,DEFAULT GROUP,,1016697150,SOUTHAMPTON - 100 HARBOUR PARADE,100 HARBOUR PARADE,,,SOUTHAMPTON,HAMPSHIRE,SO15 1BA,UNITED KINGDOM,No,206345589,Covered,Active,L1NBD,L1NBD,Vendor,Yes,12/1/2024 0:00,1/30/2027 0:00,30400375,USD,121.9,0,4501605158,121.9,,113848222,2238.28,N/A,N/A,N/A,,-,0,No,No,No,-,No,-,No,-,No,-,Active,-,Include,0,0,Include,14327,NULL,NULL
Demo,75580740,Cisco,-,FVH123667,123457000,Parent,C9120AXI-E,1,C9120AX Internal 802.11ax 4x4:4 MIMO;IOT;BT5;mGig;USB;RHL,,,,No Ship Date Available,00:00.0,4501245478,,C9120AX,WIRELESS,ENT. - WIRELESS,CHASSIS,-,-,-,-,Not Defined,9/16/2032 0:00,DEFAULT GROUP,,1016697150,SOUTHAMPTON - 100 HARBOUR PARADE,100 HARBOUR PARADE,,,SOUTHAMPTON,HAMPSHIRE,SO15 1BA,UNITED KINGDOM,No,206345589,Covered,Active,L1NBD,L1NBD,Vendor,Yes,12/1/2024 0:00,1/30/2027 0:00,30400375,USD,121.9,0,4501605158,121.9,,113848222,2238.28,N/A,N/A,N/A,,-,0,No,No,No,-,No,-,No,-,No,-,Active,-,Include,0,0,Include,14327,NULL,NULL
Demo,75580748,Cisco,-,FVH123668,123457001,Parent,C9120AXI-E,1,C9120AX Internal 802.11ax 4x4:4 MIMO;IOT;BT5;mGig;USB;RHL,,,,No Ship Date Available,00:00.0,4501245478,,C9120AX,WIRELESS,ENT. - WIRELESS,CHASSIS,-,-,-,-,Not Defined,9/16/2032 0:00,DEFAULT GROUP,,1016697150,SOUTHAMPTON - 100 HARBOUR PARADE,100 HARBOUR PARADE,,,SOUTHAMPTON,HAMPSHIRE,SO15 1BA,UNITED KINGDOM,No,206345589,Covered,Active,L1NBD,L1NBD,Vendor,Yes,12/1/2024 0:00,1/30/2027 0:00,30400375,USD,121.9,0,4501605158,121.9,,113848222,2238.28,N/A,N/A,N/A,,-,0,No,No,No,-,No,-,No,-,No,-,Active,-,Include,0,0,Include,14327,NULL,NULL
Demo,75580756,Cisco,-,FVH123669,123457002,Parent,C9120AXI-E,1,C9120AX Internal 802.11ax 4x4:4 MIMO;IOT;BT5;mGig;USB;RHL,,,,No Ship Date Available,00:00.0,4501245478,,C9120AX,WIRELESS,ENT. - WIRELESS,CHASSIS,-,-,-,-,Not Defined,9/16/2032 0:00,DEFAULT GROUP,,1016697150,SOUTHAMPTON - 100 HARBOUR PARADE,100 HARBOUR PARADE,,,SOUTHAMPTON,HAMPSHIRE,SO15 1BA,UNITED KINGDOM,No,206345589,Covered,Active,L1NBD,L1NBD,Vendor,Yes,12/1/2024 0:00,1/30/2027 0:00,30400375,USD,121.9,0,4501605158,121.9,,113848222,2238.28,N/A,N/A,N/A,,-,0,No,No,No,-,No,-,No,-,No,-,Active,-,Include,0,0,Include,14327,NULL,NULL
Demo,75580764,Cisco,-,FVH123670,123457003,Parent,C9120AXI-E,1,C9120AX Internal 802.11ax 4x4:4 MIMO;IOT;BT5;mGig;USB;RHL,,,,No Ship Date Available,00:00.0,4501245478,,C9120AX,WIRELESS,ENT. - WIRELESS,CHASSIS,-,-,-,-,Not Defined,9/16/2032 0:00,DEFAULT GROUP,,1016697150,SOUTHAMPTON - 100 HARBOUR PARADE,100 HARBOUR PARADE,,,SOUTHAMPTON,HAMPSHIRE,SO15 1BA,UNITED KINGDOM,No,206345589,Covered,Active,L1NBD,L1NBD,Vendor,Yes,12/1/2024 0:00,1/30/2027 0:00,30400375,USD,121.9,0,4501605158,121.9,,113848222,2238.28,N/A,N/A,N/A,,-,0,No,No,No,-,No,-,No,-,No,-,Active,-,Include,0,0,Include,14327,NULL,NULL
Demo,75580925,Cisco,-,FVH123671,123457004,Parent,C9120AXI-E,1,C9120AX Internal 802.11ax 4x4:4 MIMO;IOT;BT5;mGig;USB;RHL,,,,No Ship Date Available,00:00.0,4501245478,,C9120AX,WIRELESS,ENT. - WIRELESS,CHASSIS,-,-,-,-,Not Defined,9/16/2032 0:00,DEFAULT GROUP,,1016697150,SOUTHAMPTON - 100 HARBOUR PARADE,100 HARBOUR PARADE,,,SOUTHAMPTON,HAMPSHIRE,SO15 1BA,UNITED KINGDOM,No,206345589,Covered,Active,L1NBD,L1NBD,Vendor,Yes,12/1/2024 0:00,1/30/2027 0:00,30400375,USD,121.9,0,4501605158,121.9,,113848222,2238.28,N/A,N/A,N/A,,-,0,No,No,No,-,No,-,No,-,No,-,Active,-,Include,0,0,Include,14327,NULL,NULL
Demo,75580933,Cisco,-,FVH123672,123457005,Parent,C9120AXI-E,1,C9120AX Internal 802.11ax 4x4:4 MIMO;IOT;BT5;mGig;USB;RHL,,,,No Ship Date Available,00:00.0,4501245478,,C9120AX,WIRELESS,ENT. - WIRELESS,CHASSIS,-,-,-,-,Not Defined,9/16/2032 0:00,DEFAULT GROUP,,1016697150,SOUTHAMPTON - 100 HARBOUR PARADE,100 HARBOUR PARADE,,,SOUTHAMPTON,HAMPSHIRE,SO15 1BA,UNITED KINGDOM,No,206345589,Covered,Active,L1NBD,L1NBD,Vendor,Yes,12/1/2024 0:00,1/30/2027 0:00,30400375,USD,121.9,0,4501605158,121.9,,113848222,2238.28,N/A,N/A,N/A,,-,0,No,No,No,-,No,-,No,-,No,-,Active,-,Include,0,0,Include,14327,NULL,NULL
Demo,75580941,Cisco,-,FVH123673,123457006,Parent,C9120AXI-E,1,C9120AX Internal 802.11ax 4x4:4 MIMO;IOT;BT5;mGig;USB;RHL,,,,No Ship Date Available,00:00.0,4501245478,,C9120AX,WIRELESS,ENT. - WIRELESS,CHASSIS,-,-,-,-,Not Defined,9/16/2032 0:00,DEFAULT GROUP,,1016697150,SOUTHAMPTON - 100 HARBOUR PARADE,100 HARBOUR PARADE,,,SOUTHAMPTON,HAMPSHIRE,SO15 1BA,UNITED KINGDOM,No,206345589,Covered,Active,L1NBD,L1NBD,Vendor,Yes,12/1/2024 0:00,1/30/2027 0:00,30400375,USD,121.9,0,4501605158,121.9,,113848222,2238.28,N/A,N/A,N/A,,-,0,No,No,No,-,No,-,No,-,No,-,Active,-,Include,0,0,Include,14327,NULL,NULL
Demo,75580949,Cisco,-,FVH123674,123457007,Parent,C9120AXI-E,1,C9120AX Internal 802.11ax 4x4:4 MIMO;IOT;BT5;mGig;USB;RHL,,,,No Ship Date Available,00:00.0,4501245478,,C9120AX,WIRELESS,ENT. - WIRELESS,CHASSIS,-,-,-,-,Not Defined,9/16/2032 0:00,DEFAULT GROUP,,1016697150,SOUTHAMPTON - 100 HARBOUR PARADE,100 HARBOUR PARADE,,,SOUTHAMPTON,HAMPSHIRE,SO15 1BA,UNITED KINGDOM,No,206345589,Covered,Active,L1NBD,L1NBD,Vendor,Yes,12/1/2024 0:00,1/30/2027 0:00,30400375,USD,121.9,0,4501605158,121.9,,113848222,2238.28,N/A,N/A,N/A,,-,0,No,No,No,-,No,-,No,-,No,-,Active,-,Include,0,0,Include,14327,NULL,NULL
Demo,75580957,Cisco,-,FVH123675,123457008,Parent,C9120AXI-E,1,C9120AX Internal 802.11ax 4x4:4 MIMO;IOT;BT5;mGig;USB;RHL,,,,No Ship Date Available,00:00.0,4501245478,,C9120AX,WIRELESS,ENT. - WIRELESS,CHASSIS,-,-,-,-,Not Defined,9/16/2032 0:00,DEFAULT GROUP,,1016697150,SOUTHAMPTON - 100 HARBOUR PARADE,100 HARBOUR PARADE,,,SOUTHAMPTON,HAMPSHIRE,SO15 1BA,UNITED KINGDOM,No,206345589,Covered,Active,L1NBD,L1NBD,Vendor,Yes,12/1/2024 0:00,1/30/2027 0:00,30400375,USD,121.9,0,4501605158,121.9,,113848222,2238.28,N/A,N/A,N/A,,-,0,No,No,No,-,No,-,No,-,No,-,Active,-,Include,0,0,Include,14327,NULL,NULL
Demo,75580990,Cisco,-,FVH123676,123457009,Parent,C9300-48P-A,1,"Catalyst 9300 48-port PoE+, Network Advantage",,,,No Ship Date Available,00:00.0,4500586513,,C9300,ENTERPRISE SWITCHING,ENT. SWITCHING - ACCESS,CHASSIS,-,-,-,-,Not Defined,3/12/2029 0:00,DEFAULT GROUP,,1016697150,SOUTHAMPTON - 100 HARBOUR PARADE,100 HARBOUR PARADE,,,SOUTHAMPTON,HAMPSHIRE,SO15 1BA,UNITED KINGDOM,No,206345589,Covered,Active,L1NBD,L1NBD,Vendor,Yes,12/1/2024 0:00,1/30/2027 0:00,30400375,USD,1064.9,0,4501605158,1064.9,,107152393,12382.04,N/A,N/A,N/A,,-,0,No,No,No,-,No,-,No,-,No,-,Active,-,Include,0,0,Include,14327,NULL,NULL
Demo,75581011,Cisco,-,FVH123677,123457010,Parent,WS-C3850-12X48U-S,1,^^Cisco Catalyst 3850 48 Port (12 mGig+36 Gig) UPoE IP Base,,,,No Ship Date Available,00:00.0,81-EY886-S,,C3850,ENTERPRISE SWITCHING,ENT. SWITCHING - ACCESS,CHASSIS,Switches,http://www.cisco.com/content/en/us/support/switches/catalyst-3850-48u-s-switch/model.html,10/30/2020,10/31/2025,0-3 Months,10/31/2025 0:00,DEFAULT GROUP,,1016697150,SOUTHAMPTON - 100 HARBOUR PARADE,100 HARBOUR PARADE,,,SOUTHAMPTON,HAMPSHIRE,SO15 1BA,UNITED KINGDOM,No,206345589,Covered,Active,L1NBD,L1NBD,Vendor,Yes,12/1/2024 0:00,10/31/2025 0:00,30400375,USD,2337.95,0,4501605158,2337.95,,109443402,23759,N/A,N/A,N/A,,-,0,No,No,No,-,No,-,No,-,No,-,Active,-,Include,0,0,Include,14327,NULL,NULL
Demo,75581055,Cisco,-,FVH123678,123457011,Parent,C9115AXI-E,1,Cisco Catalyst 9115AX Series,,,,No Ship Date Available,00:00.0,4501211050,,C9115AX,WIRELESS,ENT. - WIRELESS,CHASSIS,-,-,-,-,Not Defined,7/29/2032 0:00,DEFAULT GROUP,CARNIVAL PLC,1056363584,SOUTHAMPTON - MAJESTIC ROAD,MAJESTIC ROAD,,,SOUTHAMPTON,HAMPSHIRE,SO16 0YT,UNITED KINGDOM,No,206345589,Covered,Active,L1NBD,L1NBD,Vendor,Yes,12/1/2024 0:00,1/30/2027 0:00,30400375,USD,89.7,0,4501616850,89.7,,113449414,1397.75,N/A,N/A,N/A,,-,0,No,No,No,-,No,-,No,-,No,-,Active,-,Include,0,0,Include,14327,NULL,NULL
Demo,75581063,Cisco,-,FVH123679,123457012,Parent,C9115AXI-E,1,Cisco Catalyst 9115AX Series,,,,No Ship Date Available,00:00.0,4501211050,,C9115AX,WIRELESS,ENT. - WIRELESS,CHASSIS,-,-,-,-,Not Defined,7/29/2032 0:00,DEFAULT GROUP,CARNIVAL PLC,1056363584,SOUTHAMPTON - MAJESTIC ROAD,MAJESTIC ROAD,,,SOUTHAMPTON,HAMPSHIRE,SO16 0YT,UNITED KINGDOM,No,206345589,Covered,Active,L1NBD,L1NBD,Vendor,Yes,12/1/2024 0:00,1/30/2027 0:00,30400375,USD,89.7,0,4501616850,89.7,,113449414,1397.75,N/A,N/A,N/A,,-,0,No,No,No,-,No,-,No,-,No,-,Active,-,Include,0,0,Include,14327,NULL,NULL
Demo,75581124,Cisco,-,FVH123680,123457013,Parent,C9500-48Y4C-A,1,"Catalyst 9500 48-port x 1/10/25G + 4-port 40/100G, Advantage",,,,No Ship Date Available,00:00.0,4501604314,,C9500,ENTERPRISE SWITCHING,ENT. SWITCHING - ACCESS,CHASSIS,-,-,-,-,Not Defined,3/10/2035 0:00,DEFAULT GROUP,,1019375937,MUENCHEN - AIDENBACHSTR. 40,AIDENBACHSTR. 40,,,MUENCHEN,,81379,GERMANY,No,200216511,Covered,Active,PSRT,PRTNR SS 8X5XNBD,Vendor,Yes,1/9/2025 0:00,1/8/2028 0:00,,USD,1192.21,0,4501604314,2359.8,,118102532,29611.33,N/A,N/A,N/A,,-,0,No,No,No,-,No,-,No,-,No,-,Active,-,Include,0,0,Include,14327,NULL,NULL
Demo,75581137,Cisco,-,FVH123681,123457014,Parent,C9500-48Y4C-A,1,"Catalyst 9500 48-port x 1/10/25G + 4-port 40/100G, Advantage",,,,No Ship Date Available,00:00.0,4501604314,,C9500,ENTERPRISE SWITCHING,ENT. SWITCHING - ACCESS,CHASSIS,-,-,-,-,Not Defined,3/10/2035 0:00,DEFAULT GROUP,,1019375937,MUENCHEN - AIDENBACHSTR. 40,AIDENBACHSTR. 40,,,MUENCHEN,,81379,GERMANY,No,200216511,Covered,Active,PSRT,PRTNR SS 8X5XNBD,Vendor,Yes,1/9/2025 0:00,1/8/2028 0:00,,USD,1192.21,0,4501604314,2359.8,,118102532,29611.33,N/A,N/A,N/A,,-,0,No,No,No,-,No,-,No,-,No,-,Active,-,Include,0,0,Include,14327,NULL,NULL
Demo,75581150,Cisco,-,FVH123682,123457015,Parent,AIR-CT8540-K9,1,^Cisco 8540 Wireless Controller with rack mouting kit,,,,No Ship Date Available,00:00.0,4500702037,,AIRCTA2,WIRELESS,ENT. - WIRELESS,CHASSIS,-,-,1/31/2022,1/31/2027,12-24 Months,7/29/2022 0:00,DEFAULT GROUP,,1016697150,SOUTHAMPTON - 100 HARBOUR PARADE,100 HARBOUR PARADE,,,SOUTHAMPTON,HAMPSHIRE,SO15 1BA,UNITED KINGDOM,No,206345589,Covered,Active,L1NBD,L1NBD,Vendor,Yes,12/1/2024 0:00,1/30/2027 0:00,30400375,USD,8458.25,0,4501605158,10573.1,,108185140,54142,N/A,N/A,N/A,,-,0,No,No,No,-,No,-,No,-,No,-,Active,-,Include,0,0,Include,14327,NULL,NULL
Demo,75581269,Cisco,-,FVH123683,123457016,Parent,N3K-C3172TQ-32T,1,"^Nexus 3172-T, 32 x 10GBase-T and  6 QSFP+ ports",,,,No Ship Date Available,00:00.0,-1,,N3000,DATA CENTER SWITCHING,NEXUS SWITCHING,CHASSIS,-,-,2/25/2022,2/28/2027,12-24 Months,10/16/2020 0:00,DEFAULT GROUP,,1022291374,"SOUTHAMPTON - CARNIVAL HOUSE HARBOUR PARADE, 5 STREET GAINFORD","CARNIVAL HOUSE HARBOUR PARADE, 5 STREET GAINFORD",,,SOUTHAMPTON,HAMPSHIRE,SO15 1ST,UNITED KINGDOM,No,206345589,Covered,Active,L1NBD,L1NBD,Vendor,Yes,12/1/2024 0:00,1/30/2027 0:00,30400375,USD,1144.25,0,4501605158,1429.45,,800783527,19953,N/A,N/A,N/A,,-,0,No,No,No,-,No,-,No,-,No,-,Active,-,Include,0,0,Include,14327,NULL,NULL
Demo,75581301,Cisco,-,FVH123684,123457017,Parent,C9115AXI-E,1,Cisco Catalyst 9115AX Series,,,,No Ship Date Available,00:00.0,4501211050,,C9115AX,WIRELESS,ENT. - WIRELESS,CHASSIS,-,-,-,-,Not Defined,7/29/2032 0:00,DEFAULT GROUP,CARNIVAL PLC,1056363584,SOUTHAMPTON - MAJESTIC ROAD,MAJESTIC ROAD,,,SOUTHAMPTON,HAMPSHIRE,SO16 0YT,UNITED KINGDOM,No,206345589,Covered,Active,L1NBD,L1NBD,Vendor,Yes,12/1/2024 0:00,1/30/2027 0:00,30400375,USD,89.7,0,4501616850,89.7,,113449414,1397.75,N/A,N/A,N/A,,-,0,No,No,No,-,No,-,No,-,No,-,Active,-,Include,0,0,Include,14327,NULL,NULL
Demo,75581309,Cisco,-,FVH123685,123457018,Parent,CS-BAR-T-K9,1,Cisco Room Bar in First Light w/Navigator(Table Stand),,,,No Ship Date Available,00:00.0,4501623333,,CTSQS,COLLABORATION,TP ENDPOINTS,CHASSIS,-,-,-,-,Not Defined,8/13/2025 0:00,DEFAULT GROUP,,1001341862,FRANKFURT - ECKENHEIMER LANDSTR. 100-104,ECKENHEIMER LANDSTR. 100-104,,,FRANKFURT,,60318,GERMANY,No,200216511,Covered,Active,PSRN,PRTNR TP VID 8X5XNBD,Vendor,Yes,3/15/2025 0:00,3/14/2028 0:00,,USD,428,0,4501623333,454.25,,118324823,7027,N/A,N/A,N/A,,-,0,No,No,No,-,No,-,No,-,No,-,Active,-,Include,0,0,Include,14327,NULL,NULL
Demo,75581563,Cisco,-,FVH123686,123457019,Parent,C9200-48T-E,1,"Catalyst 9200 48-port data only, Network Essentials",,,,No Ship Date Available,00:00.0,4501568805,,C9200,ENTERPRISE SWITCHING,ENT. SWITCHING - ACCESS,CHASSIS,-,-,-,-,Not Defined,12/5/2034 0:00,DEFAULT GROUP,,1060300516,BERLIN - HILDEGARD-KNEF-PLATZ 2,HILDEGARD-KNEF-PLATZ 2,,,BERLIN,,10829,GERMANY,No,200216511,Covered,Active,PSUP,PRTNR SUP 24X7X4,Vendor,Yes,10/5/2024 0:00,10/4/2029 0:00,,USD,377.89,0,4501568805,747.5,,117628510,5278.98,N/A,N/A,N/A,,-,0,No,No,No,-,No,-,No,-,No,-,Active,-,Include,0,0,Include,14327,NULL,NULL
Demo,75581576,Cisco,-,FVH123687,123457020,Parent,C9200-48T-E,1,"Catalyst 9200 48-port data only, Network Essentials",,,,No Ship Date Available,00:00.0,4501568805,,C9200,ENTERPRISE SWITCHING,ENT. SWITCHING - ACCESS,CHASSIS,-,-,-,-,Not Defined,12/5/2034 0:00,DEFAULT GROUP,,1060300516,BERLIN - HILDEGARD-KNEF-PLATZ 2,HILDEGARD-KNEF-PLATZ 2,,,BERLIN,,10829,GERMANY,No,200216511,Covered,Active,PSUP,PRTNR SUP 24X7X4,Vendor,Yes,10/5/2024 0:00,10/4/2029 0:00,,USD,377.89,0,4501568805,747.5,,117628510,5278.98,N/A,N/A,N/A,,-,0,No,No,No,-,No,-,No,-,No,-,Active,-,Include,0,0,Include,14327,NULL,NULL
Demo,75581754,Cisco,-,FVH123688,123457021,Parent,C9500-48Y4C-A,1,"Catalyst 9500 48-port x 1/10/25G + 4-port 40/100G, Advantage",,,,No Ship Date Available,00:00.0,4500821925,,C9500,ENTERPRISE SWITCHING,ENT. SWITCHING - ACCESS,CHASSIS,-,-,-,-,Not Defined,2/12/2030 0:00,DEFAULT GROUP,AIDA CRUISES,2001479781,ROSTOCK - AM STRANDE 3,AM STRANDE 3,,,ROSTOCK,,18055,GERMANY,No,206405532,Covered,Active,L1NBD,L1NBD,Vendor,Yes,11/5/2024 0:00,11/4/2025 0:00,,USD,2689.85,0,4501617623,2689.85,,109390895,29611.33,N/A,N/A,N/A,,-,0,No,No,No,-,No,-,No,-,No,-,Active,-,Include,0,0,Include,14327,NULL,NULL
Demo,75581769,Cisco,-,FVH123689,123457022,Parent,C9300-48P-A,1,"Catalyst 9300 48-port PoE+, Network Advantage",,,,No Ship Date Available,00:00.0,4500586513,,C9300,ENTERPRISE SWITCHING,ENT. SWITCHING - ACCESS,CHASSIS,-,-,-,-,Not Defined,3/12/2029 0:00,DEFAULT GROUP,,1016697150,SOUTHAMPTON - 100 HARBOUR PARADE,100 HARBOUR PARADE,,,SOUTHAMPTON,HAMPSHIRE,SO15 1BA,UNITED KINGDOM,No,206345589,Covered,Active,L1NBD,L1NBD,Vendor,Yes,12/1/2024 0:00,1/30/2027 0:00,30400375,USD,1064.9,0,4501605158,1064.9,,107152393,12382.04,N/A,N/A,N/A,,-,0,No,No,No,-,No,-,No,-,No,-,Active,-,Include,0,0,Include,14327,NULL,NULL
Demo,75581880,Cisco,-,FVH123690,123457023,Parent,WS-C2960X-48LPD-L,1,"^Catalyst 2960-X 48 GigE PoE 370W, 2 x 10G SFP+ LAN Base",,,,No Ship Date Available,00:00.0,4501203679,,C2960X,ENTERPRISE SWITCHING,ACCESS & AGGREGATION,CHASSIS,Switches,http://www.cisco.com/content/en/us/support/switches/catalyst-2960x-48lpd-l-switch/model.html,10/31/2022,10/31/2027,24-36 Months,10/31/2027 0:00,DEFAULT GROUP,,1016697150,SOUTHAMPTON - 100 HARBOUR PARADE,100 HARBOUR PARADE,,,SOUTHAMPTON,HAMPSHIRE,SO15 1BA,UNITED KINGDOM,No,206345589,Covered,Active,L1NBD,L1NBD,Vendor,Yes,12/1/2024 0:00,1/30/2027 0:00,30400375,USD,841.8,0,4501605158,841.8,,106680149,10937,N/A,N/A,N/A,,-,0,No,No,No,-,No,-,No,-,No,-,Active,-,Include,0,0,Include,14327,NULL,NULL
Demo,75581881,Cisco,-,FVH123691,123457024,Parent,WS-C2960X-48LPD-L,1,"^Catalyst 2960-X 48 GigE PoE 370W, 2 x 10G SFP+ LAN Base",,,,No Ship Date Available,00:00.0,4501203679,,C2960X,ENTERPRISE SWITCHING,ACCESS & AGGREGATION,CHASSIS,Switches,http://www.cisco.com/content/en/us/support/switches/catalyst-2960x-48lpd-l-switch/model.html,10/31/2022,10/31/2027,24-36 Months,10/31/2027 0:00,DEFAULT GROUP,,1016697150,SOUTHAMPTON - 100 HARBOUR PARADE,100 HARBOUR PARADE,,,SOUTHAMPTON,HAMPSHIRE,SO15 1BA,UNITED KINGDOM,No,206345589,Covered,Active,L1NBD,L1NBD,Vendor,Yes,12/1/2024 0:00,1/30/2027 0:00,30400375,USD,841.8,0,4501605158,841.8,,106680149,10937,N/A,N/A,N/A,,-,0,No,No,No,-,No,-,No,-,No,-,Active,-,Include,0,0,Include,14327,NULL,NULL
Demo,75581882,Cisco,-,FVH123692,123457025,Parent,WS-C2960X-48LPD-L,1,"^Catalyst 2960-X 48 GigE PoE 370W, 2 x 10G SFP+ LAN Base",,,,No Ship Date Available,00:00.0,4501203679,,C2960X,ENTERPRISE SWITCHING,ACCESS & AGGREGATION,CHASSIS,Switches,http://www.cisco.com/content/en/us/support/switches/catalyst-2960x-48lpd-l-switch/model.html,10/31/2022,10/31/2027,24-36 Months,10/31/2027 0:00,DEFAULT GROUP,CARNIVAL PLC,1056363584,SOUTHAMPTON - MAJESTIC ROAD,MAJESTIC ROAD,,,SOUTHAMPTON,HAMPSHIRE,SO16 0YT,UNITED KINGDOM,No,206345589,Covered,Active,L1NBD,L1NBD,Vendor,Yes,12/1/2024 0:00,1/30/2027 0:00,30400375,USD,841.8,0,4501616850,841.8,,106680149,10937,N/A,N/A,N/A,,-,0,No,No,No,-,No,-,No,-,No,-,Active,-,Include,0,0,Include,14327,NULL,NULL
Demo,75581883,Cisco,-,FVH123693,123457026,Parent,WS-C2960X-48LPD-L,1,"^Catalyst 2960-X 48 GigE PoE 370W, 2 x 10G SFP+ LAN Base",,,,No Ship Date Available,00:00.0,4501203679,,C2960X,ENTERPRISE SWITCHING,ACCESS & AGGREGATION,CHASSIS,Switches,http://www.cisco.com/content/en/us/support/switches/catalyst-2960x-48lpd-l-switch/model.html,10/31/2022,10/31/2027,24-36 Months,10/31/2027 0:00,DEFAULT GROUP,,1016697150,SOUTHAMPTON - 100 HARBOUR PARADE,100 HARBOUR PARADE,,,SOUTHAMPTON,HAMPSHIRE,SO15 1BA,UNITED KINGDOM,No,206345589,Covered,Active,L1NBD,L1NBD,Vendor,Yes,12/1/2024 0:00,1/30/2027 0:00,30400375,USD,841.8,0,4501605158,841.8,,106680149,10937,N/A,N/A,N/A,,-,0,No,No,No,-,No,-,No,-,No,-,Active,-,Include,0,0,Include,14327,NULL,NULL
Demo,75581884,Cisco,-,FVH123694,123457027,Parent,WS-C2960X-48LPD-L,1,"^Catalyst 2960-X 48 GigE PoE 370W, 2 x 10G SFP+ LAN Base",,,,No Ship Date Available,00:00.0,4501203679,,C2960X,ENTERPRISE SWITCHING,ACCESS & AGGREGATION,CHASSIS,Switches,http://www.cisco.com/content/en/us/support/switches/catalyst-2960x-48lpd-l-switch/model.html,10/31/2022,10/31/2027,24-36 Months,10/31/2027 0:00,DEFAULT GROUP,,1016697150,SOUTHAMPTON - 100 HARBOUR PARADE,100 HARBOUR PARADE,,,SOUTHAMPTON,HAMPSHIRE,SO15 1BA,UNITED KINGDOM,No,206345589,Covered,Active,L1NBD,L1NBD,Vendor,Yes,12/1/2024 0:00,1/30/2027 0:00,30400375,USD,841.8,0,4501605158,841.8,,106680149,10937,N/A,N/A,N/A,,-,0,No,No,No,-,No,-,No,-,No,-,Active,-,Include,0,0,Include,14327,NULL,NULL
Demo,75581885,Cisco,-,FVH123695,123457028,Parent,WS-C2960X-48LPD-L,1,"^Catalyst 2960-X 48 GigE PoE 370W, 2 x 10G SFP+ LAN Base",,,,No Ship Date Available,00:00.0,4501203679,,C2960X,ENTERPRISE SWITCHING,ACCESS & AGGREGATION,CHASSIS,Switches,http://www.cisco.com/content/en/us/support/switches/catalyst-2960x-48lpd-l-switch/model.html,10/31/2022,10/31/2027,24-36 Months,10/31/2027 0:00,DEFAULT GROUP,,1016697150,SOUTHAMPTON - 100 HARBOUR PARADE,100 HARBOUR PARADE,,,SOUTHAMPTON,HAMPSHIRE,SO15 1BA,UNITED KINGDOM,No,206345589,Covered,Active,L1NBD,L1NBD,Vendor,Yes,12/1/2024 0:00,1/30/2027 0:00,30400375,USD,841.8,0,4501605158,841.8,,106680149,10937,N/A,N/A,N/A,,-,0,No,No,No,-,No,-,No,-,No,-,Active,-,Include,0,0,Include,14327,NULL,NULL
Demo,75581886,Cisco,-,FVH123696,123457029,Parent,WS-C2960X-48LPD-L,1,"^Catalyst 2960-X 48 GigE PoE 370W, 2 x 10G SFP+ LAN Base",,,,No Ship Date Available,00:00.0,4501203679,,C2960X,ENTERPRISE SWITCHING,ACCESS & AGGREGATION,CHASSIS,Switches,http://www.cisco.com/content/en/us/support/switches/catalyst-2960x-48lpd-l-switch/model.html,10/31/2022,10/31/2027,24-36 Months,10/31/2027 0:00,DEFAULT GROUP,,1016697150,SOUTHAMPTON - 100 HARBOUR PARADE,100 HARBOUR PARADE,,,SOUTHAMPTON,HAMPSHIRE,SO15 1BA,UNITED KINGDOM,No,206345589,Covered,Active,L1NBD,L1NBD,Vendor,Yes,12/1/2024 0:00,1/30/2027 0:00,30400375,USD,841.8,0,4501605158,841.8,,106680149,10937,N/A,N/A,N/A,,-,0,No,No,No,-,No,-,No,-,No,-,Active,-,Include,0,0,Include,14327,NULL,NULL
Demo,75581887,Cisco,-,FVH123697,123457030,Parent,WS-C2960X-48LPD-L,1,"^Catalyst 2960-X 48 GigE PoE 370W, 2 x 10G SFP+ LAN Base",,,,No Ship Date Available,00:00.0,4501203679,,C2960X,ENTERPRISE SWITCHING,ACCESS & AGGREGATION,CHASSIS,Switches,http://www.cisco.com/content/en/us/support/switches/catalyst-2960x-48lpd-l-switch/model.html,10/31/2022,10/31/2027,24-36 Months,10/31/2027 0:00,DEFAULT GROUP,,1016697150,SOUTHAMPTON - 100 HARBOUR PARADE,100 HARBOUR PARADE,,,SOUTHAMPTON,HAMPSHIRE,SO15 1BA,UNITED KINGDOM,No,206345589,Covered,Active,L1NBD,L1NBD,Vendor,Yes,12/1/2024 0:00,1/30/2027 0:00,30400375,USD,841.8,0,4501605158,841.8,,106680149,10937,N/A,N/A,N/A,,-,0,No,No,No,-,No,-,No,-,No,-,Active,-,Include,0,0,Include,14327,NULL,NULL
Demo,75581888,Cisco,-,FVH123698,123457031,Parent,WS-C2960X-48LPD-L,1,"^Catalyst 2960-X 48 GigE PoE 370W, 2 x 10G SFP+ LAN Base",,,,No Ship Date Available,00:00.0,4501203679,,C2960X,ENTERPRISE SWITCHING,ACCESS & AGGREGATION,CHASSIS,Switches,http://www.cisco.com/content/en/us/support/switches/catalyst-2960x-48lpd-l-switch/model.html,10/31/2022,10/31/2027,24-36 Months,10/31/2027 0:00,DEFAULT GROUP,,1016697150,SOUTHAMPTON - 100 HARBOUR PARADE,100 HARBOUR PARADE,,,SOUTHAMPTON,HAMPSHIRE,SO15 1BA,UNITED KINGDOM,No,206345589,Covered,Active,L1NBD,L1NBD,Vendor,Yes,12/1/2024 0:00,1/30/2027 0:00,30400375,USD,841.8,0,4501605158,841.8,,106680149,10937,N/A,N/A,N/A,,-,0,No,No,No,-,No,-,No,-,No,-,Active,-,Include,0,0,Include,14327,NULL,NULL
Demo,75581889,Cisco,-,FVH123699,123457032,Parent,WS-C2960X-48LPD-L,1,"^Catalyst 2960-X 48 GigE PoE 370W, 2 x 10G SFP+ LAN Base",,,,No Ship Date Available,00:00.0,4501203679,,C2960X,ENTERPRISE SWITCHING,ACCESS & AGGREGATION,CHASSIS,Switches,http://www.cisco.com/content/en/us/support/switches/catalyst-2960x-48lpd-l-switch/model.html,10/31/2022,10/31/2027,24-36 Months,10/31/2027 0:00,DEFAULT GROUP,,1016697150,SOUTHAMPTON - 100 HARBOUR PARADE,100 HARBOUR PARADE,,,SOUTHAMPTON,HAMPSHIRE,SO15 1BA,UNITED KINGDOM,No,206345589,Covered,Active,L1NBD,L1NBD,Vendor,Yes,12/1/2024 0:00,1/30/2027 0:00,30400375,USD,841.8,0,4501605158,841.8,,106680149,10937,N/A,N/A,N/A,,-,0,No,No,No,-,No,-,No,-,No,-,Active,-,Include,0,0,Include,14327,NULL,NULL
Demo,75581890,Cisco,-,FVH123700,123457033,Parent,WS-C2960X-48LPD-L,1,"^Catalyst 2960-X 48 GigE PoE 370W, 2 x 10G SFP+ LAN Base",,,,No Ship Date Available,00:00.0,4501203679,,C2960X,ENTERPRISE SWITCHING,ACCESS & AGGREGATION,CHASSIS,Switches,http://www.cisco.com/content/en/us/support/switches/catalyst-2960x-48lpd-l-switch/model.html,10/31/2022,10/31/2027,24-36 Months,10/31/2027 0:00,DEFAULT GROUP,,1016697150,SOUTHAMPTON - 100 HARBOUR PARADE,100 HARBOUR PARADE,,,SOUTHAMPTON,HAMPSHIRE,SO15 1BA,UNITED KINGDOM,No,206345589,Covered,Active,L1NBD,L1NBD,Vendor,Yes,12/1/2024 0:00,1/30/2027 0:00,30400375,USD,841.8,0,4501605158,841.8,,106680149,10937,N/A,N/A,N/A,,-,0,No,No,No,-,No,-,No,-,No,-,Active,-,Include,0,0,Include,14327,NULL,NULL
Demo,75581891,Cisco,-,FVH123701,123457034,Parent,WS-C2960X-48LPD-L,1,"^Catalyst 2960-X 48 GigE PoE 370W, 2 x 10G SFP+ LAN Base",,,,No Ship Date Available,00:00.0,4501203679,,C2960X,ENTERPRISE SWITCHING,ACCESS & AGGREGATION,CHASSIS,Switches,http://www.cisco.com/content/en/us/support/switches/catalyst-2960x-48lpd-l-switch/model.html,10/31/2022,10/31/2027,24-36 Months,10/31/2027 0:00,DEFAULT GROUP,,1016697150,SOUTHAMPTON - 100 HARBOUR PARADE,100 HARBOUR PARADE,,,SOUTHAMPTON,HAMPSHIRE,SO15 1BA,UNITED KINGDOM,No,206345589,Covered,Active,L1NBD,L1NBD,Vendor,Yes,12/1/2024 0:00,1/30/2027 0:00,30400375,USD,841.8,0,4501605158,841.8,,106680149,10937,N/A,N/A,N/A,,-,0,No,No,No,-,No,-,No,-,No,-,Active,-,Include,0,0,Include,14327,NULL,NULL
Demo,75581892,Cisco,-,FVH123702,123457035,Parent,WS-C2960X-48LPD-L,1,"^Catalyst 2960-X 48 GigE PoE 370W, 2 x 10G SFP+ LAN Base",,,,No Ship Date Available,00:00.0,4501203679,,C2960X,ENTERPRISE SWITCHING,ACCESS & AGGREGATION,CHASSIS,Switches,http://www.cisco.com/content/en/us/support/switches/catalyst-2960x-48lpd-l-switch/model.html,10/31/2022,10/31/2027,24-36 Months,10/31/2027 0:00,DEFAULT GROUP,,1016697150,SOUTHAMPTON - 100 HARBOUR PARADE,100 HARBOUR PARADE,,,SOUTHAMPTON,HAMPSHIRE,SO15 1BA,UNITED KINGDOM,No,206345589,Covered,Active,L1NBD,L1NBD,Vendor,Yes,12/1/2024 0:00,1/30/2027 0:00,30400375,USD,841.8,0,4501605158,841.8,,106680149,10937,N/A,N/A,N/A,,-,0,No,No,No,-,No,-,No,-,No,-,Active,-,Include,0,0,Include,14327,NULL,NULL
Demo,75581893,Cisco,-,FVH123703,123457036,Parent,WS-C2960X-48LPD-L,1,"^Catalyst 2960-X 48 GigE PoE 370W, 2 x 10G SFP+ LAN Base",,,,No Ship Date Available,00:00.0,4501203679,,C2960X,ENTERPRISE SWITCHING,ACCESS & AGGREGATION,CHASSIS,Switches,http://www.cisco.com/content/en/us/support/switches/catalyst-2960x-48lpd-l-switch/model.html,10/31/2022,10/31/2027,24-36 Months,10/31/2027 0:00,DEFAULT GROUP,,1016697150,SOUTHAMPTON - 100 HARBOUR PARADE,100 HARBOUR PARADE,,,SOUTHAMPTON,HAMPSHIRE,SO15 1BA,UNITED KINGDOM,No,206345589,Covered,Active,L1NBD,L1NBD,Vendor,Yes,12/1/2024 0:00,1/30/2027 0:00,30400375,USD,841.8,0,4501605158,841.8,,106680149,10937,N/A,N/A,N/A,,-,0,No,No,No,-,No,-,No,-,No,-,Active,-,Include,0,0,Include,14327,NULL,NULL
Demo,75581894,Cisco,-,FVH123704,123457037,Parent,WS-C2960X-48LPD-L,1,"^Catalyst 2960-X 48 GigE PoE 370W, 2 x 10G SFP+ LAN Base",,,,No Ship Date Available,00:00.0,4501203679,,C2960X,ENTERPRISE SWITCHING,ACCESS & AGGREGATION,CHASSIS,Switches,http://www.cisco.com/content/en/us/support/switches/catalyst-2960x-48lpd-l-switch/model.html,10/31/2022,10/31/2027,24-36 Months,10/31/2027 0:00,DEFAULT GROUP,,1016697150,SOUTHAMPTON - 100 HARBOUR PARADE,100 HARBOUR PARADE,,,SOUTHAMPTON,HAMPSHIRE,SO15 1BA,UNITED KINGDOM,No,206345589,Covered,Active,L1NBD,L1NBD,Vendor,Yes,12/1/2024 0:00,1/30/2027 0:00,30400375,USD,841.8,0,4501605158,841.8,,106680149,10937,N/A,N/A,N/A,,-,0,No,No,No,-,No,-,No,-,No,-,Active,-,Include,0,0,Include,14327,NULL,NULL
Demo,75581895,Cisco,-,FVH123705,123457038,Parent,C9500-24Y4C-A,1,"Catalyst 9500 24x1/10/25G  and 4-port 40/100G, Advantage",,,,No Ship Date Available,00:00.0,4501245478,,C9500,ENTERPRISE SWITCHING,ENT. SWITCHING - ACCESS,CHASSIS,-,-,-,-,Not Defined,8/11/2032 0:00,DEFAULT GROUP,,1016697150,SOUTHAMPTON - 100 HARBOUR PARADE,100 HARBOUR PARADE,,,SOUTHAMPTON,HAMPSHIRE,SO15 1BA,UNITED KINGDOM,No,206345589,Covered,Active,L1NBD,L1NBD,Vendor,Yes,12/1/2024 0:00,1/30/2027 0:00,30400375,USD,2472.5,0,4501605158,2472.5,,113848222,27214.04,N/A,N/A,N/A,,-,0,No,No,No,-,No,-,No,-,No,-,Active,-,Include,0,0,Include,14327,NULL,NULL
Demo,75581908,Cisco,-,FVH123706,123457039,Parent,C9500-24Y4C-A,1,"Catalyst 9500 24x1/10/25G  and 4-port 40/100G, Advantage",,,,No Ship Date Available,00:00.0,4501245478,,C9500,ENTERPRISE SWITCHING,ENT. SWITCHING - ACCESS,CHASSIS,-,-,-,-,Not Defined,8/11/2032 0:00,DEFAULT GROUP,,1016697150,SOUTHAMPTON - 100 HARBOUR PARADE,100 HARBOUR PARADE,,,SOUTHAMPTON,HAMPSHIRE,SO15 1BA,UNITED KINGDOM,No,206345589,Covered,Active,L1NBD,L1NBD,Vendor,Yes,12/1/2024 0:00,1/30/2027 0:00,30400375,USD,2472.5,0,4501605158,2472.5,,113848222,27214.04,N/A,N/A,N/A,,-,0,No,No,No,-,No,-,No,-,No,-,Active,-,Include,0,0,Include,14327,NULL,NULL
Demo,75581921,Cisco,-,FVH123707,123457040,Parent,C9120AXI-E,1,C9120AX Internal 802.11ax 4x4:4 MIMO;IOT;BT5;mGig;USB;RHL,,,,No Ship Date Available,00:00.0,4501245478,,C9120AX,WIRELESS,ENT. - WIRELESS,CHASSIS,-,-,-,-,Not Defined,9/16/2032 0:00,DEFAULT GROUP,,1016697150,SOUTHAMPTON - 100 HARBOUR PARADE,100 HARBOUR PARADE,,,SOUTHAMPTON,HAMPSHIRE,SO15 1BA,UNITED KINGDOM,No,206345589,Covered,Active,L1NBD,L1NBD,Vendor,Yes,12/1/2024 0:00,1/30/2027 0:00,30400375,USD,121.9,0,4501605158,121.9,,113848222,2238.28,N/A,N/A,N/A,,-,0,No,No,No,-,No,-,No,-,No,-,Active,-,Include,0,0,Include,14327,NULL,NULL
Demo,75581929,Cisco,-,FVH123708,123457041,Parent,C9120AXI-E,1,C9120AX Internal 802.11ax 4x4:4 MIMO;IOT;BT5;mGig;USB;RHL,,,,No Ship Date Available,00:00.0,4501245478,,C9120AX,WIRELESS,ENT. - WIRELESS,CHASSIS,-,-,-,-,Not Defined,9/16/2032 0:00,DEFAULT GROUP,,1016697150,SOUTHAMPTON - 100 HARBOUR PARADE,100 HARBOUR PARADE,,,SOUTHAMPTON,HAMPSHIRE,SO15 1BA,UNITED KINGDOM,No,206345589,Covered,Active,L1NBD,L1NBD,Vendor,Yes,12/1/2024 0:00,1/30/2027 0:00,30400375,USD,121.9,0,4501605158,121.9,,113848222,2238.28,N/A,N/A,N/A,,-,0,No,No,No,-,No,-,No,-,No,-,Active,-,Include,0,0,Include,14327,NULL,NULL
Demo,75581937,Cisco,-,FVH123709,123457042,Parent,C9120AXI-E,1,C9120AX Internal 802.11ax 4x4:4 MIMO;IOT;BT5;mGig;USB;RHL,,,,No Ship Date Available,00:00.0,4501245478,,C9120AX,WIRELESS,ENT. - WIRELESS,CHASSIS,-,-,-,-,Not Defined,9/16/2032 0:00,DEFAULT GROUP,,1016697150,SOUTHAMPTON - 100 HARBOUR PARADE,100 HARBOUR PARADE,,,SOUTHAMPTON,HAMPSHIRE,SO15 1BA,UNITED KINGDOM,No,206345589,Covered,Active,L1NBD,L1NBD,Vendor,Yes,12/1/2024 0:00,1/30/2027 0:00,30400375,USD,121.9,0,4501605158,121.9,,113848222,2238.28,N/A,N/A,N/A,,-,0,No,No,No,-,No,-,No,-,No,-,Active,-,Include,0,0,Include,14327,NULL,NULL
Demo,75581945,Cisco,-,FVH123710,123457043,Parent,C9120AXI-E,1,C9120AX Internal 802.11ax 4x4:4 MIMO;IOT;BT5;mGig;USB;RHL,,,,No Ship Date Available,00:00.0,4501245478,,C9120AX,WIRELESS,ENT. - WIRELESS,CHASSIS,-,-,-,-,Not Defined,9/16/2032 0:00,DEFAULT GROUP,,1016697150,SOUTHAMPTON - 100 HARBOUR PARADE,100 HARBOUR PARADE,,,SOUTHAMPTON,HAMPSHIRE,SO15 1BA,UNITED KINGDOM,No,206345589,Covered,Active,L1NBD,L1NBD,Vendor,Yes,12/1/2024 0:00,1/30/2027 0:00,30400375,USD,121.9,0,4501605158,121.9,,113848222,2238.28,N/A,N/A,N/A,,-,0,No,No,No,-,No,-,No,-,No,-,Active,-,Include,0,0,Include,14327,NULL,NULL
Demo,75582022,Cisco,-,FVH123711,123457044,Parent,C9120AXI-E,1,C9120AX Internal 802.11ax 4x4:4 MIMO;IOT;BT5;mGig;USB;RHL,,,,No Ship Date Available,00:00.0,4501245478,,C9120AX,WIRELESS,ENT. - WIRELESS,CHASSIS,-,-,-,-,Not Defined,9/16/2032 0:00,DEFAULT GROUP,,1016697150,SOUTHAMPTON - 100 HARBOUR PARADE,100 HARBOUR PARADE,,,SOUTHAMPTON,HAMPSHIRE,SO15 1BA,UNITED KINGDOM,No,206345589,Covered,Active,L1NBD,L1NBD,Vendor,Yes,12/1/2024 0:00,1/30/2027 0:00,30400375,USD,121.9,0,4501605158,121.9,,113848222,2238.28,N/A,N/A,N/A,,-,0,No,No,No,-,No,-,No,-,No,-,Active,-,Include,0,0,Include,14327,NULL,NULL
Demo,75582117,Cisco,-,FVH123712,123457045,Parent,C9120AXI-E,1,C9120AX Internal 802.11ax 4x4:4 MIMO;IOT;BT5;mGig;USB;RHL,,,,No Ship Date Available,00:00.0,4501245478,,C9120AX,WIRELESS,ENT. - WIRELESS,CHASSIS,-,-,-,-,Not Defined,9/16/2032 0:00,DEFAULT GROUP,,1016697150,SOUTHAMPTON - 100 HARBOUR PARADE,100 HARBOUR PARADE,,,SOUTHAMPTON,HAMPSHIRE,SO15 1BA,UNITED KINGDOM,No,206345589,Covered,Active,L1NBD,L1NBD,Vendor,Yes,12/1/2024 0:00,1/30/2027 0:00,30400375,USD,121.9,0,4501605158,121.9,,113848222,2238.28,N/A,N/A,N/A,,-,0,No,No,No,-,No,-,No,-,No,-,Active,-,Include,0,0,Include,14327,NULL,NULL
Demo,75582125,Cisco,-,FVH123713,123457046,Parent,C9120AXI-E,1,C9120AX Internal 802.11ax 4x4:4 MIMO;IOT;BT5;mGig;USB;RHL,,,,No Ship Date Available,00:00.0,4501245478,,C9120AX,WIRELESS,ENT. - WIRELESS,CHASSIS,-,-,-,-,Not Defined,9/16/2032 0:00,DEFAULT GROUP,,1016697150,SOUTHAMPTON - 100 HARBOUR PARADE,100 HARBOUR PARADE,,,SOUTHAMPTON,HAMPSHIRE,SO15 1BA,UNITED KINGDOM,No,206345589,Covered,Active,L1NBD,L1NBD,Vendor,Yes,12/1/2024 0:00,1/30/2027 0:00,30400375,USD,121.9,0,4501605158,121.9,,113848222,2238.28,N/A,N/A,N/A,,-,0,No,No,No,-,No,-,No,-,No,-,Active,-,Include,0,0,Include,14327,NULL,NULL
Demo,75582133,Cisco,-,FVH123714,123457047,Parent,C9120AXI-E,1,C9120AX Internal 802.11ax 4x4:4 MIMO;IOT;BT5;mGig;USB;RHL,,,,No Ship Date Available,00:00.0,4501245478,,C9120AX,WIRELESS,ENT. - WIRELESS,CHASSIS,-,-,-,-,Not Defined,9/16/2032 0:00,DEFAULT GROUP,,1016697150,SOUTHAMPTON - 100 HARBOUR PARADE,100 HARBOUR PARADE,,,SOUTHAMPTON,HAMPSHIRE,SO15 1BA,UNITED KINGDOM,No,206345589,Covered,Active,L1NBD,L1NBD,Vendor,Yes,12/1/2024 0:00,1/30/2027 0:00,30400375,USD,121.9,0,4501605158,121.9,,113848222,2238.28,N/A,N/A,N/A,,-,0,No,No,No,-,No,-,No,-,No,-,Active,-,Include,0,0,Include,14327,NULL,NULL
Demo,75582191,Cisco,-,FVH123715,123457048,Parent,C9410R-96U-BNDL-A,1,"Catalyst 9400 Series 10 slot,1xSup, 2xLC, DNA-A LIC",,,,No Ship Date Available,00:00.0,4501099794,,C9400,ENTERPRISE SWITCHING,ENT. SWITCHING - ACCESS,CHASSIS,-,-,-,-,Not Defined,8/12/2031 0:00,DEFAULT GROUP,AIDA CRUISES,2001479781,ROSTOCK - AM STRANDE 3,AM STRANDE 3,,,ROSTOCK,,18055,GERMANY,No,200300338,Covered,Active,PSRT,PRTNR SS 8X5XNBD,Vendor,Yes,5/1/2021 0:00,4/30/2026 0:00,,USD,1502.98,0,4501099794,3747.85,,112272978,38679.41,N/A,N/A,N/A,,-,0,No,No,No,-,No,-,No,-,No,-,Active,-,Include,0,0,Include,14327,NULL,NULL
Demo,75582213,Cisco,-,FVH123716,123457049,Parent,IE-9320-24T4X-A,1,24 Port Copper Downlinks with 4 10G Uplinks,,,,No Ship Date Available,00:00.0,4501593594,,IE9300,INDUSTRIAL IOT NETWORKING,IOT SWITCHING,CHASSIS,-,-,-,-,Not Defined,3/30/2030 0:00,DEFAULT GROUP,,1042756904,GARCHING - KARL-SCHWARZSCHILD-STR. 2,KARL-SCHWARZSCHILD-STR. 2,,,GARCHING,,85748,GERMANY,No,200216511,Covered,Active,PSRT,PRTNR SS 8X5XNBD,Vendor,Yes,1/29/2025 0:00,9/28/2025 0:00,,USD,653.08,0,4501593594,1154.6,,118020653,12421.2,N/A,N/A,N/A,,-,0,No,No,No,-,No,-,No,-,No,-,Active,-,Include,0,0,Include,14327,NULL,NULL
Demo,75582280,Cisco,-,FVH123717,123457050,Parent,C9300-48U-E,1,"Catalyst 9300 48-port UPOE, Network Essentials",,,,No Ship Date Available,00:00.0,4501099794,,C9300,ENTERPRISE SWITCHING,ENT. SWITCHING - ACCESS,CHASSIS,-,-,-,-,Not Defined,9/23/2031 0:00,DEFAULT GROUP,AIDA CRUISES,2001479781,ROSTOCK - AM STRANDE 3,AM STRANDE 3,,,ROSTOCK,,18055,GERMANY,No,200300338,Covered,Active,PSRT,PRTNR SS 8X5XNBD,Vendor,Yes,7/23/2021 0:00,7/22/2026 0:00,,USD,522.46,0,4501099794,1033.85,,112272978,13640.57,N/A,N/A,N/A,,-,0,No,No,No,-,No,-,No,-,No,-,Active,-,Include,0,0,Include,14327,NULL,NULL
Demo,75582313,Cisco,-,FVH123718,123457051,Parent,C9120AXI-E,1,C9120AX Internal 802.11ax 4x4:4 MIMO;IOT;BT5;mGig;USB;RHL,,,,No Ship Date Available,00:00.0,4501245478,,C9120AX,WIRELESS,ENT. - WIRELESS,CHASSIS,-,-,-,-,Not Defined,9/16/2032 0:00,DEFAULT GROUP,,1016697150,SOUTHAMPTON - 100 HARBOUR PARADE,100 HARBOUR PARADE,,,SOUTHAMPTON,HAMPSHIRE,SO15 1BA,UNITED KINGDOM,No,206345589,Covered,Active,L1NBD,L1NBD,Vendor,Yes,12/1/2024 0:00,1/30/2027 0:00,30400375,USD,121.9,0,4501605158,121.9,,113848222,2238.28,N/A,N/A,N/A,,-,0,No,No,No,-,No,-,No,-,No,-,Active,-,Include,0,0,Include,14327,NULL,NULL
Demo,75582321,Cisco,-,FVH123719,123457052,Parent,C9120AXI-E,1,C9120AX Internal 802.11ax 4x4:4 MIMO;IOT;BT5;mGig;USB;RHL,,,,No Ship Date Available,00:00.0,4501245478,,C9120AX,WIRELESS,ENT. - WIRELESS,CHASSIS,-,-,-,-,Not Defined,9/16/2032 0:00,DEFAULT GROUP,,1016697150,SOUTHAMPTON - 100 HARBOUR PARADE,100 HARBOUR PARADE,,,SOUTHAMPTON,HAMPSHIRE,SO15 1BA,UNITED KINGDOM,No,206345589,Covered,Active,L1NBD,L1NBD,Vendor,Yes,12/1/2024 0:00,1/30/2027 0:00,30400375,USD,121.9,0,4501605158,121.9,,113848222,2238.28,N/A,N/A,N/A,,-,0,No,No,No,-,No,-,No,-,No,-,Active,-,Include,0,0,Include,14327,NULL,NULL
Demo,75582329,Cisco,-,FVH123720,123457053,Parent,C9120AXI-E,1,C9120AX Internal 802.11ax 4x4:4 MIMO;IOT;BT5;mGig;USB;RHL,,,,No Ship Date Available,00:00.0,4501245478,,C9120AX,WIRELESS,ENT. - WIRELESS,CHASSIS,-,-,-,-,Not Defined,9/16/2032 0:00,DEFAULT GROUP,,1016697150,SOUTHAMPTON - 100 HARBOUR PARADE,100 HARBOUR PARADE,,,SOUTHAMPTON,HAMPSHIRE,SO15 1BA,UNITED KINGDOM,No,206345589,Covered,Active,L1NBD,L1NBD,Vendor,Yes,12/1/2024 0:00,1/30/2027 0:00,30400375,USD,121.9,0,4501605158,121.9,,113848222,2238.28,N/A,N/A,N/A,,-,0,No,No,No,-,No,-,No,-,No,-,Active,-,Include,0,0,Include,14327,NULL,NULL
Demo,75582362,Cisco,-,FVH123721,123457054,Parent,C9120AXI-E,1,C9120AX Internal 802.11ax 4x4:4 MIMO;IOT;BT5;mGig;USB;RHL,,,,No Ship Date Available,00:00.0,4501245478,,C9120AX,WIRELESS,ENT. - WIRELESS,CHASSIS,-,-,-,-,Not Defined,9/16/2032 0:00,DEFAULT GROUP,,1016697150,SOUTHAMPTON - 100 HARBOUR PARADE,100 HARBOUR PARADE,,,SOUTHAMPTON,HAMPSHIRE,SO15 1BA,UNITED KINGDOM,No,206345589,Covered,Active,L1NBD,L1NBD,Vendor,Yes,12/1/2024 0:00,1/30/2027 0:00,30400375,USD,121.9,0,4501605158,121.9,,113848222,2238.28,N/A,N/A,N/A,,-,0,No,No,No,-,No,-,No,-,No,-,Active,-,Include,0,0,Include,14327,NULL,NULL
Demo,75582370,Cisco,-,FVH123722,123457055,Parent,C9120AXI-E,1,C9120AX Internal 802.11ax 4x4:4 MIMO;IOT;BT5;mGig;USB;RHL,,,,No Ship Date Available,00:00.0,4501245478,,C9120AX,WIRELESS,ENT. - WIRELESS,CHASSIS,-,-,-,-,Not Defined,9/16/2032 0:00,DEFAULT GROUP,,1016697150,SOUTHAMPTON - 100 HARBOUR PARADE,100 HARBOUR PARADE,,,SOUTHAMPTON,HAMPSHIRE,SO15 1BA,UNITED KINGDOM,No,206345589,Covered,Active,L1NBD,L1NBD,Vendor,Yes,12/1/2024 0:00,1/30/2027 0:00,30400375,USD,121.9,0,4501605158,121.9,,113848222,2238.28,N/A,N/A,N/A,,-,0,No,No,No,-,No,-,No,-,No,-,Active,-,Include,0,0,Include,14327,NULL,NULL
Demo,75582378,Cisco,-,FVH123723,123457056,Parent,C9120AXI-E,1,C9120AX Internal 802.11ax 4x4:4 MIMO;IOT;BT5;mGig;USB;RHL,,,,No Ship Date Available,00:00.0,4501245478,,C9120AX,WIRELESS,ENT. - WIRELESS,CHASSIS,-,-,-,-,Not Defined,9/16/2032 0:00,DEFAULT GROUP,,1016697150,SOUTHAMPTON - 100 HARBOUR PARADE,100 HARBOUR PARADE,,,SOUTHAMPTON,HAMPSHIRE,SO15 1BA,UNITED KINGDOM,No,206345589,Covered,Active,L1NBD,L1NBD,Vendor,Yes,12/1/2024 0:00,1/30/2027 0:00,30400375,USD,121.9,0,4501605158,121.9,,113848222,2238.28,N/A,N/A,N/A,,-,0,No,No,No,-,No,-,No,-,No,-,Active,-,Include,0,0,Include,14327,NULL,NULL
Demo,75582386,Cisco,-,FVH123724,123457057,Parent,C9120AXI-E,1,C9120AX Internal 802.11ax 4x4:4 MIMO;IOT;BT5;mGig;USB;RHL,,,,No Ship Date Available,00:00.0,4501245478,,C9120AX,WIRELESS,ENT. - WIRELESS,CHASSIS,-,-,-,-,Not Defined,9/16/2032 0:00,DEFAULT GROUP,,1016697150,SOUTHAMPTON - 100 HARBOUR PARADE,100 HARBOUR PARADE,,,SOUTHAMPTON,HAMPSHIRE,SO15 1BA,UNITED KINGDOM,No,206345589,Covered,Active,L1NBD,L1NBD,Vendor,Yes,12/1/2024 0:00,1/30/2027 0:00,30400375,USD,121.9,0,4501605158,121.9,,113848222,2238.28,N/A,N/A,N/A,,-,0,No,No,No,-,No,-,No,-,No,-,Active,-,Include,0,0,Include,14327,NULL,NULL
Demo,75582394,Cisco,-,FVH123725,123457058,Parent,C9120AXI-E,1,C9120AX Internal 802.11ax 4x4:4 MIMO;IOT;BT5;mGig;USB;RHL,,,,No Ship Date Available,00:00.0,4501245478,,C9120AX,WIRELESS,ENT. - WIRELESS,CHASSIS,-,-,-,-,Not Defined,9/16/2032 0:00,DEFAULT GROUP,,1016697150,SOUTHAMPTON - 100 HARBOUR PARADE,100 HARBOUR PARADE,,,SOUTHAMPTON,HAMPSHIRE,SO15 1BA,UNITED KINGDOM,No,206345589,Covered,Active,L1NBD,L1NBD,Vendor,Yes,12/1/2024 0:00,1/30/2027 0:00,30400375,USD,121.9,0,4501605158,121.9,,113848222,2238.28,N/A,N/A,N/A,,-,0,No,No,No,-,No,-,No,-,No,-,Active,-,Include,0,0,Include,14327,NULL,NULL
Demo,75582402,Cisco,-,FVH123726,123457059,Parent,C9120AXI-E,1,C9120AX Internal 802.11ax 4x4:4 MIMO;IOT;BT5;mGig;USB;RHL,,,,No Ship Date Available,00:00.0,4501245478,,C9120AX,WIRELESS,ENT. - WIRELESS,CHASSIS,-,-,-,-,Not Defined,9/16/2032 0:00,DEFAULT GROUP,,1016697150,SOUTHAMPTON - 100 HARBOUR PARADE,100 HARBOUR PARADE,,,SOUTHAMPTON,HAMPSHIRE,SO15 1BA,UNITED KINGDOM,No,206345589,Covered,Active,L1NBD,L1NBD,Vendor,Yes,12/1/2024 0:00,1/30/2027 0:00,30400375,USD,121.9,0,4501605158,121.9,,113848222,2238.28,N/A,N/A,N/A,,-,0,No,No,No,-,No,-,No,-,No,-,Active,-,Include,0,0,Include,14327,NULL,NULL
Demo,75582410,Cisco,-,FVH123727,123457060,Parent,C9120AXI-E,1,C9120AX Internal 802.11ax 4x4:4 MIMO;IOT;BT5;mGig;USB;RHL,,,,No Ship Date Available,00:00.0,4501245478,,C9120AX,WIRELESS,ENT. - WIRELESS,CHASSIS,-,-,-,-,Not Defined,9/16/2032 0:00,DEFAULT GROUP,,1016697150,SOUTHAMPTON - 100 HARBOUR PARADE,100 HARBOUR PARADE,,,SOUTHAMPTON,HAMPSHIRE,SO15 1BA,UNITED KINGDOM,No,206345589,Covered,Active,L1NBD,L1NBD,Vendor,Yes,12/1/2024 0:00,1/30/2027 0:00,30400375,USD,121.9,0,4501605158,121.9,,113848222,2238.28,N/A,N/A,N/A,,-,0,No,No,No,-,No,-,No,-,No,-,Active,-,Include,0,0,Include,14327,NULL,NULL
Demo,75582502,Cisco,-,FVH123728,123457061,Parent,C9410R-96U-BNDL-A,1,"Catalyst 9400 Series 10 slot,1xSup, 2xLC, DNA-A LIC",,,,No Ship Date Available,00:00.0,4501099794,,C9400,ENTERPRISE SWITCHING,ENT. SWITCHING - ACCESS,CHASSIS,-,-,-,-,Not Defined,8/10/2031 0:00,DEFAULT GROUP,AIDA CRUISES,2001479781,ROSTOCK - AM STRANDE 3,AM STRANDE 3,,,ROSTOCK,,18055,GERMANY,No,200300338,Covered,Active,PSRT,PRTNR SS 8X5XNBD,Vendor,Yes,5/1/2021 0:00,4/30/2026 0:00,,USD,1502.98,0,4501099794,3747.85,,112272978,38679.41,N/A,N/A,N/A,,-,0,No,No,No,-,No,-,No,-,No,-,Active,-,Include,0,0,Include,14327,NULL,NULL
Demo,75582528,Cisco,-,FVH123729,123457062,Parent,C9410R-96U-BNDL-A,1,"Catalyst 9400 Series 10 slot,1xSup, 2xLC, DNA-A LIC",,,,No Ship Date Available,00:00.0,4501099794,,C9400,ENTERPRISE SWITCHING,ENT. SWITCHING - ACCESS,CHASSIS,-,-,-,-,Not Defined,8/10/2031 0:00,DEFAULT GROUP,AIDA CRUISES,2001479781,ROSTOCK - AM STRANDE 3,AM STRANDE 3,,,ROSTOCK,,18055,GERMANY,No,200300338,Covered,Active,PSRT,PRTNR SS 8X5XNBD,Vendor,Yes,5/1/2021 0:00,4/30/2026 0:00,,USD,1502.98,0,4501099794,3747.85,,112272978,38679.41,N/A,N/A,N/A,,-,0,No,No,No,-,No,-,No,-,No,-,Active,-,Include,0,0,Include,14327,NULL,NULL
Demo,75582594,Cisco,-,FVH123730,123457063,Parent,C9120AXI-E,1,C9120AX Internal 802.11ax 4x4:4 MIMO;IOT;BT5;mGig;USB;RHL,,,,No Ship Date Available,00:00.0,4501245478,,C9120AX,WIRELESS,ENT. - WIRELESS,CHASSIS,-,-,-,-,Not Defined,9/16/2032 0:00,DEFAULT GROUP,,1016697150,SOUTHAMPTON - 100 HARBOUR PARADE,100 HARBOUR PARADE,,,SOUTHAMPTON,HAMPSHIRE,SO15 1BA,UNITED KINGDOM,No,206345589,Covered,Active,L1NBD,L1NBD,Vendor,Yes,12/1/2024 0:00,1/30/2027 0:00,30400375,USD,121.9,0,4501605158,121.9,,113848222,2238.28,N/A,N/A,N/A,,-,0,No,No,No,-,No,-,No,-,No,-,Active,-,Include,0,0,Include,14327,NULL,NULL
Demo,75582602,Cisco,-,FVH123731,123457064,Parent,C9120AXI-E,1,C9120AX Internal 802.11ax 4x4:4 MIMO;IOT;BT5;mGig;USB;RHL,,,,No Ship Date Available,00:00.0,4501245478,,C9120AX,WIRELESS,ENT. - WIRELESS,CHASSIS,-,-,-,-,Not Defined,9/16/2032 0:00,DEFAULT GROUP,,1016697150,SOUTHAMPTON - 100 HARBOUR PARADE,100 HARBOUR PARADE,,,SOUTHAMPTON,HAMPSHIRE,SO15 1BA,UNITED KINGDOM,No,206345589,Covered,Active,L1NBD,L1NBD,Vendor,Yes,12/1/2024 0:00,1/30/2027 0:00,30400375,USD,121.9,0,4501605158,121.9,,113848222,2238.28,N/A,N/A,N/A,,-,0,No,No,No,-,No,-,No,-,No,-,Active,-,Include,0,0,Include,14327,NULL,NULL
Demo,75582610,Cisco,-,FVH123732,123457065,Parent,C9120AXI-E,1,C9120AX Internal 802.11ax 4x4:4 MIMO;IOT;BT5;mGig;USB;RHL,,,,No Ship Date Available,00:00.0,4501245478,,C9120AX,WIRELESS,ENT. - WIRELESS,CHASSIS,-,-,-,-,Not Defined,9/16/2032 0:00,DEFAULT GROUP,,1016697150,SOUTHAMPTON - 100 HARBOUR PARADE,100 HARBOUR PARADE,,,SOUTHAMPTON,HAMPSHIRE,SO15 1BA,UNITED KINGDOM,No,206345589,Covered,Active,L1NBD,L1NBD,Vendor,Yes,12/1/2024 0:00,1/30/2027 0:00,30400375,USD,121.9,0,4501605158,121.9,,113848222,2238.28,N/A,N/A,N/A,,-,0,No,No,No,-,No,-,No,-,No,-,Active,-,Include,0,0,Include,14327,NULL,NULL
Demo,75582618,Cisco,-,FVH123733,123457066,Parent,C9120AXI-E,1,C9120AX Internal 802.11ax 4x4:4 MIMO;IOT;BT5;mGig;USB;RHL,,,,No Ship Date Available,00:00.0,4501245478,,C9120AX,WIRELESS,ENT. - WIRELESS,CHASSIS,-,-,-,-,Not Defined,9/16/2032 0:00,DEFAULT GROUP,,1016697150,SOUTHAMPTON - 100 HARBOUR PARADE,100 HARBOUR PARADE,,,SOUTHAMPTON,HAMPSHIRE,SO15 1BA,UNITED KINGDOM,No,206345589,Covered,Active,L1NBD,L1NBD,Vendor,Yes,12/1/2024 0:00,1/30/2027 0:00,30400375,USD,121.9,0,4501605158,121.9,,113848222,2238.28,N/A,N/A,N/A,,-,0,No,No,No,-,No,-,No,-,No,-,Active,-,Include,0,0,Include,14327,NULL,NULL
Demo,75582626,Cisco,-,FVH123734,123457067,Parent,C9120AXI-E,1,C9120AX Internal 802.11ax 4x4:4 MIMO;IOT;BT5;mGig;USB;RHL,,,,No Ship Date Available,00:00.0,4501245478,,C9120AX,WIRELESS,ENT. - WIRELESS,CHASSIS,-,-,-,-,Not Defined,9/16/2032 0:00,DEFAULT GROUP,,1016697150,SOUTHAMPTON - 100 HARBOUR PARADE,100 HARBOUR PARADE,,,SOUTHAMPTON,HAMPSHIRE,SO15 1BA,UNITED KINGDOM,No,206345589,Covered,Active,L1NBD,L1NBD,Vendor,Yes,12/1/2024 0:00,1/30/2027 0:00,30400375,USD,121.9,0,4501605158,121.9,,113848222,2238.28,N/A,N/A,N/A,,-,0,No,No,No,-,No,-,No,-,No,-,Active,-,Include,0,0,Include,14327,NULL,NULL
Demo,75582668,Cisco,-,FVH123735,123457068,Parent,C9120AXI-E,1,C9120AX Internal 802.11ax 4x4:4 MIMO;IOT;BT5;mGig;USB;RHL,,,,No Ship Date Available,00:00.0,4501245478,,C9120AX,WIRELESS,ENT. - WIRELESS,CHASSIS,-,-,-,-,Not Defined,9/16/2032 0:00,DEFAULT GROUP,,1016697150,SOUTHAMPTON - 100 HARBOUR PARADE,100 HARBOUR PARADE,,,SOUTHAMPTON,HAMPSHIRE,SO15 1BA,UNITED KINGDOM,No,206345589,Covered,Active,L1NBD,L1NBD,Vendor,Yes,12/1/2024 0:00,1/30/2027 0:00,30400375,USD,121.9,0,4501605158,121.9,,113848222,2238.28,N/A,N/A,N/A,,-,0,No,No,No,-,No,-,No,-,No,-,Active,-,Include,0,0,Include,14327,NULL,NULL
Demo,75582676,Cisco,-,FVH123736,123457069,Parent,C9120AXI-E,1,C9120AX Internal 802.11ax 4x4:4 MIMO;IOT;BT5;mGig;USB;RHL,,,,No Ship Date Available,00:00.0,4501245478,,C9120AX,WIRELESS,ENT. - WIRELESS,CHASSIS,-,-,-,-,Not Defined,9/16/2032 0:00,DEFAULT GROUP,,1016697150,SOUTHAMPTON - 100 HARBOUR PARADE,100 HARBOUR PARADE,,,SOUTHAMPTON,HAMPSHIRE,SO15 1BA,UNITED KINGDOM,No,206345589,Covered,Active,L1NBD,L1NBD,Vendor,Yes,12/1/2024 0:00,1/30/2027 0:00,30400375,USD,121.9,0,4501605158,121.9,,113848222,2238.28,N/A,N/A,N/A,,-,0,No,No,No,-,No,-,No,-,No,-,Active,-,Include,0,0,Include,14327,NULL,NULL
Demo,75582684,Cisco,-,FVH123737,123457070,Parent,C9120AXI-E,1,C9120AX Internal 802.11ax 4x4:4 MIMO;IOT;BT5;mGig;USB;RHL,,,,No Ship Date Available,00:00.0,4501245478,,C9120AX,WIRELESS,ENT. - WIRELESS,CHASSIS,-,-,-,-,Not Defined,9/16/2032 0:00,DEFAULT GROUP,,1016697150,SOUTHAMPTON - 100 HARBOUR PARADE,100 HARBOUR PARADE,,,SOUTHAMPTON,HAMPSHIRE,SO15 1BA,UNITED KINGDOM,No,206345589,Covered,Active,L1NBD,L1NBD,Vendor,Yes,12/1/2024 0:00,1/30/2027 0:00,30400375,USD,121.9,0,4501605158,121.9,,113848222,2238.28,N/A,N/A,N/A,,-,0,No,No,No,-,No,-,No,-,No,-,Active,-,Include,0,0,Include,14327,NULL,NULL
Demo,75582692,Cisco,-,FVH123738,123457071,Parent,C9120AXI-E,1,C9120AX Internal 802.11ax 4x4:4 MIMO;IOT;BT5;mGig;USB;RHL,,,,No Ship Date Available,00:00.0,4501245478,,C9120AX,WIRELESS,ENT. - WIRELESS,CHASSIS,-,-,-,-,Not Defined,9/16/2032 0:00,DEFAULT GROUP,,1016697150,SOUTHAMPTON - 100 HARBOUR PARADE,100 HARBOUR PARADE,,,SOUTHAMPTON,HAMPSHIRE,SO15 1BA,UNITED KINGDOM,No,206345589,Covered,Active,L1NBD,L1NBD,Vendor,Yes,12/1/2024 0:00,1/30/2027 0:00,30400375,USD,121.9,0,4501605158,121.9,,113848222,2238.28,N/A,N/A,N/A,,-,0,No,No,No,-,No,-,No,-,No,-,Active,-,Include,0,0,Include,14327,NULL,NULL
Demo,75582700,Cisco,-,FVH123739,123457072,Parent,C9120AXI-E,1,C9120AX Internal 802.11ax 4x4:4 MIMO;IOT;BT5;mGig;USB;RHL,,,,No Ship Date Available,00:00.0,4501245478,,C9120AX,WIRELESS,ENT. - WIRELESS,CHASSIS,-,-,-,-,Not Defined,9/16/2032 0:00,DEFAULT GROUP,,1016697150,SOUTHAMPTON - 100 HARBOUR PARADE,100 HARBOUR PARADE,,,SOUTHAMPTON,HAMPSHIRE,SO15 1BA,UNITED KINGDOM,No,206345589,Covered,Active,L1NBD,L1NBD,Vendor,Yes,12/1/2024 0:00,1/30/2027 0:00,30400375,USD,121.9,0,4501605158,121.9,,113848222,2238.28,N/A,N/A,N/A,,-,0,No,No,No,-,No,-,No,-,No,-,Active,-,Include,0,0,Include,14327,NULL,NULL
Demo,75582708,Cisco,-,FVH123740,123457073,Parent,C9120AXI-E,1,C9120AX Internal 802.11ax 4x4:4 MIMO;IOT;BT5;mGig;USB;RHL,,,,No Ship Date Available,00:00.0,4501245478,,C9120AX,WIRELESS,ENT. - WIRELESS,CHASSIS,-,-,-,-,Not Defined,9/16/2032 0:00,DEFAULT GROUP,,1016697150,SOUTHAMPTON - 100 HARBOUR PARADE,100 HARBOUR PARADE,,,SOUTHAMPTON,HAMPSHIRE,SO15 1BA,UNITED KINGDOM,No,206345589,Covered,Active,L1NBD,L1NBD,Vendor,Yes,12/1/2024 0:00,1/30/2027 0:00,30400375,USD,121.9,0,4501605158,121.9,,113848222,2238.28,N/A,N/A,N/A,,-,0,No,No,No,-,No,-,No,-,No,-,Active,-,Include,0,0,Include,14327,NULL,NULL
Demo,75582716,Cisco,-,FVH123741,123457074,Parent,C9120AXI-E,1,C9120AX Internal 802.11ax 4x4:4 MIMO;IOT;BT5;mGig;USB;RHL,,,,No Ship Date Available,00:00.0,4501245478,,C9120AX,WIRELESS,ENT. - WIRELESS,CHASSIS,-,-,-,-,Not Defined,9/16/2032 0:00,DEFAULT GROUP,,1016697150,SOUTHAMPTON - 100 HARBOUR PARADE,100 HARBOUR PARADE,,,SOUTHAMPTON,HAMPSHIRE,SO15 1BA,UNITED KINGDOM,No,206345589,Covered,Active,L1NBD,L1NBD,Vendor,Yes,12/1/2024 0:00,1/30/2027 0:00,30400375,USD,121.9,0,4501605158,121.9,,113848222,2238.28,N/A,N/A,N/A,,-,0,No,No,No,-,No,-,No,-,No,-,Active,-,Include,0,0,Include,14327,NULL,NULL
Demo,75582724,Cisco,-,FVH123742,123457075,Parent,C9120AXI-E,1,C9120AX Internal 802.11ax 4x4:4 MIMO;IOT;BT5;mGig;USB;RHL,,,,No Ship Date Available,00:00.0,4501245478,,C9120AX,WIRELESS,ENT. - WIRELESS,CHASSIS,-,-,-,-,Not Defined,9/16/2032 0:00,DEFAULT GROUP,,1016697150,SOUTHAMPTON - 100 HARBOUR PARADE,100 HARBOUR PARADE,,,SOUTHAMPTON,HAMPSHIRE,SO15 1BA,UNITED KINGDOM,No,206345589,Covered,Active,L1NBD,L1NBD,Vendor,Yes,12/1/2024 0:00,1/30/2027 0:00,30400375,USD,121.9,0,4501605158,121.9,,113848222,2238.28,N/A,N/A,N/A,,-,0,No,No,No,-,No,-,No,-,No,-,Active,-,Include,0,0,Include,14327,NULL,NULL
Demo,75582732,Cisco,-,FVH123743,123457076,Parent,C9120AXI-E,1,C9120AX Internal 802.11ax 4x4:4 MIMO;IOT;BT5;mGig;USB;RHL,,,,No Ship Date Available,00:00.0,4501245478,,C9120AX,WIRELESS,ENT. - WIRELESS,CHASSIS,-,-,-,-,Not Defined,9/16/2032 0:00,DEFAULT GROUP,,1016697150,SOUTHAMPTON - 100 HARBOUR PARADE,100 HARBOUR PARADE,,,SOUTHAMPTON,HAMPSHIRE,SO15 1BA,UNITED KINGDOM,No,206345589,Covered,Active,L1NBD,L1NBD,Vendor,Yes,12/1/2024 0:00,1/30/2027 0:00,30400375,USD,121.9,0,4501605158,121.9,,113848222,2238.28,N/A,N/A,N/A,,-,0,No,No,No,-,No,-,No,-,No,-,Active,-,Include,0,0,Include,14327,NULL,NULL
Demo,75582852,Cisco,-,FVH123744,123457077,Parent,C9120AXI-E,1,C9120AX Internal 802.11ax 4x4:4 MIMO;IOT;BT5;mGig;USB;RHL,,,,No Ship Date Available,00:00.0,4501245478,,C9120AX,WIRELESS,ENT. - WIRELESS,CHASSIS,-,-,-,-,Not Defined,9/16/2032 0:00,DEFAULT GROUP,,1016697150,SOUTHAMPTON - 100 HARBOUR PARADE,100 HARBOUR PARADE,,,SOUTHAMPTON,HAMPSHIRE,SO15 1BA,UNITED KINGDOM,No,206345589,Covered,Active,L1NBD,L1NBD,Vendor,Yes,12/1/2024 0:00,1/30/2027 0:00,30400375,USD,121.9,0,4501605158,121.9,,113848222,2238.28,N/A,N/A,N/A,,-,0,No,No,No,-,No,-,No,-,No,-,Active,-,Include,0,0,Include,14327,NULL,NULL
Demo,75582860,Cisco,-,FVH123745,123457078,Parent,C9120AXI-E,1,C9120AX Internal 802.11ax 4x4:4 MIMO;IOT;BT5;mGig;USB;RHL,,,,No Ship Date Available,00:00.0,4501245478,,C9120AX,WIRELESS,ENT. - WIRELESS,CHASSIS,-,-,-,-,Not Defined,9/16/2032 0:00,DEFAULT GROUP,,1016697150,SOUTHAMPTON - 100 HARBOUR PARADE,100 HARBOUR PARADE,,,SOUTHAMPTON,HAMPSHIRE,SO15 1BA,UNITED KINGDOM,No,206345589,Covered,Active,L1NBD,L1NBD,Vendor,Yes,12/1/2024 0:00,1/30/2027 0:00,30400375,USD,121.9,0,4501605158,121.9,,113848222,2238.28,N/A,N/A,N/A,,-,0,No,No,No,-,No,-,No,-,No,-,Active,-,Include,0,0,Include,14327,NULL,NULL
Demo,75582868,Cisco,-,FVH123746,123457079,Parent,C9120AXI-E,1,C9120AX Internal 802.11ax 4x4:4 MIMO;IOT;BT5;mGig;USB;RHL,,,,No Ship Date Available,00:00.0,4501245478,,C9120AX,WIRELESS,ENT. - WIRELESS,CHASSIS,-,-,-,-,Not Defined,9/16/2032 0:00,DEFAULT GROUP,,1016697150,SOUTHAMPTON - 100 HARBOUR PARADE,100 HARBOUR PARADE,,,SOUTHAMPTON,HAMPSHIRE,SO15 1BA,UNITED KINGDOM,No,206345589,Covered,Active,L1NBD,L1NBD,Vendor,Yes,12/1/2024 0:00,1/30/2027 0:00,30400375,USD,121.9,0,4501605158,121.9,,113848222,2238.28,N/A,N/A,N/A,,-,0,No,No,No,-,No,-,No,-,No,-,Active,-,Include,0,0,Include,14327,NULL,NULL
Demo,75582876,Cisco,-,FVH123747,123457080,Parent,C9120AXI-E,1,C9120AX Internal 802.11ax 4x4:4 MIMO;IOT;BT5;mGig;USB;RHL,,,,No Ship Date Available,00:00.0,4501245478,,C9120AX,WIRELESS,ENT. - WIRELESS,CHASSIS,-,-,-,-,Not Defined,9/16/2032 0:00,DEFAULT GROUP,,1016697150,SOUTHAMPTON - 100 HARBOUR PARADE,100 HARBOUR PARADE,,,SOUTHAMPTON,HAMPSHIRE,SO15 1BA,UNITED KINGDOM,No,206345589,Covered,Active,L1NBD,L1NBD,Vendor,Yes,12/1/2024 0:00,1/30/2027 0:00,30400375,USD,121.9,0,4501605158,121.9,,113848222,2238.28,N/A,N/A,N/A,,-,0,No,No,No,-,No,-,No,-,No,-,Active,-,Include,0,0,Include,14327,NULL,NULL
Demo,75582884,Cisco,-,FVH123748,123457081,Parent,C9120AXI-E,1,C9120AX Internal 802.11ax 4x4:4 MIMO;IOT;BT5;mGig;USB;RHL,,,,No Ship Date Available,00:00.0,4501245478,,C9120AX,WIRELESS,ENT. - WIRELESS,CHASSIS,-,-,-,-,Not Defined,9/16/2032 0:00,DEFAULT GROUP,,1016697150,SOUTHAMPTON - 100 HARBOUR PARADE,100 HARBOUR PARADE,,,SOUTHAMPTON,HAMPSHIRE,SO15 1BA,UNITED KINGDOM,No,206345589,Covered,Active,L1NBD,L1NBD,Vendor,Yes,12/1/2024 0:00,1/30/2027 0:00,30400375,USD,121.9,0,4501605158,121.9,,113848222,2238.28,N/A,N/A,N/A,,-,0,No,No,No,-,No,-,No,-,No,-,Active,-,Include,0,0,Include,14327,NULL,NULL
Demo,75582892,Cisco,-,FVH123749,123457082,Parent,C9120AXI-E,1,C9120AX Internal 802.11ax 4x4:4 MIMO;IOT;BT5;mGig;USB;RHL,,,,No Ship Date Available,00:00.0,4501245478,,C9120AX,WIRELESS,ENT. - WIRELESS,CHASSIS,-,-,-,-,Not Defined,9/16/2032 0:00,DEFAULT GROUP,,1016697150,SOUTHAMPTON - 100 HARBOUR PARADE,100 HARBOUR PARADE,,,SOUTHAMPTON,HAMPSHIRE,SO15 1BA,UNITED KINGDOM,No,206345589,Covered,Active,L1NBD,L1NBD,Vendor,Yes,12/1/2024 0:00,1/30/2027 0:00,30400375,USD,121.9,0,4501605158,121.9,,113848222,2238.28,N/A,N/A,N/A,,-,0,No,No,No,-,No,-,No,-,No,-,Active,-,Include,0,0,Include,14327,NULL,NULL
Demo,75582900,Cisco,-,FVH123750,123457083,Parent,C9120AXI-E,1,C9120AX Internal 802.11ax 4x4:4 MIMO;IOT;BT5;mGig;USB;RHL,,,,No Ship Date Available,00:00.0,4501245478,,C9120AX,WIRELESS,ENT. - WIRELESS,CHASSIS,-,-,-,-,Not Defined,9/16/2032 0:00,DEFAULT GROUP,,1016697150,SOUTHAMPTON - 100 HARBOUR PARADE,100 HARBOUR PARADE,,,SOUTHAMPTON,HAMPSHIRE,SO15 1BA,UNITED KINGDOM,No,206345589,Covered,Active,L1NBD,L1NBD,Vendor,Yes,12/1/2024 0:00,1/30/2027 0:00,30400375,USD,121.9,0,4501605158,121.9,,113848222,2238.28,N/A,N/A,N/A,,-,0,No,No,No,-,No,-,No,-,No,-,Active,-,Include,0,0,Include,14327,NULL,NULL
Demo,75582908,Cisco,-,FVH123751,123457084,Parent,C9120AXI-E,1,C9120AX Internal 802.11ax 4x4:4 MIMO;IOT;BT5;mGig;USB;RHL,,,,No Ship Date Available,00:00.0,4501245478,,C9120AX,WIRELESS,ENT. - WIRELESS,CHASSIS,-,-,-,-,Not Defined,9/16/2032 0:00,DEFAULT GROUP,,1016697150,SOUTHAMPTON - 100 HARBOUR PARADE,100 HARBOUR PARADE,,,SOUTHAMPTON,HAMPSHIRE,SO15 1BA,UNITED KINGDOM,No,206345589,Covered,Active,L1NBD,L1NBD,Vendor,Yes,12/1/2024 0:00,1/30/2027 0:00,30400375,USD,121.9,0,4501605158,121.9,,113848222,2238.28,N/A,N/A,N/A,,-,0,No,No,No,-,No,-,No,-,No,-,Active,-,Include,0,0,Include,14327,NULL,NULL
Demo,75582921,Cisco,-,FVH123752,123457085,Parent,C9120AXI-E,1,C9120AX Internal 802.11ax 4x4:4 MIMO;IOT;BT5;mGig;USB;RHL,,,,No Ship Date Available,00:00.0,4501245478,,C9120AX,WIRELESS,ENT. - WIRELESS,CHASSIS,-,-,-,-,Not Defined,9/16/2032 0:00,DEFAULT GROUP,,1016697150,SOUTHAMPTON - 100 HARBOUR PARADE,100 HARBOUR PARADE,,,SOUTHAMPTON,HAMPSHIRE,SO15 1BA,UNITED KINGDOM,No,206345589,Covered,Active,L1NBD,L1NBD,Vendor,Yes,12/1/2024 0:00,1/30/2027 0:00,30400375,USD,121.9,0,4501605158,121.9,,113848222,2238.28,N/A,N/A,N/A,,-,0,No,No,No,-,No,-,No,-,No,-,Active,-,Include,0,0,Include,14327,NULL,NULL
Demo,75582929,Cisco,-,FVH123753,123457086,Parent,C9120AXI-E,1,C9120AX Internal 802.11ax 4x4:4 MIMO;IOT;BT5;mGig;USB;RHL,,,,No Ship Date Available,00:00.0,4501245478,,C9120AX,WIRELESS,ENT. - WIRELESS,CHASSIS,-,-,-,-,Not Defined,9/16/2032 0:00,DEFAULT GROUP,,1016697150,SOUTHAMPTON - 100 HARBOUR PARADE,100 HARBOUR PARADE,,,SOUTHAMPTON,HAMPSHIRE,SO15 1BA,UNITED KINGDOM,No,206345589,Covered,Active,L1NBD,L1NBD,Vendor,Yes,12/1/2024 0:00,1/30/2027 0:00,30400375,USD,121.9,0,4501605158,121.9,,113848222,2238.28,N/A,N/A,N/A,,-,0,No,No,No,-,No,-,No,-,No,-,Active,-,Include,0,0,Include,14327,NULL,NULL
Demo,75582937,Cisco,-,FVH123754,123457087,Parent,C9120AXI-E,1,C9120AX Internal 802.11ax 4x4:4 MIMO;IOT;BT5;mGig;USB;RHL,,,,No Ship Date Available,00:00.0,4501245478,,C9120AX,WIRELESS,ENT. - WIRELESS,CHASSIS,-,-,-,-,Not Defined,9/16/2032 0:00,DEFAULT GROUP,,1016697150,SOUTHAMPTON - 100 HARBOUR PARADE,100 HARBOUR PARADE,,,SOUTHAMPTON,HAMPSHIRE,SO15 1BA,UNITED KINGDOM,No,206345589,Covered,Active,L1NBD,L1NBD,Vendor,Yes,12/1/2024 0:00,1/30/2027 0:00,30400375,USD,121.9,0,4501605158,121.9,,113848222,2238.28,N/A,N/A,N/A,,-,0,No,No,No,-,No,-,No,-,No,-,Active,-,Include,0,0,Include,14327,NULL,NULL
Demo,75582945,Cisco,-,FVH123755,123457088,Parent,C9120AXI-E,1,C9120AX Internal 802.11ax 4x4:4 MIMO;IOT;BT5;mGig;USB;RHL,,,,No Ship Date Available,00:00.0,4501245478,,C9120AX,WIRELESS,ENT. - WIRELESS,CHASSIS,-,-,-,-,Not Defined,9/16/2032 0:00,DEFAULT GROUP,,1016697150,SOUTHAMPTON - 100 HARBOUR PARADE,100 HARBOUR PARADE,,,SOUTHAMPTON,HAMPSHIRE,SO15 1BA,UNITED KINGDOM,No,206345589,Covered,Active,L1NBD,L1NBD,Vendor,Yes,12/1/2024 0:00,1/30/2027 0:00,30400375,USD,121.9,0,4501605158,121.9,,113848222,2238.28,N/A,N/A,N/A,,-,0,No,No,No,-,No,-,No,-,No,-,Active,-,Include,0,0,Include,14327,NULL,NULL
Demo,75582953,Cisco,-,FVH123756,123457089,Parent,C9120AXI-E,1,C9120AX Internal 802.11ax 4x4:4 MIMO;IOT;BT5;mGig;USB;RHL,,,,No Ship Date Available,00:00.0,4501245478,,C9120AX,WIRELESS,ENT. - WIRELESS,CHASSIS,-,-,-,-,Not Defined,9/16/2032 0:00,DEFAULT GROUP,,1016697150,SOUTHAMPTON - 100 HARBOUR PARADE,100 HARBOUR PARADE,,,SOUTHAMPTON,HAMPSHIRE,SO15 1BA,UNITED KINGDOM,No,206345589,Covered,Active,L1NBD,L1NBD,Vendor,Yes,12/1/2024 0:00,1/30/2027 0:00,30400375,USD,121.9,0,4501605158,121.9,,113848222,2238.28,N/A,N/A,N/A,,-,0,No,No,No,-,No,-,No,-,No,-,Active,-,Include,0,0,Include,14327,NULL,NULL
Demo,75582961,Cisco,-,FVH123757,123457090,Parent,C9120AXI-E,1,C9120AX Internal 802.11ax 4x4:4 MIMO;IOT;BT5;mGig;USB;RHL,,,,No Ship Date Available,00:00.0,4501245478,,C9120AX,WIRELESS,ENT. - WIRELESS,CHASSIS,-,-,-,-,Not Defined,9/16/2032 0:00,DEFAULT GROUP,,1016697150,SOUTHAMPTON - 100 HARBOUR PARADE,100 HARBOUR PARADE,,,SOUTHAMPTON,HAMPSHIRE,SO15 1BA,UNITED KINGDOM,No,206345589,Covered,Active,L1NBD,L1NBD,Vendor,Yes,12/1/2024 0:00,1/30/2027 0:00,30400375,USD,121.9,0,4501605158,121.9,,113848222,2238.28,N/A,N/A,N/A,,-,0,No,No,No,-,No,-,No,-,No,-,Active,-,Include,0,0,Include,14327,NULL,NULL
Demo,75582969,Cisco,-,FVH123758,123457091,Parent,C9120AXI-E,1,C9120AX Internal 802.11ax 4x4:4 MIMO;IOT;BT5;mGig;USB;RHL,,,,No Ship Date Available,00:00.0,4501245478,,C9120AX,WIRELESS,ENT. - WIRELESS,CHASSIS,-,-,-,-,Not Defined,9/16/2032 0:00,DEFAULT GROUP,,1016697150,SOUTHAMPTON - 100 HARBOUR PARADE,100 HARBOUR PARADE,,,SOUTHAMPTON,HAMPSHIRE,SO15 1BA,UNITED KINGDOM,No,206345589,Covered,Active,L1NBD,L1NBD,Vendor,Yes,12/1/2024 0:00,1/30/2027 0:00,30400375,USD,121.9,0,4501605158,121.9,,113848222,2238.28,N/A,N/A,N/A,,-,0,No,No,No,-,No,-,No,-,No,-,Active,-,Include,0,0,Include,14327,NULL,NULL
Demo,75582977,Cisco,-,FVH123759,123457092,Parent,C9120AXI-E,1,C9120AX Internal 802.11ax 4x4:4 MIMO;IOT;BT5;mGig;USB;RHL,,,,No Ship Date Available,00:00.0,4501245478,,C9120AX,WIRELESS,ENT. - WIRELESS,CHASSIS,-,-,-,-,Not Defined,9/16/2032 0:00,DEFAULT GROUP,,1016697150,SOUTHAMPTON - 100 HARBOUR PARADE,100 HARBOUR PARADE,,,SOUTHAMPTON,HAMPSHIRE,SO15 1BA,UNITED KINGDOM,No,206345589,Covered,Active,L1NBD,L1NBD,Vendor,Yes,12/1/2024 0:00,1/30/2027 0:00,30400375,USD,121.9,0,4501605158,121.9,,113848222,2238.28,N/A,N/A,N/A,,-,0,No,No,No,-,No,-,No,-,No,-,Active,-,Include,0,0,Include,14327,NULL,NULL
Demo,75582985,Cisco,-,FVH123760,123457093,Parent,C9120AXI-E,1,C9120AX Internal 802.11ax 4x4:4 MIMO;IOT;BT5;mGig;USB;RHL,,,,No Ship Date Available,00:00.0,4501245478,,C9120AX,WIRELESS,ENT. - WIRELESS,CHASSIS,-,-,-,-,Not Defined,9/16/2032 0:00,DEFAULT GROUP,,1016697150,SOUTHAMPTON - 100 HARBOUR PARADE,100 HARBOUR PARADE,,,SOUTHAMPTON,HAMPSHIRE,SO15 1BA,UNITED KINGDOM,No,206345589,Covered,Active,L1NBD,L1NBD,Vendor,Yes,12/1/2024 0:00,1/30/2027 0:00,30400375,USD,121.9,0,4501605158,121.9,,113848222,2238.28,N/A,N/A,N/A,,-,0,No,No,No,-,No,-,No,-,No,-,Active,-,Include,0,0,Include,14327,NULL,NULL
Demo,75582993,Cisco,-,FVH123761,123457094,Parent,C9120AXI-E,1,C9120AX Internal 802.11ax 4x4:4 MIMO;IOT;BT5;mGig;USB;RHL,,,,No Ship Date Available,00:00.0,4501245478,,C9120AX,WIRELESS,ENT. - WIRELESS,CHASSIS,-,-,-,-,Not Defined,9/16/2032 0:00,DEFAULT GROUP,,1016697150,SOUTHAMPTON - 100 HARBOUR PARADE,100 HARBOUR PARADE,,,SOUTHAMPTON,HAMPSHIRE,SO15 1BA,UNITED KINGDOM,No,206345589,Covered,Active,L1NBD,L1NBD,Vendor,Yes,12/1/2024 0:00,1/30/2027 0:00,30400375,USD,121.9,0,4501605158,121.9,,113848222,2238.28,N/A,N/A,N/A,,-,0,No,No,No,-,No,-,No,-,No,-,Active,-,Include,0,0,Include,14327,NULL,NULL
Demo,75583021,Cisco,-,FVH123762,123457095,Parent,C9120AXI-E,1,C9120AX Internal 802.11ax 4x4:4 MIMO;IOT;BT5;mGig;USB;RHL,,,,No Ship Date Available,00:00.0,4501245478,,C9120AX,WIRELESS,ENT. - WIRELESS,CHASSIS,-,-,-,-,Not Defined,9/16/2032 0:00,DEFAULT GROUP,,1016697150,SOUTHAMPTON - 100 HARBOUR PARADE,100 HARBOUR PARADE,,,SOUTHAMPTON,HAMPSHIRE,SO15 1BA,UNITED KINGDOM,No,206345589,Covered,Active,L1NBD,L1NBD,Vendor,Yes,12/1/2024 0:00,1/30/2027 0:00,30400375,USD,121.9,0,4501605158,121.9,,113848222,2238.28,N/A,N/A,N/A,,-,0,No,No,No,-,No,-,No,-,No,-,Active,-,Include,0,0,Include,14327,NULL,NULL
Demo,75583029,Cisco,-,FVH123763,123457096,Parent,C9120AXI-E,1,C9120AX Internal 802.11ax 4x4:4 MIMO;IOT;BT5;mGig;USB;RHL,,,,No Ship Date Available,00:00.0,4501245478,,C9120AX,WIRELESS,ENT. - WIRELESS,CHASSIS,-,-,-,-,Not Defined,9/16/2032 0:00,DEFAULT GROUP,,1016697150,SOUTHAMPTON - 100 HARBOUR PARADE,100 HARBOUR PARADE,,,SOUTHAMPTON,HAMPSHIRE,SO15 1BA,UNITED KINGDOM,No,206345589,Covered,Active,L1NBD,L1NBD,Vendor,Yes,12/1/2024 0:00,1/30/2027 0:00,30400375,USD,121.9,0,4501605158,121.9,,113848222,2238.28,N/A,N/A,N/A,,-,0,No,No,No,-,No,-,No,-,No,-,Active,-,Include,0,0,Include,14327,NULL,NULL
Demo,75583101,Cisco,-,FVH123764,123457097,Parent,C9120AXI-E,1,C9120AX Internal 802.11ax 4x4:4 MIMO;IOT;BT5;mGig;USB;RHL,,,,No Ship Date Available,00:00.0,4501245478,,C9120AX,WIRELESS,ENT. - WIRELESS,CHASSIS,-,-,-,-,Not Defined,9/16/2032 0:00,DEFAULT GROUP,,1016697150,SOUTHAMPTON - 100 HARBOUR PARADE,100 HARBOUR PARADE,,,SOUTHAMPTON,HAMPSHIRE,SO15 1BA,UNITED KINGDOM,No,206345589,Covered,Active,L1NBD,L1NBD,Vendor,Yes,12/1/2024 0:00,1/30/2027 0:00,30400375,USD,121.9,0,4501605158,121.9,,113848222,2238.28,N/A,N/A,N/A,,-,0,No,No,No,-,No,-,No,-,No,-,Active,-,Include,0,0,Include,14327,NULL,NULL
Demo,75583109,Cisco,-,FVH123765,123457098,Parent,C9120AXI-E,1,C9120AX Internal 802.11ax 4x4:4 MIMO;IOT;BT5;mGig;USB;RHL,,,,No Ship Date Available,00:00.0,4501245478,,C9120AX,WIRELESS,ENT. - WIRELESS,CHASSIS,-,-,-,-,Not Defined,9/16/2032 0:00,DEFAULT GROUP,,1016697150,SOUTHAMPTON - 100 HARBOUR PARADE,100 HARBOUR PARADE,,,SOUTHAMPTON,HAMPSHIRE,SO15 1BA,UNITED KINGDOM,No,206345589,Covered,Active,L1NBD,L1NBD,Vendor,Yes,12/1/2024 0:00,1/30/2027 0:00,30400375,USD,121.9,0,4501605158,121.9,,113848222,2238.28,N/A,N/A,N/A,,-,0,No,No,No,-,No,-,No,-,No,-,Active,-,Include,0,0,Include,14327,NULL,NULL
Demo,75583117,Cisco,-,FVH123766,123457099,Parent,C9120AXI-E,1,C9120AX Internal 802.11ax 4x4:4 MIMO;IOT;BT5;mGig;USB;RHL,,,,No Ship Date Available,00:00.0,4501245478,,C9120AX,WIRELESS,ENT. - WIRELESS,CHASSIS,-,-,-,-,Not Defined,9/16/2032 0:00,DEFAULT GROUP,,1016697150,SOUTHAMPTON - 100 HARBOUR PARADE,100 HARBOUR PARADE,,,SOUTHAMPTON,HAMPSHIRE,SO15 1BA,UNITED KINGDOM,No,206345589,Covered,Active,L1NBD,L1NBD,Vendor,Yes,12/1/2024 0:00,1/30/2027 0:00,30400375,USD,121.9,0,4501605158,121.9,,113848222,2238.28,N/A,N/A,N/A,,-,0,No,No,No,-,No,-,No,-,No,-,Active,-,Include,0,0,Include,14327,NULL,NULL
Demo,75583125,Cisco,-,FVH123767,123457100,Parent,C9120AXI-E,1,C9120AX Internal 802.11ax 4x4:4 MIMO;IOT;BT5;mGig;USB;RHL,,,,No Ship Date Available,00:00.0,4501245478,,C9120AX,WIRELESS,ENT. - WIRELESS,CHASSIS,-,-,-,-,Not Defined,9/16/2032 0:00,DEFAULT GROUP,,1016697150,SOUTHAMPTON - 100 HARBOUR PARADE,100 HARBOUR PARADE,,,SOUTHAMPTON,HAMPSHIRE,SO15 1BA,UNITED KINGDOM,No,206345589,Covered,Active,L1NBD,L1NBD,Vendor,Yes,12/1/2024 0:00,1/30/2027 0:00,30400375,USD,121.9,0,4501605158,121.9,,113848222,2238.28,N/A,N/A,N/A,,-,0,No,No,No,-,No,-,No,-,No,-,Active,-,Include,0,0,Include,14327,NULL,NULL
Demo,75583133,Cisco,-,FVH123768,123457101,Parent,C9120AXI-E,1,C9120AX Internal 802.11ax 4x4:4 MIMO;IOT;BT5;mGig;USB;RHL,,,,No Ship Date Available,00:00.0,4501245478,,C9120AX,WIRELESS,ENT. - WIRELESS,CHASSIS,-,-,-,-,Not Defined,9/16/2032 0:00,DEFAULT GROUP,,1016697150,SOUTHAMPTON - 100 HARBOUR PARADE,100 HARBOUR PARADE,,,SOUTHAMPTON,HAMPSHIRE,SO15 1BA,UNITED KINGDOM,No,206345589,Covered,Active,L1NBD,L1NBD,Vendor,Yes,12/1/2024 0:00,1/30/2027 0:00,30400375,USD,121.9,0,4501605158,121.9,,113848222,2238.28,N/A,N/A,N/A,,-,0,No,No,No,-,No,-,No,-,No,-,Active,-,Include,0,0,Include,14327,NULL,NULL
Demo,75583141,Cisco,-,FVH123769,123457102,Parent,C9120AXI-E,1,C9120AX Internal 802.11ax 4x4:4 MIMO;IOT;BT5;mGig;USB;RHL,,,,No Ship Date Available,00:00.0,4501245478,,C9120AX,WIRELESS,ENT. - WIRELESS,CHASSIS,-,-,-,-,Not Defined,9/16/2032 0:00,DEFAULT GROUP,,1016697150,SOUTHAMPTON - 100 HARBOUR PARADE,100 HARBOUR PARADE,,,SOUTHAMPTON,HAMPSHIRE,SO15 1BA,UNITED KINGDOM,No,206345589,Covered,Active,L1NBD,L1NBD,Vendor,Yes,12/1/2024 0:00,1/30/2027 0:00,30400375,USD,121.9,0,4501605158,121.9,,113848222,2238.28,N/A,N/A,N/A,,-,0,No,No,No,-,No,-,No,-,No,-,Active,-,Include,0,0,Include,14327,NULL,NULL
Demo,75583149,Cisco,-,FVH123770,123457103,Parent,C9120AXI-E,1,C9120AX Internal 802.11ax 4x4:4 MIMO;IOT;BT5;mGig;USB;RHL,,,,No Ship Date Available,00:00.0,4501245478,,C9120AX,WIRELESS,ENT. - WIRELESS,CHASSIS,-,-,-,-,Not Defined,9/16/2032 0:00,DEFAULT GROUP,,1016697150,SOUTHAMPTON - 100 HARBOUR PARADE,100 HARBOUR PARADE,,,SOUTHAMPTON,HAMPSHIRE,SO15 1BA,UNITED KINGDOM,No,206345589,Covered,Active,L1NBD,L1NBD,Vendor,Yes,12/1/2024 0:00,1/30/2027 0:00,30400375,USD,121.9,0,4501605158,121.9,,113848222,2238.28,N/A,N/A,N/A,,-,0,No,No,No,-,No,-,No,-,No,-,Active,-,Include,0,0,Include,14327,NULL,NULL
Demo,75583157,Cisco,-,FVH123771,123457104,Parent,C9120AXI-E,1,C9120AX Internal 802.11ax 4x4:4 MIMO;IOT;BT5;mGig;USB;RHL,,,,No Ship Date Available,00:00.0,4501245478,,C9120AX,WIRELESS,ENT. - WIRELESS,CHASSIS,-,-,-,-,Not Defined,9/16/2032 0:00,DEFAULT GROUP,,1016697150,SOUTHAMPTON - 100 HARBOUR PARADE,100 HARBOUR PARADE,,,SOUTHAMPTON,HAMPSHIRE,SO15 1BA,UNITED KINGDOM,No,206345589,Covered,Active,L1NBD,L1NBD,Vendor,Yes,12/1/2024 0:00,1/30/2027 0:00,30400375,USD,121.9,0,4501605158,121.9,,113848222,2238.28,N/A,N/A,N/A,,-,0,No,No,No,-,No,-,No,-,No,-,Active,-,Include,0,0,Include,14327,NULL,NULL
Demo,75583165,Cisco,-,FVH123772,123457105,Parent,C9120AXI-E,1,C9120AX Internal 802.11ax 4x4:4 MIMO;IOT;BT5;mGig;USB;RHL,,,,No Ship Date Available,00:00.0,4501245478,,C9120AX,WIRELESS,ENT. - WIRELESS,CHASSIS,-,-,-,-,Not Defined,9/16/2032 0:00,DEFAULT GROUP,,1016697150,SOUTHAMPTON - 100 HARBOUR PARADE,100 HARBOUR PARADE,,,SOUTHAMPTON,HAMPSHIRE,SO15 1BA,UNITED KINGDOM,No,206345589,Covered,Active,L1NBD,L1NBD,Vendor,Yes,12/1/2024 0:00,1/30/2027 0:00,30400375,USD,121.9,0,4501605158,121.9,,113848222,2238.28,N/A,N/A,N/A,,-,0,No,No,No,-,No,-,No,-,No,-,Active,-,Include,0,0,Include,14327,NULL,NULL
Demo,75583174,Cisco,-,FVH123773,123457106,Parent,WS-C3850-48P-S,1,^^Cisco Catalyst 3850 48 Port PoE IP Base,,,,No Ship Date Available,00:00.0,81-EZ281-S,,C3850,ENTERPRISE SWITCHING,ENT. SWITCHING - ACCESS,CHASSIS,Switches,http://www.cisco.com/content/en/us/support/switches/catalyst-3850-48p-s-switch/model.html,10/30/2020,10/31/2025,0-3 Months,10/31/2025 0:00,DEFAULT GROUP,,1016697150,SOUTHAMPTON - 100 HARBOUR PARADE,100 HARBOUR PARADE,,,SOUTHAMPTON,HAMPSHIRE,SO15 1BA,UNITED KINGDOM,No,206345589,Covered,Active,L1NBD,L1NBD,Vendor,Yes,12/1/2024 0:00,10/31/2025 0:00,30400375,USD,1984.9,0,4501605158,1984.9,,109511456,20171,N/A,N/A,N/A,,-,0,No,No,No,-,No,-,No,-,No,-,Active,-,Include,0,0,Include,14327,NULL,NULL
Demo,75583183,Cisco,-,FVH123774,123457107,Parent,C9120AXI-E,1,C9120AX Internal 802.11ax 4x4:4 MIMO;IOT;BT5;mGig;USB;RHL,,,,No Ship Date Available,00:00.0,4501245478,,C9120AX,WIRELESS,ENT. - WIRELESS,CHASSIS,-,-,-,-,Not Defined,9/16/2032 0:00,DEFAULT GROUP,,1016697150,SOUTHAMPTON - 100 HARBOUR PARADE,100 HARBOUR PARADE,,,SOUTHAMPTON,HAMPSHIRE,SO15 1BA,UNITED KINGDOM,No,206345589,Covered,Active,L1NBD,L1NBD,Vendor,Yes,12/1/2024 0:00,1/30/2027 0:00,30400375,USD,121.9,0,4501605158,121.9,,113848222,2238.28,N/A,N/A,N/A,,-,0,No,No,No,-,No,-,No,-,No,-,Active,-,Include,0,0,Include,14327,NULL,NULL
Demo,75583191,Cisco,-,FVH123775,123457108,Parent,C9120AXI-E,1,C9120AX Internal 802.11ax 4x4:4 MIMO;IOT;BT5;mGig;USB;RHL,,,,No Ship Date Available,00:00.0,4501245478,,C9120AX,WIRELESS,ENT. - WIRELESS,CHASSIS,-,-,-,-,Not Defined,9/16/2032 0:00,DEFAULT GROUP,,1016697150,SOUTHAMPTON - 100 HARBOUR PARADE,100 HARBOUR PARADE,,,SOUTHAMPTON,HAMPSHIRE,SO15 1BA,UNITED KINGDOM,No,206345589,Covered,Active,L1NBD,L1NBD,Vendor,Yes,12/1/2024 0:00,1/30/2027 0:00,30400375,USD,121.9,0,4501605158,121.9,,113848222,2238.28,N/A,N/A,N/A,,-,0,No,No,No,-,No,-,No,-,No,-,Active,-,Include,0,0,Include,14327,NULL,NULL
Demo,75583199,Cisco,-,FVH123776,123457109,Parent,C9120AXI-E,1,C9120AX Internal 802.11ax 4x4:4 MIMO;IOT;BT5;mGig;USB;RHL,,,,No Ship Date Available,00:00.0,4501245478,,C9120AX,WIRELESS,ENT. - WIRELESS,CHASSIS,-,-,-,-,Not Defined,9/16/2032 0:00,DEFAULT GROUP,,1016697150,SOUTHAMPTON - 100 HARBOUR PARADE,100 HARBOUR PARADE,,,SOUTHAMPTON,HAMPSHIRE,SO15 1BA,UNITED KINGDOM,No,206345589,Covered,Active,L1NBD,L1NBD,Vendor,Yes,12/1/2024 0:00,1/30/2027 0:00,30400375,USD,121.9,0,4501605158,121.9,,113848222,2238.28,N/A,N/A,N/A,,-,0,No,No,No,-,No,-,No,-,No,-,Active,-,Include,0,0,Include,14327,NULL,NULL
Demo,75583207,Cisco,-,FVH123777,123457110,Parent,C9120AXI-E,1,C9120AX Internal 802.11ax 4x4:4 MIMO;IOT;BT5;mGig;USB;RHL,,,,No Ship Date Available,00:00.0,4501245478,,C9120AX,WIRELESS,ENT. - WIRELESS,CHASSIS,-,-,-,-,Not Defined,9/16/2032 0:00,DEFAULT GROUP,,1016697150,SOUTHAMPTON - 100 HARBOUR PARADE,100 HARBOUR PARADE,,,SOUTHAMPTON,HAMPSHIRE,SO15 1BA,UNITED KINGDOM,No,206345589,Covered,Active,L1NBD,L1NBD,Vendor,Yes,12/1/2024 0:00,1/30/2027 0:00,30400375,USD,121.9,0,4501605158,121.9,,113848222,2238.28,N/A,N/A,N/A,,-,0,No,No,No,-,No,-,No,-,No,-,Active,-,Include,0,0,Include,14327,NULL,NULL
Demo,75583215,Cisco,-,FVH123778,123457111,Parent,C9300-48UXM-E,1,"Catalyst 9300 48-port(12 mGig,36 2.5Gbps) Network Essentials",,,,No Ship Date Available,00:00.0,4501603898,,C9300,ENTERPRISE SWITCHING,ENT. SWITCHING - ACCESS,CHASSIS,-,-,-,-,Not Defined,3/13/2035 0:00,DEFAULT GROUP,,1063576823,KECSKEMET - DAIMLER UT 1,DAIMLER UT 1,,,KECSKEMET,,6000,HUNGARY,No,200216511,Covered,Active,PSRT,PRTNR SS 8X5XNBD,Vendor,Yes,1/12/2025 0:00,1/11/2026 0:00,,USD,622.45,0,4501603898,1231.65,,118097377,16481.39,N/A,N/A,N/A,,-,0,No,No,No,-,No,-,No,-,No,-,Active,-,Include,0,0,Include,14327,NULL,NULL
Demo,75583267,Cisco,-,FVH123779,123457112,Parent,C9500-40X-A,1,"Catalyst 9500 40-port 10Gig switch, Network Advantage",,,,No Ship Date Available,00:00.0,4501229728,,C9500,ENTERPRISE SWITCHING,ENT. SWITCHING - ACCESS,CHASSIS,-,-,4/30/2024,4/30/2029,>36 Months,4/30/2029 0:00,DEFAULT GROUP,CARNIVAL PLC,1056363584,SOUTHAMPTON - MAJESTIC ROAD,MAJESTIC ROAD,,,SOUTHAMPTON,HAMPSHIRE,SO16 0YT,UNITED KINGDOM,No,206345589,Covered,Active,L1NBD,L1NBD,Vendor,Yes,12/1/2024 0:00,1/30/2027 0:00,30400375,USD,3412.05,0,4501616850,3923.8,,106904264,39914.41,N/A,N/A,N/A,,-,0,No,No,No,-,No,-,No,-,No,-,Active,-,Include,0,0,Include,14327,NULL,NULL
Demo,75583275,Cisco,-,FVH123780,123457113,Parent,C9500-40X-A,1,"Catalyst 9500 40-port 10Gig switch, Network Advantage",,,,No Ship Date Available,00:00.0,4501229728,,C9500,ENTERPRISE SWITCHING,ENT. SWITCHING - ACCESS,CHASSIS,-,-,4/30/2024,4/30/2029,>36 Months,4/30/2029 0:00,DEFAULT GROUP,CARNIVAL PLC,1056363584,SOUTHAMPTON - MAJESTIC ROAD,MAJESTIC ROAD,,,SOUTHAMPTON,HAMPSHIRE,SO16 0YT,UNITED KINGDOM,No,206345589,Covered,Active,L1NBD,L1NBD,Vendor,Yes,12/1/2024 0:00,1/30/2027 0:00,30400375,USD,3412.05,0,4501616850,3923.8,,106904264,39914.41,N/A,N/A,N/A,,-,0,No,No,No,-,No,-,No,-,No,-,Active,-,Include,0,0,Include,14327,NULL,NULL
Demo,75583308,Cisco,-,FVH123781,123457114,Parent,C9120AXI-E,1,C9120AX Internal 802.11ax 4x4:4 MIMO;IOT;BT5;mGig;USB;RHL,,,,No Ship Date Available,00:00.0,4501245478,,C9120AX,WIRELESS,ENT. - WIRELESS,CHASSIS,-,-,-,-,Not Defined,9/16/2032 0:00,DEFAULT GROUP,,1016697150,SOUTHAMPTON - 100 HARBOUR PARADE,100 HARBOUR PARADE,,,SOUTHAMPTON,HAMPSHIRE,SO15 1BA,UNITED KINGDOM,No,206345589,Covered,Active,L1NBD,L1NBD,Vendor,Yes,12/1/2024 0:00,1/30/2027 0:00,30400375,USD,121.9,0,4501605158,121.9,,113848222,2238.28,N/A,N/A,N/A,,-,0,No,No,No,-,No,-,No,-,No,-,Active,-,Include,0,0,Include,14327,NULL,NULL
Demo,75583316,Cisco,-,FVH123782,123457115,Parent,C9120AXI-E,1,C9120AX Internal 802.11ax 4x4:4 MIMO;IOT;BT5;mGig;USB;RHL,,,,No Ship Date Available,00:00.0,4501245478,,C9120AX,WIRELESS,ENT. - WIRELESS,CHASSIS,-,-,-,-,Not Defined,9/16/2032 0:00,DEFAULT GROUP,,1016697150,SOUTHAMPTON - 100 HARBOUR PARADE,100 HARBOUR PARADE,,,SOUTHAMPTON,HAMPSHIRE,SO15 1BA,UNITED KINGDOM,No,206345589,Covered,Active,L1NBD,L1NBD,Vendor,Yes,12/1/2024 0:00,1/30/2027 0:00,30400375,USD,121.9,0,4501605158,121.9,,113848222,2238.28,N/A,N/A,N/A,,-,0,No,No,No,-,No,-,No,-,No,-,Active,-,Include,0,0,Include,14327,NULL,NULL
Demo,75583324,Cisco,-,FVH123783,123457116,Parent,C9120AXI-E,1,C9120AX Internal 802.11ax 4x4:4 MIMO;IOT;BT5;mGig;USB;RHL,,,,No Ship Date Available,00:00.0,4501245478,,C9120AX,WIRELESS,ENT. - WIRELESS,CHASSIS,-,-,-,-,Not Defined,9/16/2032 0:00,DEFAULT GROUP,,1016697150,SOUTHAMPTON - 100 HARBOUR PARADE,100 HARBOUR PARADE,,,SOUTHAMPTON,HAMPSHIRE,SO15 1BA,UNITED KINGDOM,No,206345589,Covered,Active,L1NBD,L1NBD,Vendor,Yes,12/1/2024 0:00,1/30/2027 0:00,30400375,USD,121.9,0,4501605158,121.9,,113848222,2238.28,N/A,N/A,N/A,,-,0,No,No,No,-,No,-,No,-,No,-,Active,-,Include,0,0,Include,14327,NULL,NULL
Demo,75583332,Cisco,-,FVH123784,123457117,Parent,C9120AXI-E,1,C9120AX Internal 802.11ax 4x4:4 MIMO;IOT;BT5;mGig;USB;RHL,,,,No Ship Date Available,00:00.0,4501245478,,C9120AX,WIRELESS,ENT. - WIRELESS,CHASSIS,-,-,-,-,Not Defined,9/16/2032 0:00,DEFAULT GROUP,,1016697150,SOUTHAMPTON - 100 HARBOUR PARADE,100 HARBOUR PARADE,,,SOUTHAMPTON,HAMPSHIRE,SO15 1BA,UNITED KINGDOM,No,206345589,Covered,Active,L1NBD,L1NBD,Vendor,Yes,12/1/2024 0:00,1/30/2027 0:00,30400375,USD,121.9,0,4501605158,121.9,,113848222,2238.28,N/A,N/A,N/A,,-,0,No,No,No,-,No,-,No,-,No,-,Active,-,Include,0,0,Include,14327,NULL,NULL
Demo,75583340,Cisco,-,FVH123785,123457118,Parent,C9120AXI-E,1,C9120AX Internal 802.11ax 4x4:4 MIMO;IOT;BT5;mGig;USB;RHL,,,,No Ship Date Available,00:00.0,4501245478,,C9120AX,WIRELESS,ENT. - WIRELESS,CHASSIS,-,-,-,-,Not Defined,9/16/2032 0:00,DEFAULT GROUP,,1016697150,SOUTHAMPTON - 100 HARBOUR PARADE,100 HARBOUR PARADE,,,SOUTHAMPTON,HAMPSHIRE,SO15 1BA,UNITED KINGDOM,No,206345589,Covered,Active,L1NBD,L1NBD,Vendor,Yes,12/1/2024 0:00,1/30/2027 0:00,30400375,USD,121.9,0,4501605158,121.9,,113848222,2238.28,N/A,N/A,N/A,,-,0,No,No,No,-,No,-,No,-,No,-,Active,-,Include,0,0,Include,14327,NULL,NULL
Demo,75583348,Cisco,-,FVH123786,123457119,Parent,C9120AXI-E,1,C9120AX Internal 802.11ax 4x4:4 MIMO;IOT;BT5;mGig;USB;RHL,,,,No Ship Date Available,00:00.0,4501245478,,C9120AX,WIRELESS,ENT. - WIRELESS,CHASSIS,-,-,-,-,Not Defined,9/16/2032 0:00,DEFAULT GROUP,,1016697150,SOUTHAMPTON - 100 HARBOUR PARADE,100 HARBOUR PARADE,,,SOUTHAMPTON,HAMPSHIRE,SO15 1BA,UNITED KINGDOM,No,206345589,Covered,Active,L1NBD,L1NBD,Vendor,Yes,12/1/2024 0:00,1/30/2027 0:00,30400375,USD,121.9,0,4501605158,121.9,,113848222,2238.28,N/A,N/A,N/A,,-,0,No,No,No,-,No,-,No,-,No,-,Active,-,Include,0,0,Include,14327,NULL,NULL
Demo,75583356,Cisco,-,FVH123787,123457120,Parent,C9120AXI-E,1,C9120AX Internal 802.11ax 4x4:4 MIMO;IOT;BT5;mGig;USB;RHL,,,,No Ship Date Available,00:00.0,4501245478,,C9120AX,WIRELESS,ENT. - WIRELESS,CHASSIS,-,-,-,-,Not Defined,9/16/2032 0:00,DEFAULT GROUP,,1016697150,SOUTHAMPTON - 100 HARBOUR PARADE,100 HARBOUR PARADE,,,SOUTHAMPTON,HAMPSHIRE,SO15 1BA,UNITED KINGDOM,No,206345589,Covered,Active,L1NBD,L1NBD,Vendor,Yes,12/1/2024 0:00,1/30/2027 0:00,30400375,USD,121.9,0,4501605158,121.9,,113848222,2238.28,N/A,N/A,N/A,,-,0,No,No,No,-,No,-,No,-,No,-,Active,-,Include,0,0,Include,14327,NULL,NULL
Demo,75583364,Cisco,-,FVH123788,123457121,Parent,C9120AXI-E,1,C9120AX Internal 802.11ax 4x4:4 MIMO;IOT;BT5;mGig;USB;RHL,,,,No Ship Date Available,00:00.0,4501245478,,C9120AX,WIRELESS,ENT. - WIRELESS,CHASSIS,-,-,-,-,Not Defined,9/16/2032 0:00,DEFAULT GROUP,,1016697150,SOUTHAMPTON - 100 HARBOUR PARADE,100 HARBOUR PARADE,,,SOUTHAMPTON,HAMPSHIRE,SO15 1BA,UNITED KINGDOM,No,206345589,Covered,Active,L1NBD,L1NBD,Vendor,Yes,12/1/2024 0:00,1/30/2027 0:00,30400375,USD,121.9,0,4501605158,121.9,,113848222,2238.28,N/A,N/A,N/A,,-,0,No,No,No,-,No,-,No,-,No,-,Active,-,Include,0,0,Include,14327,NULL,NULL
Demo,75583372,Cisco,-,FVH123789,123457122,Parent,C9300-48P-A,1,"Catalyst 9300 48-port PoE+, Network Advantage",,,,No Ship Date Available,00:00.0,4501931967,,C9300,ENTERPRISE SWITCHING,ENT. SWITCHING - ACCESS,CHASSIS,-,-,-,-,Not Defined,8/25/2031 0:00,DEFAULT GROUP,,1016697150,SOUTHAMPTON - 100 HARBOUR PARADE,100 HARBOUR PARADE,,,SOUTHAMPTON,HAMPSHIRE,SO15 1BA,UNITED KINGDOM,No,206345589,Covered,Active,L1NBD,L1NBD,Vendor,Yes,12/1/2024 0:00,1/30/2027 0:00,30400375,USD,1064.9,0,4501605158,1064.9,,112000874,12382.04,N/A,N/A,N/A,,-,0,No,No,No,-,No,-,No,-,No,-,Active,-,Include,0,0,Include,14327,NULL,NULL
Demo,75583396,Cisco,-,FVH123790,123457123,Parent,C9120AXI-E,1,C9120AX Internal 802.11ax 4x4:4 MIMO;IOT;BT5;mGig;USB;RHL,,,,No Ship Date Available,00:00.0,4501245478,,C9120AX,WIRELESS,ENT. - WIRELESS,CHASSIS,-,-,-,-,Not Defined,9/16/2032 0:00,DEFAULT GROUP,,1016697150,SOUTHAMPTON - 100 HARBOUR PARADE,100 HARBOUR PARADE,,,SOUTHAMPTON,HAMPSHIRE,SO15 1BA,UNITED KINGDOM,No,206345589,Covered,Active,L1NBD,L1NBD,Vendor,Yes,12/1/2024 0:00,1/30/2027 0:00,30400375,USD,121.9,0,4501605158,121.9,,113848222,2238.28,N/A,N/A,N/A,,-,0,No,No,No,-,No,-,No,-,No,-,Active,-,Include,0,0,Include,14327,NULL,NULL
Demo,75583404,Cisco,-,FVH123791,123457124,Parent,C9120AXI-E,1,C9120AX Internal 802.11ax 4x4:4 MIMO;IOT;BT5;mGig;USB;RHL,,,,No Ship Date Available,00:00.0,4501245478,,C9120AX,WIRELESS,ENT. - WIRELESS,CHASSIS,-,-,-,-,Not Defined,9/16/2032 0:00,DEFAULT GROUP,,1016697150,SOUTHAMPTON - 100 HARBOUR PARADE,100 HARBOUR PARADE,,,SOUTHAMPTON,HAMPSHIRE,SO15 1BA,UNITED KINGDOM,No,206345589,Covered,Active,L1NBD,L1NBD,Vendor,Yes,12/1/2024 0:00,1/30/2027 0:00,30400375,USD,121.9,0,4501605158,121.9,,113848222,2238.28,N/A,N/A,N/A,,-,0,No,No,No,-,No,-,No,-,No,-,Active,-,Include,0,0,Include,14327,NULL,NULL
Demo,75583412,Cisco,-,FVH123792,123457125,Parent,C9120AXI-E,1,C9120AX Internal 802.11ax 4x4:4 MIMO;IOT;BT5;mGig;USB;RHL,,,,No Ship Date Available,00:00.0,4501245478,,C9120AX,WIRELESS,ENT. - WIRELESS,CHASSIS,-,-,-,-,Not Defined,9/16/2032 0:00,DEFAULT GROUP,,1016697150,SOUTHAMPTON - 100 HARBOUR PARADE,100 HARBOUR PARADE,,,SOUTHAMPTON,HAMPSHIRE,SO15 1BA,UNITED KINGDOM,No,206345589,Covered,Active,L1NBD,L1NBD,Vendor,Yes,12/1/2024 0:00,1/30/2027 0:00,30400375,USD,121.9,0,4501605158,121.9,,113848222,2238.28,N/A,N/A,N/A,,-,0,No,No,No,-,No,-,No,-,No,-,Active,-,Include,0,0,Include,14327,NULL,NULL
Demo,75583420,Cisco,-,FVH123793,123457126,Parent,WS-C3850-48P-S,1,^^Cisco Catalyst 3850 48 Port PoE IP Base,,,,No Ship Date Available,00:00.0,81-EXA92-S,,C3850,ENTERPRISE SWITCHING,ENT. SWITCHING - ACCESS,CHASSIS,Switches,http://www.cisco.com/content/en/us/support/switches/catalyst-3850-48p-s-switch/model.html,10/30/2020,10/31/2025,0-3 Months,10/31/2025 0:00,DEFAULT GROUP,,1016697150,SOUTHAMPTON - 100 HARBOUR PARADE,100 HARBOUR PARADE,,,SOUTHAMPTON,HAMPSHIRE,SO15 1BA,UNITED KINGDOM,No,206345589,Covered,Active,L1NBD,L1NBD,Vendor,Yes,12/1/2024 0:00,10/31/2025 0:00,30400375,USD,1984.9,0,4501605158,1984.9,,109359499,20171,N/A,N/A,N/A,,-,0,No,No,No,-,No,-,No,-,No,-,Active,-,Include,0,0,Include,14327,NULL,NULL
Demo,75583439,Cisco,-,FVH123794,123457127,Parent,C9120AXI-E,1,C9120AX Internal 802.11ax 4x4:4 MIMO;IOT;BT5;mGig;USB;RHL,,,,No Ship Date Available,00:00.0,4501245478,,C9120AX,WIRELESS,ENT. - WIRELESS,CHASSIS,-,-,-,-,Not Defined,9/16/2032 0:00,DEFAULT GROUP,,1016697150,SOUTHAMPTON - 100 HARBOUR PARADE,100 HARBOUR PARADE,,,SOUTHAMPTON,HAMPSHIRE,SO15 1BA,UNITED KINGDOM,No,206345589,Covered,Active,L1NBD,L1NBD,Vendor,Yes,12/1/2024 0:00,1/30/2027 0:00,30400375,USD,121.9,0,4501605158,121.9,,113848222,2238.28,N/A,N/A,N/A,,-,0,No,No,No,-,No,-,No,-,No,-,Active,-,Include,0,0,Include,14327,NULL,NULL
Demo,75583462,Cisco,-,FVH123795,123457128,Parent,WS-C3850-48P-S,1,^^Cisco Catalyst 3850 48 Port PoE IP Base,,,,No Ship Date Available,00:00.0,81-EZ281-S,,C3850,ENTERPRISE SWITCHING,ENT. SWITCHING - ACCESS,CHASSIS,Switches,http://www.cisco.com/content/en/us/support/switches/catalyst-3850-48p-s-switch/model.html,10/30/2020,10/31/2025,0-3 Months,10/31/2025 0:00,DEFAULT GROUP,,1016697150,SOUTHAMPTON - 100 HARBOUR PARADE,100 HARBOUR PARADE,,,SOUTHAMPTON,HAMPSHIRE,SO15 1BA,UNITED KINGDOM,No,206345589,Covered,Active,L1NBD,L1NBD,Vendor,Yes,12/1/2024 0:00,10/31/2025 0:00,30400375,USD,1984.9,0,4501605158,1984.9,,109511456,20171,N/A,N/A,N/A,,-,0,No,No,No,-,No,-,No,-,No,-,Active,-,Include,0,0,Include,14327,NULL,NULL
Demo,75583658,Cisco,-,FVH123796,123457129,Parent,C9120AXI-E,1,C9120AX Internal 802.11ax 4x4:4 MIMO;IOT;BT5;mGig;USB;RHL,,,,No Ship Date Available,00:00.0,4501245478,,C9120AX,WIRELESS,ENT. - WIRELESS,CHASSIS,-,-,-,-,Not Defined,9/16/2032 0:00,DEFAULT GROUP,,1016697150,SOUTHAMPTON - 100 HARBOUR PARADE,100 HARBOUR PARADE,,,SOUTHAMPTON,HAMPSHIRE,SO15 1BA,UNITED KINGDOM,No,206345589,Covered,Active,L1NBD,L1NBD,Vendor,Yes,12/1/2024 0:00,1/30/2027 0:00,30400375,USD,121.9,0,4501605158,121.9,,113848222,2238.28,N/A,N/A,N/A,,-,0,No,No,No,-,No,-,No,-,No,-,Active,-,Include,0,0,Include,14327,NULL,NULL
Demo,75583666,Cisco,-,FVH123797,123457130,Parent,C9120AXI-E,1,C9120AX Internal 802.11ax 4x4:4 MIMO;IOT;BT5;mGig;USB;RHL,,,,No Ship Date Available,00:00.0,4501245478,,C9120AX,WIRELESS,ENT. - WIRELESS,CHASSIS,-,-,-,-,Not Defined,9/16/2032 0:00,DEFAULT GROUP,,1016697150,SOUTHAMPTON - 100 HARBOUR PARADE,100 HARBOUR PARADE,,,SOUTHAMPTON,HAMPSHIRE,SO15 1BA,UNITED KINGDOM,No,206345589,Covered,Active,L1NBD,L1NBD,Vendor,Yes,12/1/2024 0:00,1/30/2027 0:00,30400375,USD,121.9,0,4501605158,121.9,,113848222,2238.28,N/A,N/A,N/A,,-,0,No,No,No,-,No,-,No,-,No,-,Active,-,Include,0,0,Include,14327,NULL,NULL
Demo,75583674,Cisco,-,FVH123798,123457131,Parent,C9120AXI-E,1,C9120AX Internal 802.11ax 4x4:4 MIMO;IOT;BT5;mGig;USB;RHL,,,,No Ship Date Available,00:00.0,4501245478,,C9120AX,WIRELESS,ENT. - WIRELESS,CHASSIS,-,-,-,-,Not Defined,9/16/2032 0:00,DEFAULT GROUP,,1016697150,SOUTHAMPTON - 100 HARBOUR PARADE,100 HARBOUR PARADE,,,SOUTHAMPTON,HAMPSHIRE,SO15 1BA,UNITED KINGDOM,No,206345589,Covered,Active,L1NBD,L1NBD,Vendor,Yes,12/1/2024 0:00,1/30/2027 0:00,30400375,USD,121.9,0,4501605158,121.9,,113848222,2238.28,N/A,N/A,N/A,,-,0,No,No,No,-,No,-,No,-,No,-,Active,-,Include,0,0,Include,14327,NULL,NULL
Demo,75583682,Cisco,-,FVH123799,123457132,Parent,C9120AXI-E,1,C9120AX Internal 802.11ax 4x4:4 MIMO;IOT;BT5;mGig;USB;RHL,,,,No Ship Date Available,00:00.0,4501245478,,C9120AX,WIRELESS,ENT. - WIRELESS,CHASSIS,-,-,-,-,Not Defined,9/16/2032 0:00,DEFAULT GROUP,,1016697150,SOUTHAMPTON - 100 HARBOUR PARADE,100 HARBOUR PARADE,,,SOUTHAMPTON,HAMPSHIRE,SO15 1BA,UNITED KINGDOM,No,206345589,Covered,Active,L1NBD,L1NBD,Vendor,Yes,12/1/2024 0:00,1/30/2027 0:00,30400375,USD,121.9,0,4501605158,121.9,,113848222,2238.28,N/A,N/A,N/A,,-,0,No,No,No,-,No,-,No,-,No,-,Active,-,Include,0,0,Include,14327,NULL,NULL
Demo,75583690,Cisco,-,FVH123800,123457133,Parent,C9120AXI-E,1,C9120AX Internal 802.11ax 4x4:4 MIMO;IOT;BT5;mGig;USB;RHL,,,,No Ship Date Available,00:00.0,4501245478,,C9120AX,WIRELESS,ENT. - WIRELESS,CHASSIS,-,-,-,-,Not Defined,9/16/2032 0:00,DEFAULT GROUP,,1016697150,SOUTHAMPTON - 100 HARBOUR PARADE,100 HARBOUR PARADE,,,SOUTHAMPTON,HAMPSHIRE,SO15 1BA,UNITED KINGDOM,No,206345589,Covered,Active,L1NBD,L1NBD,Vendor,Yes,12/1/2024 0:00,1/30/2027 0:00,30400375,USD,121.9,0,4501605158,121.9,,113848222,2238.28,N/A,N/A,N/A,,-,0,No,No,No,-,No,-,No,-,No,-,Active,-,Include,0,0,Include,14327,NULL,NULL
Demo,75583698,Cisco,-,FVH123801,123457134,Parent,C9120AXI-E,1,C9120AX Internal 802.11ax 4x4:4 MIMO;IOT;BT5;mGig;USB;RHL,,,,No Ship Date Available,00:00.0,4501245478,,C9120AX,WIRELESS,ENT. - WIRELESS,CHASSIS,-,-,-,-,Not Defined,9/16/2032 0:00,DEFAULT GROUP,,1016697150,SOUTHAMPTON - 100 HARBOUR PARADE,100 HARBOUR PARADE,,,SOUTHAMPTON,HAMPSHIRE,SO15 1BA,UNITED KINGDOM,No,206345589,Covered,Active,L1NBD,L1NBD,Vendor,Yes,12/1/2024 0:00,1/30/2027 0:00,30400375,USD,121.9,0,4501605158,121.9,,113848222,2238.28,N/A,N/A,N/A,,-,0,No,No,No,-,No,-,No,-,No,-,Active,-,Include,0,0,Include,14327,NULL,NULL
Demo,75583706,Cisco,-,FVH123802,123457135,Parent,C9120AXI-E,1,C9120AX Internal 802.11ax 4x4:4 MIMO;IOT;BT5;mGig;USB;RHL,,,,No Ship Date Available,00:00.0,4501245478,,C9120AX,WIRELESS,ENT. - WIRELESS,CHASSIS,-,-,-,-,Not Defined,9/16/2032 0:00,DEFAULT GROUP,,1016697150,SOUTHAMPTON - 100 HARBOUR PARADE,100 HARBOUR PARADE,,,SOUTHAMPTON,HAMPSHIRE,SO15 1BA,UNITED KINGDOM,No,206345589,Covered,Active,L1NBD,L1NBD,Vendor,Yes,12/1/2024 0:00,1/30/2027 0:00,30400375,USD,121.9,0,4501605158,121.9,,113848222,2238.28,N/A,N/A,N/A,,-,0,No,No,No,-,No,-,No,-,No,-,Active,-,Include,0,0,Include,14327,NULL,NULL
Demo,75583714,Cisco,-,FVH123803,123457136,Parent,WS-C3850-48P-S,1,^^Cisco Catalyst 3850 48 Port PoE IP Base,,,,No Ship Date Available,00:00.0,81-EZ281-S,,C3850,ENTERPRISE SWITCHING,ENT. SWITCHING - ACCESS,CHASSIS,Switches,http://www.cisco.com/content/en/us/support/switches/catalyst-3850-48p-s-switch/model.html,10/30/2020,10/31/2025,0-3 Months,10/31/2025 0:00,DEFAULT GROUP,,1016697150,SOUTHAMPTON - 100 HARBOUR PARADE,100 HARBOUR PARADE,,,SOUTHAMPTON,HAMPSHIRE,SO15 1BA,UNITED KINGDOM,No,206345589,Covered,Active,L1NBD,L1NBD,Vendor,Yes,12/1/2024 0:00,10/31/2025 0:00,30400375,USD,1984.9,0,4501605158,1984.9,,109511456,20171,N/A,N/A,N/A,,-,0,No,No,No,-,No,-,No,-,No,-,Active,-,Include,0,0,Include,14327,NULL,NULL
Demo,75583863,Cisco,-,FVH123804,123457137,Parent,C9120AXI-E,1,C9120AX Internal 802.11ax 4x4:4 MIMO;IOT;BT5;mGig;USB;RHL,,,,No Ship Date Available,00:00.0,4501211050,,C9120AX,WIRELESS,ENT. - WIRELESS,CHASSIS,-,-,-,-,Not Defined,8/9/2032 0:00,DEFAULT GROUP,CARNIVAL PLC,1056363584,SOUTHAMPTON - MAJESTIC ROAD,MAJESTIC ROAD,,,SOUTHAMPTON,HAMPSHIRE,SO16 0YT,UNITED KINGDOM,No,206345589,Covered,Active,L1NBD,L1NBD,Vendor,Yes,12/1/2024 0:00,1/30/2027 0:00,30400375,USD,121.9,0,4501616850,121.9,,113449414,2238.28,N/A,N/A,N/A,,-,0,No,No,No,-,No,-,No,-,No,-,Active,-,Include,0,0,Include,14327,NULL,NULL
Demo,75583901,Cisco,-,FVH123805,123457138,Parent,C9120AXI-E,1,C9120AX Internal 802.11ax 4x4:4 MIMO;IOT;BT5;mGig;USB;RHL,,,,No Ship Date Available,00:00.0,4501245478,,C9120AX,WIRELESS,ENT. - WIRELESS,CHASSIS,-,-,-,-,Not Defined,9/16/2032 0:00,DEFAULT GROUP,,1016697150,SOUTHAMPTON - 100 HARBOUR PARADE,100 HARBOUR PARADE,,,SOUTHAMPTON,HAMPSHIRE,SO15 1BA,UNITED KINGDOM,No,206345589,Covered,Active,L1NBD,L1NBD,Vendor,Yes,12/1/2024 0:00,1/30/2027 0:00,30400375,USD,121.9,0,4501605158,121.9,,113848222,2238.28,N/A,N/A,N/A,,-,0,No,No,No,-,No,-,No,-,No,-,Active,-,Include,0,0,Include,14327,NULL,NULL
Demo,75583909,Cisco,-,FVH123806,123457139,Parent,C9120AXI-E,1,C9120AX Internal 802.11ax 4x4:4 MIMO;IOT;BT5;mGig;USB;RHL,,,,No Ship Date Available,00:00.0,4501245478,,C9120AX,WIRELESS,ENT. - WIRELESS,CHASSIS,-,-,-,-,Not Defined,9/16/2032 0:00,DEFAULT GROUP,,1016697150,SOUTHAMPTON - 100 HARBOUR PARADE,100 HARBOUR PARADE,,,SOUTHAMPTON,HAMPSHIRE,SO15 1BA,UNITED KINGDOM,No,206345589,Covered,Active,L1NBD,L1NBD,Vendor,Yes,12/1/2024 0:00,1/30/2027 0:00,30400375,USD,121.9,0,4501605158,121.9,,113848222,2238.28,N/A,N/A,N/A,,-,0,No,No,No,-,No,-,No,-,No,-,Active,-,Include,0,0,Include,14327,NULL,NULL
Demo,75583917,Cisco,-,FVH123807,123457140,Parent,C9120AXI-E,1,C9120AX Internal 802.11ax 4x4:4 MIMO;IOT;BT5;mGig;USB;RHL,,,,No Ship Date Available,00:00.0,4501245478,,C9120AX,WIRELESS,ENT. - WIRELESS,CHASSIS,-,-,-,-,Not Defined,9/16/2032 0:00,DEFAULT GROUP,,1016697150,SOUTHAMPTON - 100 HARBOUR PARADE,100 HARBOUR PARADE,,,SOUTHAMPTON,HAMPSHIRE,SO15 1BA,UNITED KINGDOM,No,206345589,Covered,Active,L1NBD,L1NBD,Vendor,Yes,12/1/2024 0:00,1/30/2027 0:00,30400375,USD,121.9,0,4501605158,121.9,,113848222,2238.28,N/A,N/A,N/A,,-,0,No,No,No,-,No,-,No,-,No,-,Active,-,Include,0,0,Include,14327,NULL,NULL
Demo,75583925,Cisco,-,FVH123808,123457141,Parent,C9120AXI-E,1,C9120AX Internal 802.11ax 4x4:4 MIMO;IOT;BT5;mGig;USB;RHL,,,,No Ship Date Available,00:00.0,4501245478,,C9120AX,WIRELESS,ENT. - WIRELESS,CHASSIS,-,-,-,-,Not Defined,9/16/2032 0:00,DEFAULT GROUP,,1016697150,SOUTHAMPTON - 100 HARBOUR PARADE,100 HARBOUR PARADE,,,SOUTHAMPTON,HAMPSHIRE,SO15 1BA,UNITED KINGDOM,No,206345589,Covered,Active,L1NBD,L1NBD,Vendor,Yes,12/1/2024 0:00,1/30/2027 0:00,30400375,USD,121.9,0,4501605158,121.9,,113848222,2238.28,N/A,N/A,N/A,,-,0,No,No,No,-,No,-,No,-,No,-,Active,-,Include,0,0,Include,14327,NULL,NULL
Demo,75583933,Cisco,-,FVH123809,123457142,Parent,C9120AXI-E,1,C9120AX Internal 802.11ax 4x4:4 MIMO;IOT;BT5;mGig;USB;RHL,,,,No Ship Date Available,00:00.0,4501245478,,C9120AX,WIRELESS,ENT. - WIRELESS,CHASSIS,-,-,-,-,Not Defined,9/16/2032 0:00,DEFAULT GROUP,,1016697150,SOUTHAMPTON - 100 HARBOUR PARADE,100 HARBOUR PARADE,,,SOUTHAMPTON,HAMPSHIRE,SO15 1BA,UNITED KINGDOM,No,206345589,Covered,Active,L1NBD,L1NBD,Vendor,Yes,12/1/2024 0:00,1/30/2027 0:00,30400375,USD,121.9,0,4501605158,121.9,,113848222,2238.28,N/A,N/A,N/A,,-,0,No,No,No,-,No,-,No,-,No,-,Active,-,Include,0,0,Include,14327,NULL,NULL
Demo,75583941,Cisco,-,FVH123810,123457143,Parent,C9120AXI-E,1,C9120AX Internal 802.11ax 4x4:4 MIMO;IOT;BT5;mGig;USB;RHL,,,,No Ship Date Available,00:00.0,4501245478,,C9120AX,WIRELESS,ENT. - WIRELESS,CHASSIS,-,-,-,-,Not Defined,9/16/2032 0:00,DEFAULT GROUP,,1016697150,SOUTHAMPTON - 100 HARBOUR PARADE,100 HARBOUR PARADE,,,SOUTHAMPTON,HAMPSHIRE,SO15 1BA,UNITED KINGDOM,No,206345589,Covered,Active,L1NBD,L1NBD,Vendor,Yes,12/1/2024 0:00,1/30/2027 0:00,30400375,USD,121.9,0,4501605158,121.9,,113848222,2238.28,N/A,N/A,N/A,,-,0,No,No,No,-,No,-,No,-,No,-,Active,-,Include,0,0,Include,14327,NULL,NULL
Demo,75583949,Cisco,-,FVH123811,123457144,Parent,C9120AXI-E,1,C9120AX Internal 802.11ax 4x4:4 MIMO;IOT;BT5;mGig;USB;RHL,,,,No Ship Date Available,00:00.0,4501245478,,C9120AX,WIRELESS,ENT. - WIRELESS,CHASSIS,-,-,-,-,Not Defined,9/16/2032 0:00,DEFAULT GROUP,,1016697150,SOUTHAMPTON - 100 HARBOUR PARADE,100 HARBOUR PARADE,,,SOUTHAMPTON,HAMPSHIRE,SO15 1BA,UNITED KINGDOM,No,206345589,Covered,Active,L1NBD,L1NBD,Vendor,Yes,12/1/2024 0:00,1/30/2027 0:00,30400375,USD,121.9,0,4501605158,121.9,,113848222,2238.28,N/A,N/A,N/A,,-,0,No,No,No,-,No,-,No,-,No,-,Active,-,Include,0,0,Include,14327,NULL,NULL
Demo,75583957,Cisco,-,FVH123812,123457145,Parent,C9120AXI-E,1,C9120AX Internal 802.11ax 4x4:4 MIMO;IOT;BT5;mGig;USB;RHL,,,,No Ship Date Available,00:00.0,4501245478,,C9120AX,WIRELESS,ENT. - WIRELESS,CHASSIS,-,-,-,-,Not Defined,9/16/2032 0:00,DEFAULT GROUP,,1016697150,SOUTHAMPTON - 100 HARBOUR PARADE,100 HARBOUR PARADE,,,SOUTHAMPTON,HAMPSHIRE,SO15 1BA,UNITED KINGDOM,No,206345589,Covered,Active,L1NBD,L1NBD,Vendor,Yes,12/1/2024 0:00,1/30/2027 0:00,30400375,USD,121.9,0,4501605158,121.9,,113848222,2238.28,N/A,N/A,N/A,,-,0,No,No,No,-,No,-,No,-,No,-,Active,-,Include,0,0,Include,14327,NULL,NULL
Demo,75583965,Cisco,-,FVH123813,123457146,Parent,C9120AXI-E,1,C9120AX Internal 802.11ax 4x4:4 MIMO;IOT;BT5;mGig;USB;RHL,,,,No Ship Date Available,00:00.0,4501245478,,C9120AX,WIRELESS,ENT. - WIRELESS,CHASSIS,-,-,-,-,Not Defined,9/16/2032 0:00,DEFAULT GROUP,,1016697150,SOUTHAMPTON - 100 HARBOUR PARADE,100 HARBOUR PARADE,,,SOUTHAMPTON,HAMPSHIRE,SO15 1BA,UNITED KINGDOM,No,206345589,Covered,Active,L1NBD,L1NBD,Vendor,Yes,12/1/2024 0:00,1/30/2027 0:00,30400375,USD,121.9,0,4501605158,121.9,,113848222,2238.28,N/A,N/A,N/A,,-,0,No,No,No,-,No,-,No,-,No,-,Active,-,Include,0,0,Include,14327,NULL,NULL
Demo,75583973,Cisco,-,FVH123814,123457147,Parent,C9120AXI-E,1,C9120AX Internal 802.11ax 4x4:4 MIMO;IOT;BT5;mGig;USB;RHL,,,,No Ship Date Available,00:00.0,4501245478,,C9120AX,WIRELESS,ENT. - WIRELESS,CHASSIS,-,-,-,-,Not Defined,9/16/2032 0:00,DEFAULT GROUP,,1016697150,SOUTHAMPTON - 100 HARBOUR PARADE,100 HARBOUR PARADE,,,SOUTHAMPTON,HAMPSHIRE,SO15 1BA,UNITED KINGDOM,No,206345589,Covered,Active,L1NBD,L1NBD,Vendor,Yes,12/1/2024 0:00,1/30/2027 0:00,30400375,USD,121.9,0,4501605158,121.9,,113848222,2238.28,N/A,N/A,N/A,,-,0,No,No,No,-,No,-,No,-,No,-,Active,-,Include,0,0,Include,14327,NULL,NULL
Demo,75583981,Cisco,-,FVH123815,123457148,Parent,C9120AXI-E,1,C9120AX Internal 802.11ax 4x4:4 MIMO;IOT;BT5;mGig;USB;RHL,,,,No Ship Date Available,00:00.0,-1,,C9120AX,WIRELESS,ENT. - WIRELESS,CHASSIS,-,-,-,-,Not Defined,9/16/2032 0:00,DEFAULT GROUP,,1016697150,SOUTHAMPTON - 100 HARBOUR PARADE,100 HARBOUR PARADE,,,SOUTHAMPTON,HAMPSHIRE,SO15 1BA,UNITED KINGDOM,No,206345589,Covered,Active,L1NBD,L1NBD,Vendor,Yes,12/1/2024 0:00,1/30/2027 0:00,30400375,USD,121.9,0,4501605158,121.9,,803058976,2238.28,N/A,N/A,N/A,,-,0,No,No,No,-,No,-,No,-,No,-,Active,-,Include,0,0,Include,14327,NULL,NULL
Demo,75583989,Cisco,-,FVH123816,123457149,Parent,C9120AXI-E,1,C9120AX Internal 802.11ax 4x4:4 MIMO;IOT;BT5;mGig;USB;RHL,,,,No Ship Date Available,00:00.0,4501211050,,C9120AX,WIRELESS,ENT. - WIRELESS,CHASSIS,-,-,-,-,Not Defined,8/9/2032 0:00,DEFAULT GROUP,CARNIVAL PLC,1056363584,SOUTHAMPTON - MAJESTIC ROAD,MAJESTIC ROAD,,,SOUTHAMPTON,HAMPSHIRE,SO16 0YT,UNITED KINGDOM,No,206345589,Covered,Active,L1NBD,L1NBD,Vendor,Yes,12/1/2024 0:00,1/30/2027 0:00,30400375,USD,121.9,0,4501616850,121.9,,113449414,2238.28,N/A,N/A,N/A,,-,0,No,No,No,-,No,-,No,-,No,-,Active,-,Include,0,0,Include,14327,NULL,NULL
Demo,75583997,Cisco,-,FVH123817,123457150,Parent,C9120AXI-E,1,C9120AX Internal 802.11ax 4x4:4 MIMO;IOT;BT5;mGig;USB;RHL,,,,No Ship Date Available,00:00.0,4501211050,,C9120AX,WIRELESS,ENT. - WIRELESS,CHASSIS,-,-,-,-,Not Defined,8/9/2032 0:00,DEFAULT GROUP,CARNIVAL PLC,1056363584,SOUTHAMPTON - MAJESTIC ROAD,MAJESTIC ROAD,,,SOUTHAMPTON,HAMPSHIRE,SO16 0YT,UNITED KINGDOM,No,206345589,Covered,Active,L1NBD,L1NBD,Vendor,Yes,12/1/2024 0:00,1/30/2027 0:00,30400375,USD,121.9,0,4501616850,121.9,,113449414,2238.28,N/A,N/A,N/A,,-,0,No,No,No,-,No,-,No,-,No,-,Active,-,Include,0,0,Include,14327,NULL,NULL
Demo,75584005,Cisco,-,FVH123818,123457151,Parent,C9120AXI-E,1,C9120AX Internal 802.11ax 4x4:4 MIMO;IOT;BT5;mGig;USB;RHL,,,,No Ship Date Available,00:00.0,4501245478,,C9120AX,WIRELESS,ENT. - WIRELESS,CHASSIS,-,-,-,-,Not Defined,9/16/2032 0:00,DEFAULT GROUP,,1016697150,SOUTHAMPTON - 100 HARBOUR PARADE,100 HARBOUR PARADE,,,SOUTHAMPTON,HAMPSHIRE,SO15 1BA,UNITED KINGDOM,No,206345589,Covered,Active,L1NBD,L1NBD,Vendor,Yes,12/1/2024 0:00,1/30/2027 0:00,30400375,USD,121.9,0,4501605158,121.9,,113848222,2238.28,N/A,N/A,N/A,,-,0,No,No,No,-,No,-,No,-,No,-,Active,-,Include,0,0,Include,14327,NULL,NULL
Demo,75584013,Cisco,-,FVH123819,123457152,Parent,C9120AXI-E,1,C9120AX Internal 802.11ax 4x4:4 MIMO;IOT;BT5;mGig;USB;RHL,,,,No Ship Date Available,00:00.0,4501245478,,C9120AX,WIRELESS,ENT. - WIRELESS,CHASSIS,-,-,-,-,Not Defined,9/16/2032 0:00,DEFAULT GROUP,,1016697150,SOUTHAMPTON - 100 HARBOUR PARADE,100 HARBOUR PARADE,,,SOUTHAMPTON,HAMPSHIRE,SO15 1BA,UNITED KINGDOM,No,206345589,Covered,Active,L1NBD,L1NBD,Vendor,Yes,12/1/2024 0:00,1/30/2027 0:00,30400375,USD,121.9,0,4501605158,121.9,,113848222,2238.28,N/A,N/A,N/A,,-,0,No,No,No,-,No,-,No,-,No,-,Active,-,Include,0,0,Include,14327,NULL,NULL
Demo,75584021,Cisco,-,FVH123820,123457153,Parent,C9120AXI-E,1,C9120AX Internal 802.11ax 4x4:4 MIMO;IOT;BT5;mGig;USB;RHL,,,,No Ship Date Available,00:00.0,4501245478,,C9120AX,WIRELESS,ENT. - WIRELESS,CHASSIS,-,-,-,-,Not Defined,9/16/2032 0:00,DEFAULT GROUP,,1016697150,SOUTHAMPTON - 100 HARBOUR PARADE,100 HARBOUR PARADE,,,SOUTHAMPTON,HAMPSHIRE,SO15 1BA,UNITED KINGDOM,No,206345589,Covered,Active,L1NBD,L1NBD,Vendor,Yes,12/1/2024 0:00,1/30/2027 0:00,30400375,USD,121.9,0,4501605158,121.9,,113848222,2238.28,N/A,N/A,N/A,,-,0,No,No,No,-,No,-,No,-,No,-,Active,-,Include,0,0,Include,14327,NULL,NULL
Demo,75584178,Cisco,-,FVH123821,123457154,Parent,C9120AXI-E,1,C9120AX Internal 802.11ax 4x4:4 MIMO;IOT;BT5;mGig;USB;RHL,,,,No Ship Date Available,00:00.0,4501245478,,C9120AX,WIRELESS,ENT. - WIRELESS,CHASSIS,-,-,-,-,Not Defined,9/16/2032 0:00,DEFAULT GROUP,,1016697150,SOUTHAMPTON - 100 HARBOUR PARADE,100 HARBOUR PARADE,,,SOUTHAMPTON,HAMPSHIRE,SO15 1BA,UNITED KINGDOM,No,206345589,Covered,Active,L1NBD,L1NBD,Vendor,Yes,12/1/2024 0:00,1/30/2027 0:00,30400375,USD,121.9,0,4501605158,121.9,,113848222,2238.28,N/A,N/A,N/A,,-,0,No,No,No,-,No,-,No,-,No,-,Active,-,Include,0,0,Include,14327,NULL,NULL
Demo,75584186,Cisco,-,FVH123822,123457155,Parent,C9120AXI-E,1,C9120AX Internal 802.11ax 4x4:4 MIMO;IOT;BT5;mGig;USB;RHL,,,,No Ship Date Available,00:00.0,4501245478,,C9120AX,WIRELESS,ENT. - WIRELESS,CHASSIS,-,-,-,-,Not Defined,9/16/2032 0:00,DEFAULT GROUP,,1016697150,SOUTHAMPTON - 100 HARBOUR PARADE,100 HARBOUR PARADE,,,SOUTHAMPTON,HAMPSHIRE,SO15 1BA,UNITED KINGDOM,No,206345589,Covered,Active,L1NBD,L1NBD,Vendor,Yes,12/1/2024 0:00,1/30/2027 0:00,30400375,USD,121.9,0,4501605158,121.9,,113848222,2238.28,N/A,N/A,N/A,,-,0,No,No,No,-,No,-,No,-,No,-,Active,-,Include,0,0,Include,14327,NULL,NULL
Demo,75584194,Cisco,-,FVH123823,123457156,Parent,C9120AXI-E,1,C9120AX Internal 802.11ax 4x4:4 MIMO;IOT;BT5;mGig;USB;RHL,,,,No Ship Date Available,00:00.0,4501245478,,C9120AX,WIRELESS,ENT. - WIRELESS,CHASSIS,-,-,-,-,Not Defined,9/16/2032 0:00,DEFAULT GROUP,,1016697150,SOUTHAMPTON - 100 HARBOUR PARADE,100 HARBOUR PARADE,,,SOUTHAMPTON,HAMPSHIRE,SO15 1BA,UNITED KINGDOM,No,206345589,Covered,Active,L1NBD,L1NBD,Vendor,Yes,12/1/2024 0:00,1/30/2027 0:00,30400375,USD,121.9,0,4501605158,121.9,,113848222,2238.28,N/A,N/A,N/A,,-,0,No,No,No,-,No,-,No,-,No,-,Active,-,Include,0,0,Include,14327,NULL,NULL
Demo,75584202,Cisco,-,FVH123824,123457157,Parent,C9120AXI-E,1,C9120AX Internal 802.11ax 4x4:4 MIMO;IOT;BT5;mGig;USB;RHL,,,,No Ship Date Available,00:00.0,4501245478,,C9120AX,WIRELESS,ENT. - WIRELESS,CHASSIS,-,-,-,-,Not Defined,9/16/2032 0:00,DEFAULT GROUP,,1016697150,SOUTHAMPTON - 100 HARBOUR PARADE,100 HARBOUR PARADE,,,SOUTHAMPTON,HAMPSHIRE,SO15 1BA,UNITED KINGDOM,No,206345589,Covered,Active,L1NBD,L1NBD,Vendor,Yes,12/1/2024 0:00,1/30/2027 0:00,30400375,USD,121.9,0,4501605158,121.9,,113848222,2238.28,N/A,N/A,N/A,,-,0,No,No,No,-,No,-,No,-,No,-,Active,-,Include,0,0,Include,14327,NULL,NULL
Demo,75584210,Cisco,-,FVH123825,123457158,Parent,C9120AXI-E,1,C9120AX Internal 802.11ax 4x4:4 MIMO;IOT;BT5;mGig;USB;RHL,,,,No Ship Date Available,00:00.0,4501245478,,C9120AX,WIRELESS,ENT. - WIRELESS,CHASSIS,-,-,-,-,Not Defined,9/16/2032 0:00,DEFAULT GROUP,,1016697150,SOUTHAMPTON - 100 HARBOUR PARADE,100 HARBOUR PARADE,,,SOUTHAMPTON,HAMPSHIRE,SO15 1BA,UNITED KINGDOM,No,206345589,Covered,Active,L1NBD,L1NBD,Vendor,Yes,12/1/2024 0:00,1/30/2027 0:00,30400375,USD,121.9,0,4501605158,121.9,,113848222,2238.28,N/A,N/A,N/A,,-,0,No,No,No,-,No,-,No,-,No,-,Active,-,Include,0,0,Include,14327,NULL,NULL
Demo,75584218,Cisco,-,FVH123826,123457159,Parent,C9120AXI-E,1,C9120AX Internal 802.11ax 4x4:4 MIMO;IOT;BT5;mGig;USB;RHL,,,,No Ship Date Available,00:00.0,4501245478,,C9120AX,WIRELESS,ENT. - WIRELESS,CHASSIS,-,-,-,-,Not Defined,9/16/2032 0:00,DEFAULT GROUP,,1016697150,SOUTHAMPTON - 100 HARBOUR PARADE,100 HARBOUR PARADE,,,SOUTHAMPTON,HAMPSHIRE,SO15 1BA,UNITED KINGDOM,No,206345589,Covered,Active,L1NBD,L1NBD,Vendor,Yes,12/1/2024 0:00,1/30/2027 0:00,30400375,USD,121.9,0,4501605158,121.9,,113848222,2238.28,N/A,N/A,N/A,,-,0,No,No,No,-,No,-,No,-,No,-,Active,-,Include,0,0,Include,14327,NULL,NULL
Demo,75584226,Cisco,-,FVH123827,123457160,Parent,C9120AXI-E,1,C9120AX Internal 802.11ax 4x4:4 MIMO;IOT;BT5;mGig;USB;RHL,,,,No Ship Date Available,00:00.0,4501245478,,C9120AX,WIRELESS,ENT. - WIRELESS,CHASSIS,-,-,-,-,Not Defined,9/16/2032 0:00,DEFAULT GROUP,,1016697150,SOUTHAMPTON - 100 HARBOUR PARADE,100 HARBOUR PARADE,,,SOUTHAMPTON,HAMPSHIRE,SO15 1BA,UNITED KINGDOM,No,206345589,Covered,Active,L1NBD,L1NBD,Vendor,Yes,12/1/2024 0:00,1/30/2027 0:00,30400375,USD,121.9,0,4501605158,121.9,,113848222,2238.28,N/A,N/A,N/A,,-,0,No,No,No,-,No,-,No,-,No,-,Active,-,Include,0,0,Include,14327,NULL,NULL
Demo,75584259,Cisco,-,FVH123828,123457161,Parent,C9120AXI-E,1,C9120AX Internal 802.11ax 4x4:4 MIMO;IOT;BT5;mGig;USB;RHL,,,,No Ship Date Available,00:00.0,4501245478,,C9120AX,WIRELESS,ENT. - WIRELESS,CHASSIS,-,-,-,-,Not Defined,9/16/2032 0:00,DEFAULT GROUP,,1016697150,SOUTHAMPTON - 100 HARBOUR PARADE,100 HARBOUR PARADE,,,SOUTHAMPTON,HAMPSHIRE,SO15 1BA,UNITED KINGDOM,No,206345589,Covered,Active,L1NBD,L1NBD,Vendor,Yes,12/1/2024 0:00,1/30/2027 0:00,30400375,USD,121.9,0,4501605158,121.9,,113848222,2238.28,N/A,N/A,N/A,,-,0,No,No,No,-,No,-,No,-,No,-,Active,-,Include,0,0,Include,14327,NULL,NULL
Demo,75584267,Cisco,-,FVH123829,123457162,Parent,C9120AXI-E,1,C9120AX Internal 802.11ax 4x4:4 MIMO;IOT;BT5;mGig;USB;RHL,,,,No Ship Date Available,00:00.0,4501245478,,C9120AX,WIRELESS,ENT. - WIRELESS,CHASSIS,-,-,-,-,Not Defined,9/16/2032 0:00,DEFAULT GROUP,,1016697150,SOUTHAMPTON - 100 HARBOUR PARADE,100 HARBOUR PARADE,,,SOUTHAMPTON,HAMPSHIRE,SO15 1BA,UNITED KINGDOM,No,206345589,Covered,Active,L1NBD,L1NBD,Vendor,Yes,12/1/2024 0:00,1/30/2027 0:00,30400375,USD,121.9,0,4501605158,121.9,,113848222,2238.28,N/A,N/A,N/A,,-,0,No,No,No,-,No,-,No,-,No,-,Active,-,Include,0,0,Include,14327,NULL,NULL
Demo,75584275,Cisco,-,FVH123830,123457163,Parent,C9120AXI-E,1,C9120AX Internal 802.11ax 4x4:4 MIMO;IOT;BT5;mGig;USB;RHL,,,,No Ship Date Available,00:00.0,4501245478,,C9120AX,WIRELESS,ENT. - WIRELESS,CHASSIS,-,-,-,-,Not Defined,9/16/2032 0:00,DEFAULT GROUP,,1016697150,SOUTHAMPTON - 100 HARBOUR PARADE,100 HARBOUR PARADE,,,SOUTHAMPTON,HAMPSHIRE,SO15 1BA,UNITED KINGDOM,No,206345589,Covered,Active,L1NBD,L1NBD,Vendor,Yes,12/1/2024 0:00,1/30/2027 0:00,30400375,USD,121.9,0,4501605158,121.9,,113848222,2238.28,N/A,N/A,N/A,,-,0,No,No,No,-,No,-,No,-,No,-,Active,-,Include,0,0,Include,14327,NULL,NULL
Demo,75584283,Cisco,-,FVH123831,123457164,Parent,C9120AXI-E,1,C9120AX Internal 802.11ax 4x4:4 MIMO;IOT;BT5;mGig;USB;RHL,,,,No Ship Date Available,00:00.0,4501245478,,C9120AX,WIRELESS,ENT. - WIRELESS,CHASSIS,-,-,-,-,Not Defined,9/16/2032 0:00,DEFAULT GROUP,,1016697150,SOUTHAMPTON - 100 HARBOUR PARADE,100 HARBOUR PARADE,,,SOUTHAMPTON,HAMPSHIRE,SO15 1BA,UNITED KINGDOM,No,206345589,Covered,Active,L1NBD,L1NBD,Vendor,Yes,12/1/2024 0:00,1/30/2027 0:00,30400375,USD,121.9,0,4501605158,121.9,,113848222,2238.28,N/A,N/A,N/A,,-,0,No,No,No,-,No,-,No,-,No,-,Active,-,Include,0,0,Include,14327,NULL,NULL
Demo,75584291,Cisco,-,FVH123832,123457165,Parent,C9120AXI-E,1,C9120AX Internal 802.11ax 4x4:4 MIMO;IOT;BT5;mGig;USB;RHL,,,,No Ship Date Available,00:00.0,4501245478,,C9120AX,WIRELESS,ENT. - WIRELESS,CHASSIS,-,-,-,-,Not Defined,9/16/2032 0:00,DEFAULT GROUP,,1016697150,SOUTHAMPTON - 100 HARBOUR PARADE,100 HARBOUR PARADE,,,SOUTHAMPTON,HAMPSHIRE,SO15 1BA,UNITED KINGDOM,No,206345589,Covered,Active,L1NBD,L1NBD,Vendor,Yes,12/1/2024 0:00,1/30/2027 0:00,30400375,USD,121.9,0,4501605158,121.9,,113848222,2238.28,N/A,N/A,N/A,,-,0,No,No,No,-,No,-,No,-,No,-,Active,-,Include,0,0,Include,14327,NULL,NULL
Demo,75584299,Cisco,-,FVH123833,123457166,Parent,C9120AXI-E,1,C9120AX Internal 802.11ax 4x4:4 MIMO;IOT;BT5;mGig;USB;RHL,,,,No Ship Date Available,00:00.0,-1,,C9120AX,WIRELESS,ENT. - WIRELESS,CHASSIS,-,-,-,-,Not Defined,9/16/2032 0:00,DEFAULT GROUP,,1016697150,SOUTHAMPTON - 100 HARBOUR PARADE,100 HARBOUR PARADE,,,SOUTHAMPTON,HAMPSHIRE,SO15 1BA,UNITED KINGDOM,No,206345589,Covered,Active,L1NBD,L1NBD,Vendor,Yes,12/1/2024 0:00,1/30/2027 0:00,30400375,USD,121.9,0,4501605158,121.9,,803058976,2238.28,N/A,N/A,N/A,,-,0,No,No,No,-,No,-,No,-,No,-,Active,-,Include,0,0,Include,14327,NULL,NULL
Demo,75584442,Cisco,-,FVH123834,123457167,Parent,WS-C3850-48P-S,1,^^Cisco Catalyst 3850 48 Port PoE IP Base,,,,No Ship Date Available,00:00.0,81-EZ281-S,,C3850,ENTERPRISE SWITCHING,ENT. SWITCHING - ACCESS,CHASSIS,Switches,http://www.cisco.com/content/en/us/support/switches/catalyst-3850-48p-s-switch/model.html,10/30/2020,10/31/2025,0-3 Months,10/31/2025 0:00,DEFAULT GROUP,,1016697150,SOUTHAMPTON - 100 HARBOUR PARADE,100 HARBOUR PARADE,,,SOUTHAMPTON,HAMPSHIRE,SO15 1BA,UNITED KINGDOM,No,206345589,Covered,Active,L1NBD,L1NBD,Vendor,Yes,12/1/2024 0:00,10/31/2025 0:00,30400375,USD,1984.9,0,4501605158,1984.9,,109511456,20171,N/A,N/A,N/A,,-,0,No,No,No,-,No,-,No,-,No,-,Active,-,Include,0,0,Include,14327,NULL,NULL
Demo,75584496,Cisco,-,FVH123835,123457168,Parent,C9120AXI-E,1,C9120AX Internal 802.11ax 4x4:4 MIMO;IOT;BT5;mGig;USB;RHL,,,,No Ship Date Available,00:00.0,4501245478,,C9120AX,WIRELESS,ENT. - WIRELESS,CHASSIS,-,-,-,-,Not Defined,9/16/2032 0:00,DEFAULT GROUP,,1016697150,SOUTHAMPTON - 100 HARBOUR PARADE,100 HARBOUR PARADE,,,SOUTHAMPTON,HAMPSHIRE,SO15 1BA,UNITED KINGDOM,No,206345589,Covered,Active,L1NBD,L1NBD,Vendor,Yes,12/1/2024 0:00,1/30/2027 0:00,30400375,USD,121.9,0,4501605158,121.9,,113848222,2238.28,N/A,N/A,N/A,,-,0,No,No,No,-,No,-,No,-,No,-,Active,-,Include,0,0,Include,14327,NULL,NULL
Demo,75584504,Cisco,-,FVH123836,123457169,Parent,C9120AXI-E,1,C9120AX Internal 802.11ax 4x4:4 MIMO;IOT;BT5;mGig;USB;RHL,,,,No Ship Date Available,00:00.0,4501245478,,C9120AX,WIRELESS,ENT. - WIRELESS,CHASSIS,-,-,-,-,Not Defined,9/16/2032 0:00,DEFAULT GROUP,,1016697150,SOUTHAMPTON - 100 HARBOUR PARADE,100 HARBOUR PARADE,,,SOUTHAMPTON,HAMPSHIRE,SO15 1BA,UNITED KINGDOM,No,206345589,Covered,Active,L1NBD,L1NBD,Vendor,Yes,12/1/2024 0:00,1/30/2027 0:00,30400375,USD,121.9,0,4501605158,121.9,,113848222,2238.28,N/A,N/A,N/A,,-,0,No,No,No,-,No,-,No,-,No,-,Active,-,Include,0,0,Include,14327,NULL,NULL
Demo,75584512,Cisco,-,FVH123837,123457170,Parent,C9120AXI-E,1,C9120AX Internal 802.11ax 4x4:4 MIMO;IOT;BT5;mGig;USB;RHL,,,,No Ship Date Available,00:00.0,4501245478,,C9120AX,WIRELESS,ENT. - WIRELESS,CHASSIS,-,-,-,-,Not Defined,9/16/2032 0:00,DEFAULT GROUP,,1016697150,SOUTHAMPTON - 100 HARBOUR PARADE,100 HARBOUR PARADE,,,SOUTHAMPTON,HAMPSHIRE,SO15 1BA,UNITED KINGDOM,No,206345589,Covered,Active,L1NBD,L1NBD,Vendor,Yes,12/1/2024 0:00,1/30/2027 0:00,30400375,USD,121.9,0,4501605158,121.9,,113848222,2238.28,N/A,N/A,N/A,,-,0,No,No,No,-,No,-,No,-,No,-,Active,-,Include,0,0,Include,14327,NULL,NULL
Demo,75584520,Cisco,-,FVH123838,123457171,Parent,C9120AXI-E,1,C9120AX Internal 802.11ax 4x4:4 MIMO;IOT;BT5;mGig;USB;RHL,,,,No Ship Date Available,00:00.0,4501245478,,C9120AX,WIRELESS,ENT. - WIRELESS,CHASSIS,-,-,-,-,Not Defined,9/16/2032 0:00,DEFAULT GROUP,,1016697150,SOUTHAMPTON - 100 HARBOUR PARADE,100 HARBOUR PARADE,,,SOUTHAMPTON,HAMPSHIRE,SO15 1BA,UNITED KINGDOM,No,206345589,Covered,Active,L1NBD,L1NBD,Vendor,Yes,12/1/2024 0:00,1/30/2027 0:00,30400375,USD,121.9,0,4501605158,121.9,,113848222,2238.28,N/A,N/A,N/A,,-,0,No,No,No,-,No,-,No,-,No,-,Active,-,Include,0,0,Include,14327,NULL,NULL
Demo,75584528,Cisco,-,FVH123839,123457172,Parent,C9120AXI-E,1,C9120AX Internal 802.11ax 4x4:4 MIMO;IOT;BT5;mGig;USB;RHL,,,,No Ship Date Available,00:00.0,4501245478,,C9120AX,WIRELESS,ENT. - WIRELESS,CHASSIS,-,-,-,-,Not Defined,9/16/2032 0:00,DEFAULT GROUP,,1016697150,SOUTHAMPTON - 100 HARBOUR PARADE,100 HARBOUR PARADE,,,SOUTHAMPTON,HAMPSHIRE,SO15 1BA,UNITED KINGDOM,No,206345589,Covered,Active,L1NBD,L1NBD,Vendor,Yes,12/1/2024 0:00,1/30/2027 0:00,30400375,USD,121.9,0,4501605158,121.9,,113848222,2238.28,N/A,N/A,N/A,,-,0,No,No,No,-,No,-,No,-,No,-,Active,-,Include,0,0,Include,14327,NULL,NULL
Demo,75584536,Cisco,-,FVH123840,123457173,Parent,C9120AXI-E,1,C9120AX Internal 802.11ax 4x4:4 MIMO;IOT;BT5;mGig;USB;RHL,,,,No Ship Date Available,00:00.0,4501245478,,C9120AX,WIRELESS,ENT. - WIRELESS,CHASSIS,-,-,-,-,Not Defined,9/16/2032 0:00,DEFAULT GROUP,,1016697150,SOUTHAMPTON - 100 HARBOUR PARADE,100 HARBOUR PARADE,,,SOUTHAMPTON,HAMPSHIRE,SO15 1BA,UNITED KINGDOM,No,206345589,Covered,Active,L1NBD,L1NBD,Vendor,Yes,12/1/2024 0:00,1/30/2027 0:00,30400375,USD,121.9,0,4501605158,121.9,,113848222,2238.28,N/A,N/A,N/A,,-,0,No,No,No,-,No,-,No,-,No,-,Active,-,Include,0,0,Include,14327,NULL,NULL
Demo,75584544,Cisco,-,FVH123841,123457174,Parent,C9120AXI-E,1,C9120AX Internal 802.11ax 4x4:4 MIMO;IOT;BT5;mGig;USB;RHL,,,,No Ship Date Available,00:00.0,4501245478,,C9120AX,WIRELESS,ENT. - WIRELESS,CHASSIS,-,-,-,-,Not Defined,9/16/2032 0:00,DEFAULT GROUP,,1016697150,SOUTHAMPTON - 100 HARBOUR PARADE,100 HARBOUR PARADE,,,SOUTHAMPTON,HAMPSHIRE,SO15 1BA,UNITED KINGDOM,No,206345589,Covered,Active,L1NBD,L1NBD,Vendor,Yes,12/1/2024 0:00,1/30/2027 0:00,30400375,USD,121.9,0,4501605158,121.9,,113848222,2238.28,N/A,N/A,N/A,,-,0,No,No,No,-,No,-,No,-,No,-,Active,-,Include,0,0,Include,14327,NULL,NULL
Demo,75584552,Cisco,-,FVH123842,123457175,Parent,C9120AXI-E,1,C9120AX Internal 802.11ax 4x4:4 MIMO;IOT;BT5;mGig;USB;RHL,,,,No Ship Date Available,00:00.0,4501245478,,C9120AX,WIRELESS,ENT. - WIRELESS,CHASSIS,-,-,-,-,Not Defined,9/16/2032 0:00,DEFAULT GROUP,,1016697150,SOUTHAMPTON - 100 HARBOUR PARADE,100 HARBOUR PARADE,,,SOUTHAMPTON,HAMPSHIRE,SO15 1BA,UNITED KINGDOM,No,206345589,Covered,Active,L1NBD,L1NBD,Vendor,Yes,12/1/2024 0:00,1/30/2027 0:00,30400375,USD,121.9,0,4501605158,121.9,,113848222,2238.28,N/A,N/A,N/A,,-,0,No,No,No,-,No,-,No,-,No,-,Active,-,Include,0,0,Include,14327,NULL,NULL
Demo,75584560,Cisco,-,FVH123843,123457176,Parent,C9120AXI-E,1,C9120AX Internal 802.11ax 4x4:4 MIMO;IOT;BT5;mGig;USB;RHL,,,,No Ship Date Available,00:00.0,4501245478,,C9120AX,WIRELESS,ENT. - WIRELESS,CHASSIS,-,-,-,-,Not Defined,9/16/2032 0:00,DEFAULT GROUP,,1016697150,SOUTHAMPTON - 100 HARBOUR PARADE,100 HARBOUR PARADE,,,SOUTHAMPTON,HAMPSHIRE,SO15 1BA,UNITED KINGDOM,No,206345589,Covered,Active,L1NBD,L1NBD,Vendor,Yes,12/1/2024 0:00,1/30/2027 0:00,30400375,USD,121.9,0,4501605158,121.9,,113848222,2238.28,N/A,N/A,N/A,,-,0,No,No,No,-,No,-,No,-,No,-,Active,-,Include,0,0,Include,14327,NULL,NULL
Demo,75584568,Cisco,-,FVH123844,123457177,Parent,C9120AXI-E,1,C9120AX Internal 802.11ax 4x4:4 MIMO;IOT;BT5;mGig;USB;RHL,,,,No Ship Date Available,00:00.0,4501245478,,C9120AX,WIRELESS,ENT. - WIRELESS,CHASSIS,-,-,-,-,Not Defined,9/16/2032 0:00,DEFAULT GROUP,,1016697150,SOUTHAMPTON - 100 HARBOUR PARADE,100 HARBOUR PARADE,,,SOUTHAMPTON,HAMPSHIRE,SO15 1BA,UNITED KINGDOM,No,206345589,Covered,Active,L1NBD,L1NBD,Vendor,Yes,12/1/2024 0:00,1/30/2027 0:00,30400375,USD,121.9,0,4501605158,121.9,,113848222,2238.28,N/A,N/A,N/A,,-,0,No,No,No,-,No,-,No,-,No,-,Active,-,Include,0,0,Include,14327,NULL,NULL
Demo,75584576,Cisco,-,FVH123845,123457178,Parent,C9120AXI-E,1,C9120AX Internal 802.11ax 4x4:4 MIMO;IOT;BT5;mGig;USB;RHL,,,,No Ship Date Available,00:00.0,4501245478,,C9120AX,WIRELESS,ENT. - WIRELESS,CHASSIS,-,-,-,-,Not Defined,9/16/2032 0:00,DEFAULT GROUP,,1016697150,SOUTHAMPTON - 100 HARBOUR PARADE,100 HARBOUR PARADE,,,SOUTHAMPTON,HAMPSHIRE,SO15 1BA,UNITED KINGDOM,No,206345589,Covered,Active,L1NBD,L1NBD,Vendor,Yes,12/1/2024 0:00,1/30/2027 0:00,30400375,USD,121.9,0,4501605158,121.9,,113848222,2238.28,N/A,N/A,N/A,,-,0,No,No,No,-,No,-,No,-,No,-,Active,-,Include,0,0,Include,14327,NULL,NULL
Demo,75584584,Cisco,-,FVH123846,123457179,Parent,C9120AXI-E,1,C9120AX Internal 802.11ax 4x4:4 MIMO;IOT;BT5;mGig;USB;RHL,,,,No Ship Date Available,00:00.0,4501245478,,C9120AX,WIRELESS,ENT. - WIRELESS,CHASSIS,-,-,-,-,Not Defined,9/16/2032 0:00,DEFAULT GROUP,,1016697150,SOUTHAMPTON - 100 HARBOUR PARADE,100 HARBOUR PARADE,,,SOUTHAMPTON,HAMPSHIRE,SO15 1BA,UNITED KINGDOM,No,206345589,Covered,Active,L1NBD,L1NBD,Vendor,Yes,12/1/2024 0:00,1/30/2027 0:00,30400375,USD,121.9,0,4501605158,121.9,,113848222,2238.28,N/A,N/A,N/A,,-,0,No,No,No,-,No,-,No,-,No,-,Active,-,Include,0,0,Include,14327,NULL,NULL
Demo,75584592,Cisco,-,FVH123847,123457180,Parent,C9120AXI-E,1,C9120AX Internal 802.11ax 4x4:4 MIMO;IOT;BT5;mGig;USB;RHL,,,,No Ship Date Available,00:00.0,4501245478,,C9120AX,WIRELESS,ENT. - WIRELESS,CHASSIS,-,-,-,-,Not Defined,9/16/2032 0:00,DEFAULT GROUP,,1016697150,SOUTHAMPTON - 100 HARBOUR PARADE,100 HARBOUR PARADE,,,SOUTHAMPTON,HAMPSHIRE,SO15 1BA,UNITED KINGDOM,No,206345589,Covered,Active,L1NBD,L1NBD,Vendor,Yes,12/1/2024 0:00,1/30/2027 0:00,30400375,USD,121.9,0,4501605158,121.9,,113848222,2238.28,N/A,N/A,N/A,,-,0,No,No,No,-,No,-,No,-,No,-,Active,-,Include,0,0,Include,14327,NULL,NULL
Demo,75584600,Cisco,-,FVH123848,123457181,Parent,C9120AXI-E,1,C9120AX Internal 802.11ax 4x4:4 MIMO;IOT;BT5;mGig;USB;RHL,,,,No Ship Date Available,00:00.0,4501245478,,C9120AX,WIRELESS,ENT. - WIRELESS,CHASSIS,-,-,-,-,Not Defined,9/16/2032 0:00,DEFAULT GROUP,,1016697150,SOUTHAMPTON - 100 HARBOUR PARADE,100 HARBOUR PARADE,,,SOUTHAMPTON,HAMPSHIRE,SO15 1BA,UNITED KINGDOM,No,206345589,Covered,Active,L1NBD,L1NBD,Vendor,Yes,12/1/2024 0:00,1/30/2027 0:00,30400375,USD,121.9,0,4501605158,121.9,,113848222,2238.28,N/A,N/A,N/A,,-,0,No,No,No,-,No,-,No,-,No,-,Active,-,Include,0,0,Include,14327,NULL,NULL
Demo,75584608,Cisco,-,FVH123849,123457182,Parent,C9120AXI-E,1,C9120AX Internal 802.11ax 4x4:4 MIMO;IOT;BT5;mGig;USB;RHL,,,,No Ship Date Available,00:00.0,4501245478,,C9120AX,WIRELESS,ENT. - WIRELESS,CHASSIS,-,-,-,-,Not Defined,9/16/2032 0:00,DEFAULT GROUP,,1016697150,SOUTHAMPTON - 100 HARBOUR PARADE,100 HARBOUR PARADE,,,SOUTHAMPTON,HAMPSHIRE,SO15 1BA,UNITED KINGDOM,No,206345589,Covered,Active,L1NBD,L1NBD,Vendor,Yes,12/1/2024 0:00,1/30/2027 0:00,30400375,USD,121.9,0,4501605158,121.9,,113848222,2238.28,N/A,N/A,N/A,,-,0,No,No,No,-,No,-,No,-,No,-,Active,-,Include,0,0,Include,14327,NULL,NULL
Demo,75584616,Cisco,-,FVH123850,123457183,Parent,FPR1150-ASA-K9,1,"Cisco Firepower 1150 ASA Appliance, 1U",,,,No Ship Date Available,00:00.0,4501612171,,FPRLOW,SECURITY,NEXT GEN FIREWALL,CHASSIS,-,-,-,-,Not Defined,7/14/2025 0:00,DEFAULT GROUP,,1052674482,MARBURG - HANS-MEERWEIN-STRASSE 6,HANS-MEERWEIN-STRASSE 6,,,MARBURG,,35043,GERMANY,No,200216511,Covered,Active,PSRT,PRTNR SS 8X5XNBD,Vendor,Yes,2/13/2025 0:00,2/12/2028 0:00,,USD,820.18,0,4501612171,1623.8,,118190562,18340.44,N/A,N/A,N/A,,-,0,No,No,No,-,No,-,No,-,No,-,Active,-,Include,0,0,Include,14327,NULL,NULL
Demo,75584622,Cisco,-,FVH123851,123457184,Parent,C9120AXI-E,1,C9120AX Internal 802.11ax 4x4:4 MIMO;IOT;BT5;mGig;USB;RHL,,,,No Ship Date Available,00:00.0,4501245478,,C9120AX,WIRELESS,ENT. - WIRELESS,CHASSIS,-,-,-,-,Not Defined,9/16/2032 0:00,DEFAULT GROUP,,1016697150,SOUTHAMPTON - 100 HARBOUR PARADE,100 HARBOUR PARADE,,,SOUTHAMPTON,HAMPSHIRE,SO15 1BA,UNITED KINGDOM,No,206345589,Covered,Active,L1NBD,L1NBD,Vendor,Yes,12/1/2024 0:00,1/30/2027 0:00,30400375,USD,121.9,0,4501605158,121.9,,113848222,2238.28,N/A,N/A,N/A,,-,0,No,No,No,-,No,-,No,-,No,-,Active,-,Include,0,0,Include,14327,NULL,NULL
Demo,75584630,Cisco,-,FVH123852,123457185,Parent,C9120AXI-E,1,C9120AX Internal 802.11ax 4x4:4 MIMO;IOT;BT5;mGig;USB;RHL,,,,No Ship Date Available,00:00.0,4501245478,,C9120AX,WIRELESS,ENT. - WIRELESS,CHASSIS,-,-,-,-,Not Defined,9/16/2032 0:00,DEFAULT GROUP,,1016697150,SOUTHAMPTON - 100 HARBOUR PARADE,100 HARBOUR PARADE,,,SOUTHAMPTON,HAMPSHIRE,SO15 1BA,UNITED KINGDOM,No,206345589,Covered,Active,L1NBD,L1NBD,Vendor,Yes,12/1/2024 0:00,1/30/2027 0:00,30400375,USD,121.9,0,4501605158,121.9,,113848222,2238.28,N/A,N/A,N/A,,-,0,No,No,No,-,No,-,No,-,No,-,Active,-,Include,0,0,Include,14327,NULL,NULL
Demo,75584638,Cisco,-,FVH123853,123457186,Parent,C9120AXI-E,1,C9120AX Internal 802.11ax 4x4:4 MIMO;IOT;BT5;mGig;USB;RHL,,,,No Ship Date Available,00:00.0,4501245478,,C9120AX,WIRELESS,ENT. - WIRELESS,CHASSIS,-,-,-,-,Not Defined,9/16/2032 0:00,DEFAULT GROUP,,1016697150,SOUTHAMPTON - 100 HARBOUR PARADE,100 HARBOUR PARADE,,,SOUTHAMPTON,HAMPSHIRE,SO15 1BA,UNITED KINGDOM,No,206345589,Covered,Active,L1NBD,L1NBD,Vendor,Yes,12/1/2024 0:00,1/30/2027 0:00,30400375,USD,121.9,0,4501605158,121.9,,113848222,2238.28,N/A,N/A,N/A,,-,0,No,No,No,-,No,-,No,-,No,-,Active,-,Include,0,0,Include,14327,NULL,NULL
Demo,75584646,Cisco,-,FVH123854,123457187,Parent,C9120AXI-E,1,C9120AX Internal 802.11ax 4x4:4 MIMO;IOT;BT5;mGig;USB;RHL,,,,No Ship Date Available,00:00.0,4501245478,,C9120AX,WIRELESS,ENT. - WIRELESS,CHASSIS,-,-,-,-,Not Defined,9/16/2032 0:00,DEFAULT GROUP,,1016697150,SOUTHAMPTON - 100 HARBOUR PARADE,100 HARBOUR PARADE,,,SOUTHAMPTON,HAMPSHIRE,SO15 1BA,UNITED KINGDOM,No,206345589,Covered,Active,L1NBD,L1NBD,Vendor,Yes,12/1/2024 0:00,1/30/2027 0:00,30400375,USD,121.9,0,4501605158,121.9,,113848222,2238.28,N/A,N/A,N/A,,-,0,No,No,No,-,No,-,No,-,No,-,Active,-,Include,0,0,Include,14327,NULL,NULL
Demo,75584654,Cisco,-,FVH123855,123457188,Parent,C9120AXI-E,1,C9120AX Internal 802.11ax 4x4:4 MIMO;IOT;BT5;mGig;USB;RHL,,,,No Ship Date Available,00:00.0,4501245478,,C9120AX,WIRELESS,ENT. - WIRELESS,CHASSIS,-,-,-,-,Not Defined,9/16/2032 0:00,DEFAULT GROUP,,1016697150,SOUTHAMPTON - 100 HARBOUR PARADE,100 HARBOUR PARADE,,,SOUTHAMPTON,HAMPSHIRE,SO15 1BA,UNITED KINGDOM,No,206345589,Covered,Active,L1NBD,L1NBD,Vendor,Yes,12/1/2024 0:00,1/30/2027 0:00,30400375,USD,121.9,0,4501605158,121.9,,113848222,2238.28,N/A,N/A,N/A,,-,0,No,No,No,-,No,-,No,-,No,-,Active,-,Include,0,0,Include,14327,NULL,NULL
Demo,75584662,Cisco,-,FVH123856,123457189,Parent,C9120AXI-E,1,C9120AX Internal 802.11ax 4x4:4 MIMO;IOT;BT5;mGig;USB;RHL,,,,No Ship Date Available,00:00.0,4501245478,,C9120AX,WIRELESS,ENT. - WIRELESS,CHASSIS,-,-,-,-,Not Defined,9/16/2032 0:00,DEFAULT GROUP,,1016697150,SOUTHAMPTON - 100 HARBOUR PARADE,100 HARBOUR PARADE,,,SOUTHAMPTON,HAMPSHIRE,SO15 1BA,UNITED KINGDOM,No,206345589,Covered,Active,L1NBD,L1NBD,Vendor,Yes,12/1/2024 0:00,1/30/2027 0:00,30400375,USD,121.9,0,4501605158,121.9,,113848222,2238.28,N/A,N/A,N/A,,-,0,No,No,No,-,No,-,No,-,No,-,Active,-,Include,0,0,Include,14327,NULL,NULL
Demo,75584670,Cisco,-,FVH123857,123457190,Parent,C9120AXI-E,1,C9120AX Internal 802.11ax 4x4:4 MIMO;IOT;BT5;mGig;USB;RHL,,,,No Ship Date Available,00:00.0,4501245478,,C9120AX,WIRELESS,ENT. - WIRELESS,CHASSIS,-,-,-,-,Not Defined,9/16/2032 0:00,DEFAULT GROUP,,1016697150,SOUTHAMPTON - 100 HARBOUR PARADE,100 HARBOUR PARADE,,,SOUTHAMPTON,HAMPSHIRE,SO15 1BA,UNITED KINGDOM,No,206345589,Covered,Active,L1NBD,L1NBD,Vendor,Yes,12/1/2024 0:00,1/30/2027 0:00,30400375,USD,121.9,0,4501605158,121.9,,113848222,2238.28,N/A,N/A,N/A,,-,0,No,No,No,-,No,-,No,-,No,-,Active,-,Include,0,0,Include,14327,NULL,NULL
Demo,75584678,Cisco,-,FVH123858,123457191,Parent,C9120AXI-E,1,C9120AX Internal 802.11ax 4x4:4 MIMO;IOT;BT5;mGig;USB;RHL,,,,No Ship Date Available,00:00.0,4501245478,,C9120AX,WIRELESS,ENT. - WIRELESS,CHASSIS,-,-,-,-,Not Defined,9/16/2032 0:00,DEFAULT GROUP,,1016697150,SOUTHAMPTON - 100 HARBOUR PARADE,100 HARBOUR PARADE,,,SOUTHAMPTON,HAMPSHIRE,SO15 1BA,UNITED KINGDOM,No,206345589,Covered,Active,L1NBD,L1NBD,Vendor,Yes,12/1/2024 0:00,1/30/2027 0:00,30400375,USD,121.9,0,4501605158,121.9,,113848222,2238.28,N/A,N/A,N/A,,-,0,No,No,No,-,No,-,No,-,No,-,Active,-,Include,0,0,Include,14327,NULL,NULL
Demo,75584686,Cisco,-,FVH123859,123457192,Parent,C9120AXI-E,1,C9120AX Internal 802.11ax 4x4:4 MIMO;IOT;BT5;mGig;USB;RHL,,,,No Ship Date Available,00:00.0,4501245478,,C9120AX,WIRELESS,ENT. - WIRELESS,CHASSIS,-,-,-,-,Not Defined,9/16/2032 0:00,DEFAULT GROUP,,1016697150,SOUTHAMPTON - 100 HARBOUR PARADE,100 HARBOUR PARADE,,,SOUTHAMPTON,HAMPSHIRE,SO15 1BA,UNITED KINGDOM,No,206345589,Covered,Active,L1NBD,L1NBD,Vendor,Yes,12/1/2024 0:00,1/30/2027 0:00,30400375,USD,121.9,0,4501605158,121.9,,113848222,2238.28,N/A,N/A,N/A,,-,0,No,No,No,-,No,-,No,-,No,-,Active,-,Include,0,0,Include,14327,NULL,NULL
Demo,75584750,Cisco,-,FVH123860,123457193,Parent,C9120AXI-E,1,C9120AX Internal 802.11ax 4x4:4 MIMO;IOT;BT5;mGig;USB;RHL,,,,No Ship Date Available,00:00.0,4501245478,,C9120AX,WIRELESS,ENT. - WIRELESS,CHASSIS,-,-,-,-,Not Defined,9/16/2032 0:00,DEFAULT GROUP,,1016697150,SOUTHAMPTON - 100 HARBOUR PARADE,100 HARBOUR PARADE,,,SOUTHAMPTON,HAMPSHIRE,SO15 1BA,UNITED KINGDOM,No,206345589,Covered,Active,L1NBD,L1NBD,Vendor,Yes,12/1/2024 0:00,1/30/2027 0:00,30400375,USD,121.9,0,4501605158,121.9,,113848222,2238.28,N/A,N/A,N/A,,-,0,No,No,No,-,No,-,No,-,No,-,Active,-,Include,0,0,Include,14327,NULL,NULL
Demo,75584758,Cisco,-,FVH123861,123457194,Parent,C9120AXI-E,1,C9120AX Internal 802.11ax 4x4:4 MIMO;IOT;BT5;mGig;USB;RHL,,,,No Ship Date Available,00:00.0,4501245478,,C9120AX,WIRELESS,ENT. - WIRELESS,CHASSIS,-,-,-,-,Not Defined,9/16/2032 0:00,DEFAULT GROUP,,1016697150,SOUTHAMPTON - 100 HARBOUR PARADE,100 HARBOUR PARADE,,,SOUTHAMPTON,HAMPSHIRE,SO15 1BA,UNITED KINGDOM,No,206345589,Covered,Active,L1NBD,L1NBD,Vendor,Yes,12/1/2024 0:00,1/30/2027 0:00,30400375,USD,121.9,0,4501605158,121.9,,113848222,2238.28,N/A,N/A,N/A,,-,0,No,No,No,-,No,-,No,-,No,-,Active,-,Include,0,0,Include,14327,NULL,NULL
Demo,75584766,Cisco,-,FVH123862,123457195,Parent,C9120AXI-E,1,C9120AX Internal 802.11ax 4x4:4 MIMO;IOT;BT5;mGig;USB;RHL,,,,No Ship Date Available,00:00.0,4501245478,,C9120AX,WIRELESS,ENT. - WIRELESS,CHASSIS,-,-,-,-,Not Defined,9/16/2032 0:00,DEFAULT GROUP,,1016697150,SOUTHAMPTON - 100 HARBOUR PARADE,100 HARBOUR PARADE,,,SOUTHAMPTON,HAMPSHIRE,SO15 1BA,UNITED KINGDOM,No,206345589,Covered,Active,L1NBD,L1NBD,Vendor,Yes,12/1/2024 0:00,1/30/2027 0:00,30400375,USD,121.9,0,4501605158,121.9,,113848222,2238.28,N/A,N/A,N/A,,-,0,No,No,No,-,No,-,No,-,No,-,Active,-,Include,0,0,Include,14327,NULL,NULL
Demo,75584774,Cisco,-,FVH123863,123457196,Parent,C9120AXI-E,1,C9120AX Internal 802.11ax 4x4:4 MIMO;IOT;BT5;mGig;USB;RHL,,,,No Ship Date Available,00:00.0,4501245478,,C9120AX,WIRELESS,ENT. - WIRELESS,CHASSIS,-,-,-,-,Not Defined,9/16/2032 0:00,DEFAULT GROUP,,1016697150,SOUTHAMPTON - 100 HARBOUR PARADE,100 HARBOUR PARADE,,,SOUTHAMPTON,HAMPSHIRE,SO15 1BA,UNITED KINGDOM,No,206345589,Covered,Active,L1NBD,L1NBD,Vendor,Yes,12/1/2024 0:00,1/30/2027 0:00,30400375,USD,121.9,0,4501605158,121.9,,113848222,2238.28,N/A,N/A,N/A,,-,0,No,No,No,-,No,-,No,-,No,-,Active,-,Include,0,0,Include,14327,NULL,NULL
Demo,75584782,Cisco,-,FVH123864,123457197,Parent,C9120AXI-E,1,C9120AX Internal 802.11ax 4x4:4 MIMO;IOT;BT5;mGig;USB;RHL,,,,No Ship Date Available,00:00.0,4501245478,,C9120AX,WIRELESS,ENT. - WIRELESS,CHASSIS,-,-,-,-,Not Defined,9/16/2032 0:00,DEFAULT GROUP,,1016697150,SOUTHAMPTON - 100 HARBOUR PARADE,100 HARBOUR PARADE,,,SOUTHAMPTON,HAMPSHIRE,SO15 1BA,UNITED KINGDOM,No,206345589,Covered,Active,L1NBD,L1NBD,Vendor,Yes,12/1/2024 0:00,1/30/2027 0:00,30400375,USD,121.9,0,4501605158,121.9,,113848222,2238.28,N/A,N/A,N/A,,-,0,No,No,No,-,No,-,No,-,No,-,Active,-,Include,0,0,Include,14327,NULL,NULL
Demo,75584790,Cisco,-,FVH123865,123457198,Parent,C9120AXI-E,1,C9120AX Internal 802.11ax 4x4:4 MIMO;IOT;BT5;mGig;USB;RHL,,,,No Ship Date Available,00:00.0,4501245478,,C9120AX,WIRELESS,ENT. - WIRELESS,CHASSIS,-,-,-,-,Not Defined,9/16/2032 0:00,DEFAULT GROUP,,1016697150,SOUTHAMPTON - 100 HARBOUR PARADE,100 HARBOUR PARADE,,,SOUTHAMPTON,HAMPSHIRE,SO15 1BA,UNITED KINGDOM,No,206345589,Covered,Active,L1NBD,L1NBD,Vendor,Yes,12/1/2024 0:00,1/30/2027 0:00,30400375,USD,121.9,0,4501605158,121.9,,113848222,2238.28,N/A,N/A,N/A,,-,0,No,No,No,-,No,-,No,-,No,-,Active,-,Include,0,0,Include,14327,NULL,NULL
Demo,75584798,Cisco,-,FVH123866,123457199,Parent,C9120AXI-E,1,C9120AX Internal 802.11ax 4x4:4 MIMO;IOT;BT5;mGig;USB;RHL,,,,No Ship Date Available,00:00.0,4501245478,,C9120AX,WIRELESS,ENT. - WIRELESS,CHASSIS,-,-,-,-,Not Defined,9/16/2032 0:00,DEFAULT GROUP,,1016697150,SOUTHAMPTON - 100 HARBOUR PARADE,100 HARBOUR PARADE,,,SOUTHAMPTON,HAMPSHIRE,SO15 1BA,UNITED KINGDOM,No,206345589,Covered,Active,L1NBD,L1NBD,Vendor,Yes,12/1/2024 0:00,1/30/2027 0:00,30400375,USD,121.9,0,4501605158,121.9,,113848222,2238.28,N/A,N/A,N/A,,-,0,No,No,No,-,No,-,No,-,No,-,Active,-,Include,0,0,Include,14327,NULL,NULL
Demo,75584806,Cisco,-,FVH123867,123457200,Parent,C9120AXI-E,1,C9120AX Internal 802.11ax 4x4:4 MIMO;IOT;BT5;mGig;USB;RHL,,,,No Ship Date Available,00:00.0,4501245478,,C9120AX,WIRELESS,ENT. - WIRELESS,CHASSIS,-,-,-,-,Not Defined,9/16/2032 0:00,DEFAULT GROUP,,1016697150,SOUTHAMPTON - 100 HARBOUR PARADE,100 HARBOUR PARADE,,,SOUTHAMPTON,HAMPSHIRE,SO15 1BA,UNITED KINGDOM,No,206345589,Covered,Active,L1NBD,L1NBD,Vendor,Yes,12/1/2024 0:00,1/30/2027 0:00,30400375,USD,121.9,0,4501605158,121.9,,113848222,2238.28,N/A,N/A,N/A,,-,0,No,No,No,-,No,-,No,-,No,-,Active,-,Include,0,0,Include,14327,NULL,NULL
Demo,75584829,Cisco,-,FVH123868,123457201,Parent,C9120AXI-E,1,C9120AX Internal 802.11ax 4x4:4 MIMO;IOT;BT5;mGig;USB;RHL,,,,No Ship Date Available,00:00.0,4501245478,,C9120AX,WIRELESS,ENT. - WIRELESS,CHASSIS,-,-,-,-,Not Defined,9/16/2032 0:00,DEFAULT GROUP,,1016697150,SOUTHAMPTON - 100 HARBOUR PARADE,100 HARBOUR PARADE,,,SOUTHAMPTON,HAMPSHIRE,SO15 1BA,UNITED KINGDOM,No,206345589,Covered,Active,L1NBD,L1NBD,Vendor,Yes,12/1/2024 0:00,1/30/2027 0:00,30400375,USD,121.9,0,4501605158,121.9,,113848222,2238.28,N/A,N/A,N/A,,-,0,No,No,No,-,No,-,No,-,No,-,Active,-,Include,0,0,Include,14327,NULL,NULL
Demo,75584837,Cisco,-,FVH123869,123457202,Parent,C9120AXI-E,1,C9120AX Internal 802.11ax 4x4:4 MIMO;IOT;BT5;mGig;USB;RHL,,,,No Ship Date Available,00:00.0,4501245478,,C9120AX,WIRELESS,ENT. - WIRELESS,CHASSIS,-,-,-,-,Not Defined,9/16/2032 0:00,DEFAULT GROUP,,1016697150,SOUTHAMPTON - 100 HARBOUR PARADE,100 HARBOUR PARADE,,,SOUTHAMPTON,HAMPSHIRE,SO15 1BA,UNITED KINGDOM,No,206345589,Covered,Active,L1NBD,L1NBD,Vendor,Yes,12/1/2024 0:00,1/30/2027 0:00,30400375,USD,121.9,0,4501605158,121.9,,113848222,2238.28,N/A,N/A,N/A,,-,0,No,No,No,-,No,-,No,-,No,-,Active,-,Include,0,0,Include,14327,NULL,NULL
Demo,75584845,Cisco,-,FVH123870,123457203,Parent,C9120AXI-E,1,C9120AX Internal 802.11ax 4x4:4 MIMO;IOT;BT5;mGig;USB;RHL,,,,No Ship Date Available,00:00.0,4501245478,,C9120AX,WIRELESS,ENT. - WIRELESS,CHASSIS,-,-,-,-,Not Defined,9/16/2032 0:00,DEFAULT GROUP,,1016697150,SOUTHAMPTON - 100 HARBOUR PARADE,100 HARBOUR PARADE,,,SOUTHAMPTON,HAMPSHIRE,SO15 1BA,UNITED KINGDOM,No,206345589,Covered,Active,L1NBD,L1NBD,Vendor,Yes,12/1/2024 0:00,1/30/2027 0:00,30400375,USD,121.9,0,4501605158,121.9,,113848222,2238.28,N/A,N/A,N/A,,-,0,No,No,No,-,No,-,No,-,No,-,Active,-,Include,0,0,Include,14327,NULL,NULL
Demo,75584853,Cisco,-,FVH123871,123457204,Parent,C9120AXI-E,1,C9120AX Internal 802.11ax 4x4:4 MIMO;IOT;BT5;mGig;USB;RHL,,,,No Ship Date Available,00:00.0,4501245478,,C9120AX,WIRELESS,ENT. - WIRELESS,CHASSIS,-,-,-,-,Not Defined,9/16/2032 0:00,DEFAULT GROUP,,1016697150,SOUTHAMPTON - 100 HARBOUR PARADE,100 HARBOUR PARADE,,,SOUTHAMPTON,HAMPSHIRE,SO15 1BA,UNITED KINGDOM,No,206345589,Covered,Active,L1NBD,L1NBD,Vendor,Yes,12/1/2024 0:00,1/30/2027 0:00,30400375,USD,121.9,0,4501605158,121.9,,113848222,2238.28,N/A,N/A,N/A,,-,0,No,No,No,-,No,-,No,-,No,-,Active,-,Include,0,0,Include,14327,NULL,NULL
Demo,75584861,Cisco,-,FVH123872,123457205,Parent,C9120AXI-E,1,C9120AX Internal 802.11ax 4x4:4 MIMO;IOT;BT5;mGig;USB;RHL,,,,No Ship Date Available,00:00.0,4501245478,,C9120AX,WIRELESS,ENT. - WIRELESS,CHASSIS,-,-,-,-,Not Defined,9/16/2032 0:00,DEFAULT GROUP,,1016697150,SOUTHAMPTON - 100 HARBOUR PARADE,100 HARBOUR PARADE,,,SOUTHAMPTON,HAMPSHIRE,SO15 1BA,UNITED KINGDOM,No,206345589,Covered,Active,L1NBD,L1NBD,Vendor,Yes,12/1/2024 0:00,1/30/2027 0:00,30400375,USD,121.9,0,4501605158,121.9,,113848222,2238.28,N/A,N/A,N/A,,-,0,No,No,No,-,No,-,No,-,No,-,Active,-,Include,0,0,Include,14327,NULL,NULL
Demo,75584932,Cisco,-,FVH123873,123457206,Parent,C9800-80-K9,1,Cisco Catalyst 9800-80 Wireless Controller,,,,No Ship Date Available,00:00.0,4501211050,,C980080,WIRELESS,ENT. - WIRELESS,CHASSIS,Wireless,-,12/31/2025,12/31/2030,>36 Months,8/3/2023 0:00,DEFAULT GROUP,CARNIVAL PLC,1056363584,SOUTHAMPTON - MAJESTIC ROAD,MAJESTIC ROAD,,,SOUTHAMPTON,HAMPSHIRE,SO16 0YT,UNITED KINGDOM,No,206345589,Covered,Active,L1NBD,L1NBD,Vendor,Yes,12/1/2024 0:00,1/30/2027 0:00,30400375,USD,18612.75,0,4501616850,18612.75,,113449414,105186.87,N/A,N/A,N/A,,-,0,No,No,No,-,No,-,No,-,No,-,Active,-,Include,0,0,Include,14327,NULL,NULL
Demo,75584939,Cisco,-,FVH123874,123457207,Parent,C9800-80-K9,1,Cisco Catalyst 9800-80 Wireless Controller,,,,No Ship Date Available,00:00.0,4501211050,,C980080,WIRELESS,ENT. - WIRELESS,CHASSIS,Wireless,-,12/31/2025,12/31/2030,>36 Months,8/3/2023 0:00,DEFAULT GROUP,CARNIVAL PLC,1056363584,SOUTHAMPTON - MAJESTIC ROAD,MAJESTIC ROAD,,,SOUTHAMPTON,HAMPSHIRE,SO16 0YT,UNITED KINGDOM,No,206345589,Covered,Active,L1NBD,L1NBD,Vendor,Yes,12/1/2024 0:00,1/30/2027 0:00,30400375,USD,18612.75,0,4501616850,18612.75,,113449414,105186.87,N/A,N/A,N/A,,-,0,No,No,No,-,No,-,No,-,No,-,Active,-,Include,0,0,Include,14327,NULL,NULL
Demo,75585120,Cisco,-,FVH123875,123457208,Parent,C9120AXI-E,1,C9120AX Internal 802.11ax 4x4:4 MIMO;IOT;BT5;mGig;USB;RHL,,,,No Ship Date Available,00:00.0,4501245478,,C9120AX,WIRELESS,ENT. - WIRELESS,CHASSIS,-,-,-,-,Not Defined,9/16/2032 0:00,DEFAULT GROUP,,1016697150,SOUTHAMPTON - 100 HARBOUR PARADE,100 HARBOUR PARADE,,,SOUTHAMPTON,HAMPSHIRE,SO15 1BA,UNITED KINGDOM,No,206345589,Covered,Active,L1NBD,L1NBD,Vendor,Yes,12/1/2024 0:00,1/30/2027 0:00,30400375,USD,121.9,0,4501605158,121.9,,113848222,2238.28,N/A,N/A,N/A,,-,0,No,No,No,-,No,-,No,-,No,-,Active,-,Include,0,0,Include,14327,NULL,NULL
Demo,75585128,Cisco,-,FVH123876,123457209,Parent,C9120AXI-E,1,C9120AX Internal 802.11ax 4x4:4 MIMO;IOT;BT5;mGig;USB;RHL,,,,No Ship Date Available,00:00.0,4501245478,,C9120AX,WIRELESS,ENT. - WIRELESS,CHASSIS,-,-,-,-,Not Defined,9/16/2032 0:00,DEFAULT GROUP,,1016697150,SOUTHAMPTON - 100 HARBOUR PARADE,100 HARBOUR PARADE,,,SOUTHAMPTON,HAMPSHIRE,SO15 1BA,UNITED KINGDOM,No,206345589,Covered,Active,L1NBD,L1NBD,Vendor,Yes,12/1/2024 0:00,1/30/2027 0:00,30400375,USD,121.9,0,4501605158,121.9,,113848222,2238.28,N/A,N/A,N/A,,-,0,No,No,No,-,No,-,No,-,No,-,Active,-,Include,0,0,Include,14327,NULL,NULL
Demo,75585136,Cisco,-,FVH123877,123457210,Parent,C9120AXI-E,1,C9120AX Internal 802.11ax 4x4:4 MIMO;IOT;BT5;mGig;USB;RHL,,,,No Ship Date Available,00:00.0,4501245478,,C9120AX,WIRELESS,ENT. - WIRELESS,CHASSIS,-,-,-,-,Not Defined,9/16/2032 0:00,DEFAULT GROUP,,1016697150,SOUTHAMPTON - 100 HARBOUR PARADE,100 HARBOUR PARADE,,,SOUTHAMPTON,HAMPSHIRE,SO15 1BA,UNITED KINGDOM,No,206345589,Covered,Active,L1NBD,L1NBD,Vendor,Yes,12/1/2024 0:00,1/30/2027 0:00,30400375,USD,121.9,0,4501605158,121.9,,113848222,2238.28,N/A,N/A,N/A,,-,0,No,No,No,-,No,-,No,-,No,-,Active,-,Include,0,0,Include,14327,NULL,NULL
Demo,75585144,Cisco,-,FVH123878,123457211,Parent,C9120AXI-E,1,C9120AX Internal 802.11ax 4x4:4 MIMO;IOT;BT5;mGig;USB;RHL,,,,No Ship Date Available,00:00.0,4501245478,,C9120AX,WIRELESS,ENT. - WIRELESS,CHASSIS,-,-,-,-,Not Defined,9/16/2032 0:00,DEFAULT GROUP,,1016697150,SOUTHAMPTON - 100 HARBOUR PARADE,100 HARBOUR PARADE,,,SOUTHAMPTON,HAMPSHIRE,SO15 1BA,UNITED KINGDOM,No,206345589,Covered,Active,L1NBD,L1NBD,Vendor,Yes,12/1/2024 0:00,1/30/2027 0:00,30400375,USD,121.9,0,4501605158,121.9,,113848222,2238.28,N/A,N/A,N/A,,-,0,No,No,No,-,No,-,No,-,No,-,Active,-,Include,0,0,Include,14327,NULL,NULL
Demo,75585152,Cisco,-,FVH123879,123457212,Parent,C9120AXI-E,1,C9120AX Internal 802.11ax 4x4:4 MIMO;IOT;BT5;mGig;USB;RHL,,,,No Ship Date Available,00:00.0,4501245478,,C9120AX,WIRELESS,ENT. - WIRELESS,CHASSIS,-,-,-,-,Not Defined,9/16/2032 0:00,DEFAULT GROUP,,1016697150,SOUTHAMPTON - 100 HARBOUR PARADE,100 HARBOUR PARADE,,,SOUTHAMPTON,HAMPSHIRE,SO15 1BA,UNITED KINGDOM,No,206345589,Covered,Active,L1NBD,L1NBD,Vendor,Yes,12/1/2024 0:00,1/30/2027 0:00,30400375,USD,121.9,0,4501605158,121.9,,113848222,2238.28,N/A,N/A,N/A,,-,0,No,No,No,-,No,-,No,-,No,-,Active,-,Include,0,0,Include,14327,NULL,NULL
Demo,75585160,Cisco,-,FVH123880,123457213,Parent,C9120AXI-E,1,C9120AX Internal 802.11ax 4x4:4 MIMO;IOT;BT5;mGig;USB;RHL,,,,No Ship Date Available,00:00.0,4501245478,,C9120AX,WIRELESS,ENT. - WIRELESS,CHASSIS,-,-,-,-,Not Defined,9/16/2032 0:00,DEFAULT GROUP,,1016697150,SOUTHAMPTON - 100 HARBOUR PARADE,100 HARBOUR PARADE,,,SOUTHAMPTON,HAMPSHIRE,SO15 1BA,UNITED KINGDOM,No,206345589,Covered,Active,L1NBD,L1NBD,Vendor,Yes,12/1/2024 0:00,1/30/2027 0:00,30400375,USD,121.9,0,4501605158,121.9,,113848222,2238.28,N/A,N/A,N/A,,-,0,No,No,No,-,No,-,No,-,No,-,Active,-,Include,0,0,Include,14327,NULL,NULL
Demo,75585168,Cisco,-,FVH123881,123457214,Parent,C9120AXI-E,1,C9120AX Internal 802.11ax 4x4:4 MIMO;IOT;BT5;mGig;USB;RHL,,,,No Ship Date Available,00:00.0,4501245478,,C9120AX,WIRELESS,ENT. - WIRELESS,CHASSIS,-,-,-,-,Not Defined,9/16/2032 0:00,DEFAULT GROUP,,1016697150,SOUTHAMPTON - 100 HARBOUR PARADE,100 HARBOUR PARADE,,,SOUTHAMPTON,HAMPSHIRE,SO15 1BA,UNITED KINGDOM,No,206345589,Covered,Active,L1NBD,L1NBD,Vendor,Yes,12/1/2024 0:00,1/30/2027 0:00,30400375,USD,121.9,0,4501605158,121.9,,113848222,2238.28,N/A,N/A,N/A,,-,0,No,No,No,-,No,-,No,-,No,-,Active,-,Include,0,0,Include,14327,NULL,NULL
Demo,75585176,Cisco,-,FVH123882,123457215,Parent,C9120AXI-E,1,C9120AX Internal 802.11ax 4x4:4 MIMO;IOT;BT5;mGig;USB;RHL,,,,No Ship Date Available,00:00.0,4501245478,,C9120AX,WIRELESS,ENT. - WIRELESS,CHASSIS,-,-,-,-,Not Defined,9/16/2032 0:00,DEFAULT GROUP,,1016697150,SOUTHAMPTON - 100 HARBOUR PARADE,100 HARBOUR PARADE,,,SOUTHAMPTON,HAMPSHIRE,SO15 1BA,UNITED KINGDOM,No,206345589,Covered,Active,L1NBD,L1NBD,Vendor,Yes,12/1/2024 0:00,1/30/2027 0:00,30400375,USD,121.9,0,4501605158,121.9,,113848222,2238.28,N/A,N/A,N/A,,-,0,No,No,No,-,No,-,No,-,No,-,Active,-,Include,0,0,Include,14327,NULL,NULL
Demo,75585184,Cisco,-,FVH123883,123457216,Parent,C9120AXI-E,1,C9120AX Internal 802.11ax 4x4:4 MIMO;IOT;BT5;mGig;USB;RHL,,,,No Ship Date Available,00:00.0,4501245478,,C9120AX,WIRELESS,ENT. - WIRELESS,CHASSIS,-,-,-,-,Not Defined,9/16/2032 0:00,DEFAULT GROUP,,1016697150,SOUTHAMPTON - 100 HARBOUR PARADE,100 HARBOUR PARADE,,,SOUTHAMPTON,HAMPSHIRE,SO15 1BA,UNITED KINGDOM,No,206345589,Covered,Active,L1NBD,L1NBD,Vendor,Yes,12/1/2024 0:00,1/30/2027 0:00,30400375,USD,121.9,0,4501605158,121.9,,113848222,2238.28,N/A,N/A,N/A,,-,0,No,No,No,-,No,-,No,-,No,-,Active,-,Include,0,0,Include,14327,NULL,NULL
Demo,75585192,Cisco,-,FVH123884,123457217,Parent,C9120AXI-E,1,C9120AX Internal 802.11ax 4x4:4 MIMO;IOT;BT5;mGig;USB;RHL,,,,No Ship Date Available,00:00.0,4501245478,,C9120AX,WIRELESS,ENT. - WIRELESS,CHASSIS,-,-,-,-,Not Defined,9/16/2032 0:00,DEFAULT GROUP,,1016697150,SOUTHAMPTON - 100 HARBOUR PARADE,100 HARBOUR PARADE,,,SOUTHAMPTON,HAMPSHIRE,SO15 1BA,UNITED KINGDOM,No,206345589,Covered,Active,L1NBD,L1NBD,Vendor,Yes,12/1/2024 0:00,1/30/2027 0:00,30400375,USD,121.9,0,4501605158,121.9,,113848222,2238.28,N/A,N/A,N/A,,-,0,No,No,No,-,No,-,No,-,No,-,Active,-,Include,0,0,Include,14327,NULL,NULL
Demo,75585200,Cisco,-,FVH123885,123457218,Parent,C9120AXI-E,1,C9120AX Internal 802.11ax 4x4:4 MIMO;IOT;BT5;mGig;USB;RHL,,,,No Ship Date Available,00:00.0,4501245478,,C9120AX,WIRELESS,ENT. - WIRELESS,CHASSIS,-,-,-,-,Not Defined,9/16/2032 0:00,DEFAULT GROUP,,1016697150,SOUTHAMPTON - 100 HARBOUR PARADE,100 HARBOUR PARADE,,,SOUTHAMPTON,HAMPSHIRE,SO15 1BA,UNITED KINGDOM,No,206345589,Covered,Active,L1NBD,L1NBD,Vendor,Yes,12/1/2024 0:00,1/30/2027 0:00,30400375,USD,121.9,0,4501605158,121.9,,113848222,2238.28,N/A,N/A,N/A,,-,0,No,No,No,-,No,-,No,-,No,-,Active,-,Include,0,0,Include,14327,NULL,NULL
Demo,75585208,Cisco,-,FVH123886,123457219,Parent,C9120AXI-E,1,C9120AX Internal 802.11ax 4x4:4 MIMO;IOT;BT5;mGig;USB;RHL,,,,No Ship Date Available,00:00.0,4501245478,,C9120AX,WIRELESS,ENT. - WIRELESS,CHASSIS,-,-,-,-,Not Defined,9/16/2032 0:00,DEFAULT GROUP,,1016697150,SOUTHAMPTON - 100 HARBOUR PARADE,100 HARBOUR PARADE,,,SOUTHAMPTON,HAMPSHIRE,SO15 1BA,UNITED KINGDOM,No,206345589,Covered,Active,L1NBD,L1NBD,Vendor,Yes,12/1/2024 0:00,1/30/2027 0:00,30400375,USD,121.9,0,4501605158,121.9,,113848222,2238.28,N/A,N/A,N/A,,-,0,No,No,No,-,No,-,No,-,No,-,Active,-,Include,0,0,Include,14327,NULL,NULL
Demo,75585247,Cisco,-,FVH123887,123457220,Parent,C9300-48P-A,1,"Catalyst 9300 48-port PoE+, Network Advantage",,,,No Ship Date Available,00:00.0,4501931967,,C9300,ENTERPRISE SWITCHING,ENT. SWITCHING - ACCESS,CHASSIS,-,-,-,-,Not Defined,8/25/2031 0:00,DEFAULT GROUP,,1016697150,SOUTHAMPTON - 100 HARBOUR PARADE,100 HARBOUR PARADE,,,SOUTHAMPTON,HAMPSHIRE,SO15 1BA,UNITED KINGDOM,No,206345589,Covered,Active,L1NBD,L1NBD,Vendor,Yes,12/1/2024 0:00,1/30/2027 0:00,30400375,USD,1064.9,0,4501605158,1064.9,,112000874,12382.04,N/A,N/A,N/A,,-,0,No,No,No,-,No,-,No,-,No,-,Active,-,Include,0,0,Include,14327,NULL,NULL
Demo,75585347,Cisco,-,FVH123888,123457221,Parent,C9500-16X-A,1,"Catalyst 9500 16-port 10Gig switch, Advantage",,,,No Ship Date Available,00:00.0,4500830303,,C9500,ENTERPRISE SWITCHING,ENT. SWITCHING - ACCESS,CHASSIS,-,-,-,-,Not Defined,2/6/2030 0:00,DEFAULT GROUP,CARNIVAL PLC,1056363584,SOUTHAMPTON - MAJESTIC ROAD,MAJESTIC ROAD,,,SOUTHAMPTON,HAMPSHIRE,SO16 0YT,UNITED KINGDOM,No,206345589,Covered,Active,L1NBD,L1NBD,Vendor,Yes,12/1/2024 0:00,1/30/2027 0:00,30400375,USD,1767.55,0,4501616850,1767.55,,109428844,19980.86,N/A,N/A,N/A,,-,0,No,No,No,-,No,-,No,-,No,-,Active,-,Include,0,0,Include,14327,NULL,NULL
Demo,75585523,Cisco,-,FVH123889,123457222,Parent,C9120AXI-E,1,C9120AX Internal 802.11ax 4x4:4 MIMO;IOT;BT5;mGig;USB;RHL,,,,No Ship Date Available,00:00.0,4501245478,,C9120AX,WIRELESS,ENT. - WIRELESS,CHASSIS,-,-,-,-,Not Defined,9/16/2032 0:00,DEFAULT GROUP,,1016697150,SOUTHAMPTON - 100 HARBOUR PARADE,100 HARBOUR PARADE,,,SOUTHAMPTON,HAMPSHIRE,SO15 1BA,UNITED KINGDOM,No,206345589,Covered,Active,L1NBD,L1NBD,Vendor,Yes,12/1/2024 0:00,1/30/2027 0:00,30400375,USD,121.9,0,4501605158,121.9,,113848222,2238.28,N/A,N/A,N/A,,-,0,No,No,No,-,No,-,No,-,No,-,Active,-,Include,0,0,Include,14327,NULL,NULL
Demo,75585531,Cisco,-,FVH123890,123457223,Parent,C9120AXI-E,1,C9120AX Internal 802.11ax 4x4:4 MIMO;IOT;BT5;mGig;USB;RHL,,,,No Ship Date Available,00:00.0,4501245478,,C9120AX,WIRELESS,ENT. - WIRELESS,CHASSIS,-,-,-,-,Not Defined,9/16/2032 0:00,DEFAULT GROUP,,1016697150,SOUTHAMPTON - 100 HARBOUR PARADE,100 HARBOUR PARADE,,,SOUTHAMPTON,HAMPSHIRE,SO15 1BA,UNITED KINGDOM,No,206345589,Covered,Active,L1NBD,L1NBD,Vendor,Yes,12/1/2024 0:00,1/30/2027 0:00,30400375,USD,121.9,0,4501605158,121.9,,113848222,2238.28,N/A,N/A,N/A,,-,0,No,No,No,-,No,-,No,-,No,-,Active,-,Include,0,0,Include,14327,NULL,NULL
Demo,75585854,Cisco,-,FVH123891,123457224,Parent,C9300-48U-A,1,"Catalyst 9300 48-port UPOE, Network Advantage",,,,No Ship Date Available,00:00.0,4501200005,,C9300,ENTERPRISE SWITCHING,ENT. SWITCHING - ACCESS,CHASSIS,-,-,-,-,Not Defined,7/31/2032 0:00,DEFAULT GROUP,AIDA CRUISES,2001479781,ROSTOCK - AM STRANDE 3,AM STRANDE 3,,,ROSTOCK,,18055,GERMANY,No,206404176,Covered,Active,L1NBD,L1NBD,Vendor,Yes,5/24/2025 0:00,12/31/2025 0:00,,USD,1178.75,0,4501617358,1178.75,,113325001,13640.57,N/A,N/A,N/A,,-,0,No,No,No,-,No,-,No,-,No,-,Active,-,Include,0,0,Include,14327,NULL,NULL
Demo,75585866,Cisco,-,FVH123892,123457225,Parent,C9300-48U-A,1,"Catalyst 9300 48-port UPOE, Network Advantage",,,,No Ship Date Available,00:00.0,4501200005,,C9300,ENTERPRISE SWITCHING,ENT. SWITCHING - ACCESS,CHASSIS,-,-,-,-,Not Defined,7/31/2032 0:00,DEFAULT GROUP,AIDA CRUISES,2001479781,ROSTOCK - AM STRANDE 3,AM STRANDE 3,,,ROSTOCK,,18055,GERMANY,No,200300338,Covered,Active,PSRT,PRTNR SS 8X5XNBD,Vendor,Yes,5/24/2025 0:00,5/23/2027 0:00,,USD,1033.85,0,4501662490,1033.85,,113325001,13640.57,N/A,N/A,N/A,,-,0,No,No,No,-,No,-,No,-,No,-,Active,-,Include,0,0,Include,14327,NULL,NULL
Demo,75585878,Cisco,-,FVH123893,123457226,Parent,C9120AXI-E,1,C9120AX Internal 802.11ax 4x4:4 MIMO;IOT;BT5;mGig;USB;RHL,,,,No Ship Date Available,00:00.0,4501245478,,C9120AX,WIRELESS,ENT. - WIRELESS,CHASSIS,-,-,-,-,Not Defined,9/16/2032 0:00,DEFAULT GROUP,,1016697150,SOUTHAMPTON - 100 HARBOUR PARADE,100 HARBOUR PARADE,,,SOUTHAMPTON,HAMPSHIRE,SO15 1BA,UNITED KINGDOM,No,206345589,Covered,Active,L1NBD,L1NBD,Vendor,Yes,12/1/2024 0:00,1/30/2027 0:00,30400375,USD,121.9,0,4501605158,121.9,,113848222,2238.28,N/A,N/A,N/A,,-,0,No,No,No,-,No,-,No,-,No,-,Active,-,Include,0,0,Include,14327,NULL,NULL
Demo,75585886,Cisco,-,FVH123894,123457227,Parent,C9120AXI-E,1,C9120AX Internal 802.11ax 4x4:4 MIMO;IOT;BT5;mGig;USB;RHL,,,,No Ship Date Available,00:00.0,4501245478,,C9120AX,WIRELESS,ENT. - WIRELESS,CHASSIS,-,-,-,-,Not Defined,9/16/2032 0:00,DEFAULT GROUP,,1016697150,SOUTHAMPTON - 100 HARBOUR PARADE,100 HARBOUR PARADE,,,SOUTHAMPTON,HAMPSHIRE,SO15 1BA,UNITED KINGDOM,No,206345589,Covered,Active,L1NBD,L1NBD,Vendor,Yes,12/1/2024 0:00,1/30/2027 0:00,30400375,USD,121.9,0,4501605158,121.9,,113848222,2238.28,N/A,N/A,N/A,,-,0,No,No,No,-,No,-,No,-,No,-,Active,-,Include,0,0,Include,14327,NULL,NULL
Demo,75585894,Cisco,-,FVH123895,123457228,Parent,C9120AXI-E,1,C9120AX Internal 802.11ax 4x4:4 MIMO;IOT;BT5;mGig;USB;RHL,,,,No Ship Date Available,00:00.0,4501245478,,C9120AX,WIRELESS,ENT. - WIRELESS,CHASSIS,-,-,-,-,Not Defined,9/16/2032 0:00,DEFAULT GROUP,,1016697150,SOUTHAMPTON - 100 HARBOUR PARADE,100 HARBOUR PARADE,,,SOUTHAMPTON,HAMPSHIRE,SO15 1BA,UNITED KINGDOM,No,206345589,Covered,Active,L1NBD,L1NBD,Vendor,Yes,12/1/2024 0:00,1/30/2027 0:00,30400375,USD,121.9,0,4501605158,121.9,,113848222,2238.28,N/A,N/A,N/A,,-,0,No,No,No,-,No,-,No,-,No,-,Active,-,Include,0,0,Include,14327,NULL,NULL
Demo,75585902,Cisco,-,FVH123896,123457229,Parent,C9120AXI-E,1,C9120AX Internal 802.11ax 4x4:4 MIMO;IOT;BT5;mGig;USB;RHL,,,,No Ship Date Available,00:00.0,4501245478,,C9120AX,WIRELESS,ENT. - WIRELESS,CHASSIS,-,-,-,-,Not Defined,9/16/2032 0:00,DEFAULT GROUP,,1016697150,SOUTHAMPTON - 100 HARBOUR PARADE,100 HARBOUR PARADE,,,SOUTHAMPTON,HAMPSHIRE,SO15 1BA,UNITED KINGDOM,No,206345589,Covered,Active,L1NBD,L1NBD,Vendor,Yes,12/1/2024 0:00,1/30/2027 0:00,30400375,USD,121.9,0,4501605158,121.9,,113848222,2238.28,N/A,N/A,N/A,,-,0,No,No,No,-,No,-,No,-,No,-,Active,-,Include,0,0,Include,14327,NULL,NULL
Demo,75585910,Cisco,-,FVH123897,123457230,Parent,C9120AXI-E,1,C9120AX Internal 802.11ax 4x4:4 MIMO;IOT;BT5;mGig;USB;RHL,,,,No Ship Date Available,00:00.0,4501245478,,C9120AX,WIRELESS,ENT. - WIRELESS,CHASSIS,-,-,-,-,Not Defined,9/16/2032 0:00,DEFAULT GROUP,,1016697150,SOUTHAMPTON - 100 HARBOUR PARADE,100 HARBOUR PARADE,,,SOUTHAMPTON,HAMPSHIRE,SO15 1BA,UNITED KINGDOM,No,206345589,Covered,Active,L1NBD,L1NBD,Vendor,Yes,12/1/2024 0:00,1/30/2027 0:00,30400375,USD,121.9,0,4501605158,121.9,,113848222,2238.28,N/A,N/A,N/A,,-,0,No,No,No,-,No,-,No,-,No,-,Active,-,Include,0,0,Include,14327,NULL,NULL
Demo,75585918,Cisco,-,FVH123898,123457231,Parent,C9120AXI-E,1,C9120AX Internal 802.11ax 4x4:4 MIMO;IOT;BT5;mGig;USB;RHL,,,,No Ship Date Available,00:00.0,4501245478,,C9120AX,WIRELESS,ENT. - WIRELESS,CHASSIS,-,-,-,-,Not Defined,9/16/2032 0:00,DEFAULT GROUP,,1016697150,SOUTHAMPTON - 100 HARBOUR PARADE,100 HARBOUR PARADE,,,SOUTHAMPTON,HAMPSHIRE,SO15 1BA,UNITED KINGDOM,No,206345589,Covered,Active,L1NBD,L1NBD,Vendor,Yes,12/1/2024 0:00,1/30/2027 0:00,30400375,USD,121.9,0,4501605158,121.9,,113848222,2238.28,N/A,N/A,N/A,,-,0,No,No,No,-,No,-,No,-,No,-,Active,-,Include,0,0,Include,14327,NULL,NULL
Demo,75585926,Cisco,-,FVH123899,123457232,Parent,C9120AXI-E,1,C9120AX Internal 802.11ax 4x4:4 MIMO;IOT;BT5;mGig;USB;RHL,,,,No Ship Date Available,00:00.0,4501245478,,C9120AX,WIRELESS,ENT. - WIRELESS,CHASSIS,-,-,-,-,Not Defined,9/16/2032 0:00,DEFAULT GROUP,,1016697150,SOUTHAMPTON - 100 HARBOUR PARADE,100 HARBOUR PARADE,,,SOUTHAMPTON,HAMPSHIRE,SO15 1BA,UNITED KINGDOM,No,206345589,Covered,Active,L1NBD,L1NBD,Vendor,Yes,12/1/2024 0:00,1/30/2027 0:00,30400375,USD,121.9,0,4501605158,121.9,,113848222,2238.28,N/A,N/A,N/A,,-,0,No,No,No,-,No,-,No,-,No,-,Active,-,Include,0,0,Include,14327,NULL,NULL
Demo,75585934,Cisco,-,FVH123900,123457233,Parent,C9120AXI-E,1,C9120AX Internal 802.11ax 4x4:4 MIMO;IOT;BT5;mGig;USB;RHL,,,,No Ship Date Available,00:00.0,4501245478,,C9120AX,WIRELESS,ENT. - WIRELESS,CHASSIS,-,-,-,-,Not Defined,9/16/2032 0:00,DEFAULT GROUP,,1016697150,SOUTHAMPTON - 100 HARBOUR PARADE,100 HARBOUR PARADE,,,SOUTHAMPTON,HAMPSHIRE,SO15 1BA,UNITED KINGDOM,No,206345589,Covered,Active,L1NBD,L1NBD,Vendor,Yes,12/1/2024 0:00,1/30/2027 0:00,30400375,USD,121.9,0,4501605158,121.9,,113848222,2238.28,N/A,N/A,N/A,,-,0,No,No,No,-,No,-,No,-,No,-,Active,-,Include,0,0,Include,14327,NULL,NULL
Demo,75585942,Cisco,-,FVH123901,123457234,Parent,C9120AXI-E,1,C9120AX Internal 802.11ax 4x4:4 MIMO;IOT;BT5;mGig;USB;RHL,,,,No Ship Date Available,00:00.0,4501245478,,C9120AX,WIRELESS,ENT. - WIRELESS,CHASSIS,-,-,-,-,Not Defined,9/16/2032 0:00,DEFAULT GROUP,,1016697150,SOUTHAMPTON - 100 HARBOUR PARADE,100 HARBOUR PARADE,,,SOUTHAMPTON,HAMPSHIRE,SO15 1BA,UNITED KINGDOM,No,206345589,Covered,Active,L1NBD,L1NBD,Vendor,Yes,12/1/2024 0:00,1/30/2027 0:00,30400375,USD,121.9,0,4501605158,121.9,,113848222,2238.28,N/A,N/A,N/A,,-,0,No,No,No,-,No,-,No,-,No,-,Active,-,Include,0,0,Include,14327,NULL,NULL
Demo,75585950,Cisco,-,FVH123902,123457235,Parent,C9120AXI-E,1,C9120AX Internal 802.11ax 4x4:4 MIMO;IOT;BT5;mGig;USB;RHL,,,,No Ship Date Available,00:00.0,4501245478,,C9120AX,WIRELESS,ENT. - WIRELESS,CHASSIS,-,-,-,-,Not Defined,9/16/2032 0:00,DEFAULT GROUP,,1016697150,SOUTHAMPTON - 100 HARBOUR PARADE,100 HARBOUR PARADE,,,SOUTHAMPTON,HAMPSHIRE,SO15 1BA,UNITED KINGDOM,No,206345589,Covered,Active,L1NBD,L1NBD,Vendor,Yes,12/1/2024 0:00,1/30/2027 0:00,30400375,USD,121.9,0,4501605158,121.9,,113848222,2238.28,N/A,N/A,N/A,,-,0,No,No,No,-,No,-,No,-,No,-,Active,-,Include,0,0,Include,14327,NULL,NULL
Demo,75585958,Cisco,-,FVH123903,123457236,Parent,C9120AXI-E,1,C9120AX Internal 802.11ax 4x4:4 MIMO;IOT;BT5;mGig;USB;RHL,,,,No Ship Date Available,00:00.0,4501245478,,C9120AX,WIRELESS,ENT. - WIRELESS,CHASSIS,-,-,-,-,Not Defined,9/16/2032 0:00,DEFAULT GROUP,,1016697150,SOUTHAMPTON - 100 HARBOUR PARADE,100 HARBOUR PARADE,,,SOUTHAMPTON,HAMPSHIRE,SO15 1BA,UNITED KINGDOM,No,206345589,Covered,Active,L1NBD,L1NBD,Vendor,Yes,12/1/2024 0:00,1/30/2027 0:00,30400375,USD,121.9,0,4501605158,121.9,,113848222,2238.28,N/A,N/A,N/A,,-,0,No,No,No,-,No,-,No,-,No,-,Active,-,Include,0,0,Include,14327,NULL,NULL
Demo,75585966,Cisco,-,FVH123904,123457237,Parent,C9120AXI-E,1,C9120AX Internal 802.11ax 4x4:4 MIMO;IOT;BT5;mGig;USB;RHL,,,,No Ship Date Available,00:00.0,4501245478,,C9120AX,WIRELESS,ENT. - WIRELESS,CHASSIS,-,-,-,-,Not Defined,9/16/2032 0:00,DEFAULT GROUP,,1016697150,SOUTHAMPTON - 100 HARBOUR PARADE,100 HARBOUR PARADE,,,SOUTHAMPTON,HAMPSHIRE,SO15 1BA,UNITED KINGDOM,No,206345589,Covered,Active,L1NBD,L1NBD,Vendor,Yes,12/1/2024 0:00,1/30/2027 0:00,30400375,USD,121.9,0,4501605158,121.9,,113848222,2238.28,N/A,N/A,N/A,,-,0,No,No,No,-,No,-,No,-,No,-,Active,-,Include,0,0,Include,14327,NULL,NULL
Demo,75585974,Cisco,-,FVH123905,123457238,Parent,C9120AXI-E,1,C9120AX Internal 802.11ax 4x4:4 MIMO;IOT;BT5;mGig;USB;RHL,,,,No Ship Date Available,00:00.0,4501245478,,C9120AX,WIRELESS,ENT. - WIRELESS,CHASSIS,-,-,-,-,Not Defined,9/16/2032 0:00,DEFAULT GROUP,,1016697150,SOUTHAMPTON - 100 HARBOUR PARADE,100 HARBOUR PARADE,,,SOUTHAMPTON,HAMPSHIRE,SO15 1BA,UNITED KINGDOM,No,206345589,Covered,Active,L1NBD,L1NBD,Vendor,Yes,12/1/2024 0:00,1/30/2027 0:00,30400375,USD,121.9,0,4501605158,121.9,,113848222,2238.28,N/A,N/A,N/A,,-,0,No,No,No,-,No,-,No,-,No,-,Active,-,Include,0,0,Include,14327,NULL,NULL
Demo,75585982,Cisco,-,FVH123906,123457239,Parent,C9120AXI-E,1,C9120AX Internal 802.11ax 4x4:4 MIMO;IOT;BT5;mGig;USB;RHL,,,,No Ship Date Available,00:00.0,4501245478,,C9120AX,WIRELESS,ENT. - WIRELESS,CHASSIS,-,-,-,-,Not Defined,9/16/2032 0:00,DEFAULT GROUP,,1016697150,SOUTHAMPTON - 100 HARBOUR PARADE,100 HARBOUR PARADE,,,SOUTHAMPTON,HAMPSHIRE,SO15 1BA,UNITED KINGDOM,No,206345589,Covered,Active,L1NBD,L1NBD,Vendor,Yes,12/1/2024 0:00,1/30/2027 0:00,30400375,USD,121.9,0,4501605158,121.9,,113848222,2238.28,N/A,N/A,N/A,,-,0,No,No,No,-,No,-,No,-,No,-,Active,-,Include,0,0,Include,14327,NULL,NULL
Demo,75585990,Cisco,-,FVH123907,123457240,Parent,C9120AXI-E,1,C9120AX Internal 802.11ax 4x4:4 MIMO;IOT;BT5;mGig;USB;RHL,,,,No Ship Date Available,00:00.0,4501245478,,C9120AX,WIRELESS,ENT. - WIRELESS,CHASSIS,-,-,-,-,Not Defined,9/16/2032 0:00,DEFAULT GROUP,,1016697150,SOUTHAMPTON - 100 HARBOUR PARADE,100 HARBOUR PARADE,,,SOUTHAMPTON,HAMPSHIRE,SO15 1BA,UNITED KINGDOM,No,206345589,Covered,Active,L1NBD,L1NBD,Vendor,Yes,12/1/2024 0:00,1/30/2027 0:00,30400375,USD,121.9,0,4501605158,121.9,,113848222,2238.28,N/A,N/A,N/A,,-,0,No,No,No,-,No,-,No,-,No,-,Active,-,Include,0,0,Include,14327,NULL,NULL
Demo,75585998,Cisco,-,FVH123908,123457241,Parent,C9120AXI-E,1,C9120AX Internal 802.11ax 4x4:4 MIMO;IOT;BT5;mGig;USB;RHL,,,,No Ship Date Available,00:00.0,4501245478,,C9120AX,WIRELESS,ENT. - WIRELESS,CHASSIS,-,-,-,-,Not Defined,9/16/2032 0:00,DEFAULT GROUP,,1016697150,SOUTHAMPTON - 100 HARBOUR PARADE,100 HARBOUR PARADE,,,SOUTHAMPTON,HAMPSHIRE,SO15 1BA,UNITED KINGDOM,No,206345589,Covered,Active,L1NBD,L1NBD,Vendor,Yes,12/1/2024 0:00,1/30/2027 0:00,30400375,USD,121.9,0,4501605158,121.9,,113848222,2238.28,N/A,N/A,N/A,,-,0,No,No,No,-,No,-,No,-,No,-,Active,-,Include,0,0,Include,14327,NULL,NULL
Demo,75586006,Cisco,-,FVH123909,123457242,Parent,C9120AXI-E,1,C9120AX Internal 802.11ax 4x4:4 MIMO;IOT;BT5;mGig;USB;RHL,,,,No Ship Date Available,00:00.0,4501245478,,C9120AX,WIRELESS,ENT. - WIRELESS,CHASSIS,-,-,-,-,Not Defined,9/16/2032 0:00,DEFAULT GROUP,,1016697150,SOUTHAMPTON - 100 HARBOUR PARADE,100 HARBOUR PARADE,,,SOUTHAMPTON,HAMPSHIRE,SO15 1BA,UNITED KINGDOM,No,206345589,Covered,Active,L1NBD,L1NBD,Vendor,Yes,12/1/2024 0:00,1/30/2027 0:00,30400375,USD,121.9,0,4501605158,121.9,,113848222,2238.28,N/A,N/A,N/A,,-,0,No,No,No,-,No,-,No,-,No,-,Active,-,Include,0,0,Include,14327,NULL,NULL
Demo,75586014,Cisco,-,FVH123910,123457243,Parent,C9120AXI-E,1,C9120AX Internal 802.11ax 4x4:4 MIMO;IOT;BT5;mGig;USB;RHL,,,,No Ship Date Available,00:00.0,4501245478,,C9120AX,WIRELESS,ENT. - WIRELESS,CHASSIS,-,-,-,-,Not Defined,9/16/2032 0:00,DEFAULT GROUP,,1016697150,SOUTHAMPTON - 100 HARBOUR PARADE,100 HARBOUR PARADE,,,SOUTHAMPTON,HAMPSHIRE,SO15 1BA,UNITED KINGDOM,No,206345589,Covered,Active,L1NBD,L1NBD,Vendor,Yes,12/1/2024 0:00,1/30/2027 0:00,30400375,USD,121.9,0,4501605158,121.9,,113848222,2238.28,N/A,N/A,N/A,,-,0,No,No,No,-,No,-,No,-,No,-,Active,-,Include,0,0,Include,14327,NULL,NULL
Demo,75586050,Cisco,-,FVH123911,123457244,Parent,C9120AXI-E,1,C9120AX Internal 802.11ax 4x4:4 MIMO;IOT;BT5;mGig;USB;RHL,,,,No Ship Date Available,00:00.0,4501245478,,C9120AX,WIRELESS,ENT. - WIRELESS,CHASSIS,-,-,-,-,Not Defined,10/5/2032 0:00,DEFAULT GROUP,,1016697150,SOUTHAMPTON - 100 HARBOUR PARADE,100 HARBOUR PARADE,,,SOUTHAMPTON,HAMPSHIRE,SO15 1BA,UNITED KINGDOM,No,206345589,Covered,Active,L1NBD,L1NBD,Vendor,Yes,12/1/2024 0:00,1/30/2027 0:00,30400375,USD,121.9,0,4501605158,121.9,,113848222,2238.28,N/A,N/A,N/A,,-,0,No,No,No,-,No,-,No,-,No,-,Active,-,Include,0,0,Include,14327,NULL,NULL
Demo,75586058,Cisco,-,FVH123912,123457245,Parent,C9120AXI-E,1,C9120AX Internal 802.11ax 4x4:4 MIMO;IOT;BT5;mGig;USB;RHL,,,,No Ship Date Available,00:00.0,4501245478,,C9120AX,WIRELESS,ENT. - WIRELESS,CHASSIS,-,-,-,-,Not Defined,10/5/2032 0:00,DEFAULT GROUP,,1016697150,SOUTHAMPTON - 100 HARBOUR PARADE,100 HARBOUR PARADE,,,SOUTHAMPTON,HAMPSHIRE,SO15 1BA,UNITED KINGDOM,No,206345589,Covered,Active,L1NBD,L1NBD,Vendor,Yes,12/1/2024 0:00,1/30/2027 0:00,30400375,USD,121.9,0,4501605158,121.9,,113848222,2238.28,N/A,N/A,N/A,,-,0,No,No,No,-,No,-,No,-,No,-,Active,-,Include,0,0,Include,14327,NULL,NULL
Demo,75586068,Cisco,-,FVH123913,123457246,Parent,C9300-48U-A,1,"Catalyst 9300 48-port UPOE, Network Advantage",,,,No Ship Date Available,00:00.0,4501200005,,C9300,ENTERPRISE SWITCHING,ENT. SWITCHING - ACCESS,CHASSIS,-,-,-,-,Not Defined,7/31/2032 0:00,DEFAULT GROUP,AIDA CRUISES,2001479781,ROSTOCK - AM STRANDE 3,AM STRANDE 3,,,ROSTOCK,,18055,GERMANY,No,206404176,Covered,Active,L1NBD,L1NBD,Vendor,Yes,5/24/2025 0:00,12/31/2025 0:00,,USD,1178.75,0,4501617358,1178.75,,113325001,13640.57,N/A,N/A,N/A,,-,0,No,No,No,-,No,-,No,-,No,-,Active,-,Include,0,0,Include,14327,NULL,NULL
Demo,75586080,Cisco,-,FVH123914,123457247,Parent,C9300-48U-A,1,"Catalyst 9300 48-port UPOE, Network Advantage",,,,No Ship Date Available,00:00.0,4501200005,,C9300,ENTERPRISE SWITCHING,ENT. SWITCHING - ACCESS,CHASSIS,-,-,-,-,Not Defined,7/31/2032 0:00,DEFAULT GROUP,AIDA CRUISES,2001479781,ROSTOCK - AM STRANDE 3,AM STRANDE 3,,,ROSTOCK,,18055,GERMANY,No,206404176,Covered,Active,L1NBD,L1NBD,Vendor,Yes,5/24/2025 0:00,12/31/2025 0:00,,USD,1178.75,0,4501617358,1178.75,,113325001,13640.57,N/A,N/A,N/A,,-,0,No,No,No,-,No,-,No,-,No,-,Active,-,Include,0,0,Include,14327,NULL,NULL
Demo,75586092,Cisco,-,FVH123915,123457248,Parent,C9300-48U-A,1,"Catalyst 9300 48-port UPOE, Network Advantage",,,,No Ship Date Available,00:00.0,4501200005,,C9300,ENTERPRISE SWITCHING,ENT. SWITCHING - ACCESS,CHASSIS,-,-,-,-,Not Defined,7/31/2032 0:00,DEFAULT GROUP,AIDA CRUISES,2001479781,ROSTOCK - AM STRANDE 3,AM STRANDE 3,,,ROSTOCK,,18055,GERMANY,No,206404176,Covered,Active,L1NBD,L1NBD,Vendor,Yes,5/24/2025 0:00,12/31/2025 0:00,,USD,1178.75,0,4501617358,1178.75,,113325001,13640.57,N/A,N/A,N/A,,-,0,No,No,No,-,No,-,No,-,No,-,Active,-,Include,0,0,Include,14327,NULL,NULL
Demo,75586104,Cisco,-,FVH123916,123457249,Parent,C9300-48U-A,1,"Catalyst 9300 48-port UPOE, Network Advantage",,,,No Ship Date Available,00:00.0,4501200005,,C9300,ENTERPRISE SWITCHING,ENT. SWITCHING - ACCESS,CHASSIS,-,-,-,-,Not Defined,7/31/2032 0:00,DEFAULT GROUP,AIDA CRUISES,2001479781,ROSTOCK - AM STRANDE 3,AM STRANDE 3,,,ROSTOCK,,18055,GERMANY,No,200300338,Covered,Active,PSRT,PRTNR SS 8X5XNBD,Vendor,Yes,5/25/2025 0:00,5/24/2027 0:00,,USD,1033.85,0,4501662490,1033.85,,113325001,13640.57,N/A,N/A,N/A,,-,0,No,No,No,-,No,-,No,-,No,-,Active,-,Include,0,0,Include,14327,NULL,NULL
Demo,75586116,Cisco,-,FVH123917,123457250,Parent,C9120AXI-E,1,C9120AX Internal 802.11ax 4x4:4 MIMO;IOT;BT5;mGig;USB;RHL,,,,No Ship Date Available,00:00.0,4501245478,,C9120AX,WIRELESS,ENT. - WIRELESS,CHASSIS,-,-,-,-,Not Defined,9/16/2032 0:00,DEFAULT GROUP,,1016697150,SOUTHAMPTON - 100 HARBOUR PARADE,100 HARBOUR PARADE,,,SOUTHAMPTON,HAMPSHIRE,SO15 1BA,UNITED KINGDOM,No,206345589,Covered,Active,L1NBD,L1NBD,Vendor,Yes,12/1/2024 0:00,1/30/2027 0:00,30400375,USD,121.9,0,4501605158,121.9,,113848222,2238.28,N/A,N/A,N/A,,-,0,No,No,No,-,No,-,No,-,No,-,Active,-,Include,0,0,Include,14327,NULL,NULL
Demo,75586124,Cisco,-,FVH123918,123457251,Parent,C9120AXI-E,1,C9120AX Internal 802.11ax 4x4:4 MIMO;IOT;BT5;mGig;USB;RHL,,,,No Ship Date Available,00:00.0,4501245478,,C9120AX,WIRELESS,ENT. - WIRELESS,CHASSIS,-,-,-,-,Not Defined,9/16/2032 0:00,DEFAULT GROUP,,1016697150,SOUTHAMPTON - 100 HARBOUR PARADE,100 HARBOUR PARADE,,,SOUTHAMPTON,HAMPSHIRE,SO15 1BA,UNITED KINGDOM,No,206345589,Covered,Active,L1NBD,L1NBD,Vendor,Yes,12/1/2024 0:00,1/30/2027 0:00,30400375,USD,121.9,0,4501605158,121.9,,113848222,2238.28,N/A,N/A,N/A,,-,0,No,No,No,-,No,-,No,-,No,-,Active,-,Include,0,0,Include,14327,NULL,NULL
Demo,75586132,Cisco,-,FVH123919,123457252,Parent,C9120AXI-E,1,C9120AX Internal 802.11ax 4x4:4 MIMO;IOT;BT5;mGig;USB;RHL,,,,No Ship Date Available,00:00.0,4501245478,,C9120AX,WIRELESS,ENT. - WIRELESS,CHASSIS,-,-,-,-,Not Defined,9/16/2032 0:00,DEFAULT GROUP,,1016697150,SOUTHAMPTON - 100 HARBOUR PARADE,100 HARBOUR PARADE,,,SOUTHAMPTON,HAMPSHIRE,SO15 1BA,UNITED KINGDOM,No,206345589,Covered,Active,L1NBD,L1NBD,Vendor,Yes,12/1/2024 0:00,1/30/2027 0:00,30400375,USD,121.9,0,4501605158,121.9,,113848222,2238.28,N/A,N/A,N/A,,-,0,No,No,No,-,No,-,No,-,No,-,Active,-,Include,0,0,Include,14327,NULL,NULL
Demo,75586140,Cisco,-,FVH123920,123457253,Parent,C9120AXI-E,1,C9120AX Internal 802.11ax 4x4:4 MIMO;IOT;BT5;mGig;USB;RHL,,,,No Ship Date Available,00:00.0,4501245478,,C9120AX,WIRELESS,ENT. - WIRELESS,CHASSIS,-,-,-,-,Not Defined,9/16/2032 0:00,DEFAULT GROUP,,1016697150,SOUTHAMPTON - 100 HARBOUR PARADE,100 HARBOUR PARADE,,,SOUTHAMPTON,HAMPSHIRE,SO15 1BA,UNITED KINGDOM,No,206345589,Covered,Active,L1NBD,L1NBD,Vendor,Yes,12/1/2024 0:00,1/30/2027 0:00,30400375,USD,121.9,0,4501605158,121.9,,113848222,2238.28,N/A,N/A,N/A,,-,0,No,No,No,-,No,-,No,-,No,-,Active,-,Include,0,0,Include,14327,NULL,NULL
Demo,75586148,Cisco,-,FVH123921,123457254,Parent,C9120AXI-E,1,C9120AX Internal 802.11ax 4x4:4 MIMO;IOT;BT5;mGig;USB;RHL,,,,No Ship Date Available,00:00.0,4501245478,,C9120AX,WIRELESS,ENT. - WIRELESS,CHASSIS,-,-,-,-,Not Defined,9/16/2032 0:00,DEFAULT GROUP,,1016697150,SOUTHAMPTON - 100 HARBOUR PARADE,100 HARBOUR PARADE,,,SOUTHAMPTON,HAMPSHIRE,SO15 1BA,UNITED KINGDOM,No,206345589,Covered,Active,L1NBD,L1NBD,Vendor,Yes,12/1/2024 0:00,1/30/2027 0:00,30400375,USD,121.9,0,4501605158,121.9,,113848222,2238.28,N/A,N/A,N/A,,-,0,No,No,No,-,No,-,No,-,No,-,Active,-,Include,0,0,Include,14327,NULL,NULL
Demo,75586156,Cisco,-,FVH123922,123457255,Parent,C9120AXI-E,1,C9120AX Internal 802.11ax 4x4:4 MIMO;IOT;BT5;mGig;USB;RHL,,,,No Ship Date Available,00:00.0,4501245478,,C9120AX,WIRELESS,ENT. - WIRELESS,CHASSIS,-,-,-,-,Not Defined,9/16/2032 0:00,DEFAULT GROUP,,1016697150,SOUTHAMPTON - 100 HARBOUR PARADE,100 HARBOUR PARADE,,,SOUTHAMPTON,HAMPSHIRE,SO15 1BA,UNITED KINGDOM,No,206345589,Covered,Active,L1NBD,L1NBD,Vendor,Yes,12/1/2024 0:00,1/30/2027 0:00,30400375,USD,121.9,0,4501605158,121.9,,113848222,2238.28,N/A,N/A,N/A,,-,0,No,No,No,-,No,-,No,-,No,-,Active,-,Include,0,0,Include,14327,NULL,NULL
Demo,75586164,Cisco,-,FVH123923,123457256,Parent,C9120AXI-E,1,C9120AX Internal 802.11ax 4x4:4 MIMO;IOT;BT5;mGig;USB;RHL,,,,No Ship Date Available,00:00.0,4501245478,,C9120AX,WIRELESS,ENT. - WIRELESS,CHASSIS,-,-,-,-,Not Defined,9/16/2032 0:00,DEFAULT GROUP,,1016697150,SOUTHAMPTON - 100 HARBOUR PARADE,100 HARBOUR PARADE,,,SOUTHAMPTON,HAMPSHIRE,SO15 1BA,UNITED KINGDOM,No,206345589,Covered,Active,L1NBD,L1NBD,Vendor,Yes,12/1/2024 0:00,1/30/2027 0:00,30400375,USD,121.9,0,4501605158,121.9,,113848222,2238.28,N/A,N/A,N/A,,-,0,No,No,No,-,No,-,No,-,No,-,Active,-,Include,0,0,Include,14327,NULL,NULL
Demo,75586172,Cisco,-,FVH123924,123457257,Parent,C9120AXI-E,1,C9120AX Internal 802.11ax 4x4:4 MIMO;IOT;BT5;mGig;USB;RHL,,,,No Ship Date Available,00:00.0,4501245478,,C9120AX,WIRELESS,ENT. - WIRELESS,CHASSIS,-,-,-,-,Not Defined,9/16/2032 0:00,DEFAULT GROUP,,1016697150,SOUTHAMPTON - 100 HARBOUR PARADE,100 HARBOUR PARADE,,,SOUTHAMPTON,HAMPSHIRE,SO15 1BA,UNITED KINGDOM,No,206345589,Covered,Active,L1NBD,L1NBD,Vendor,Yes,12/1/2024 0:00,1/30/2027 0:00,30400375,USD,121.9,0,4501605158,121.9,,113848222,2238.28,N/A,N/A,N/A,,-,0,No,No,No,-,No,-,No,-,No,-,Active,-,Include,0,0,Include,14327,NULL,NULL
Demo,75586180,Cisco,-,FVH123925,123457258,Parent,C9120AXI-E,1,C9120AX Internal 802.11ax 4x4:4 MIMO;IOT;BT5;mGig;USB;RHL,,,,No Ship Date Available,00:00.0,4501245478,,C9120AX,WIRELESS,ENT. - WIRELESS,CHASSIS,-,-,-,-,Not Defined,9/16/2032 0:00,DEFAULT GROUP,,1016697150,SOUTHAMPTON - 100 HARBOUR PARADE,100 HARBOUR PARADE,,,SOUTHAMPTON,HAMPSHIRE,SO15 1BA,UNITED KINGDOM,No,206345589,Covered,Active,L1NBD,L1NBD,Vendor,Yes,12/1/2024 0:00,1/30/2027 0:00,30400375,USD,121.9,0,4501605158,121.9,,113848222,2238.28,N/A,N/A,N/A,,-,0,No,No,No,-,No,-,No,-,No,-,Active,-,Include,0,0,Include,14327,NULL,NULL
Demo,75586188,Cisco,-,FVH123926,123457259,Parent,C9120AXI-E,1,C9120AX Internal 802.11ax 4x4:4 MIMO;IOT;BT5;mGig;USB;RHL,,,,No Ship Date Available,00:00.0,4501245478,,C9120AX,WIRELESS,ENT. - WIRELESS,CHASSIS,-,-,-,-,Not Defined,9/16/2032 0:00,DEFAULT GROUP,,1016697150,SOUTHAMPTON - 100 HARBOUR PARADE,100 HARBOUR PARADE,,,SOUTHAMPTON,HAMPSHIRE,SO15 1BA,UNITED KINGDOM,No,206345589,Covered,Active,L1NBD,L1NBD,Vendor,Yes,12/1/2024 0:00,1/30/2027 0:00,30400375,USD,121.9,0,4501605158,121.9,,113848222,2238.28,N/A,N/A,N/A,,-,0,No,No,No,-,No,-,No,-,No,-,Active,-,Include,0,0,Include,14327,NULL,NULL
Demo,75586196,Cisco,-,FVH123927,123457260,Parent,C9120AXI-E,1,C9120AX Internal 802.11ax 4x4:4 MIMO;IOT;BT5;mGig;USB;RHL,,,,No Ship Date Available,00:00.0,4501245478,,C9120AX,WIRELESS,ENT. - WIRELESS,CHASSIS,-,-,-,-,Not Defined,9/16/2032 0:00,DEFAULT GROUP,,1016697150,SOUTHAMPTON - 100 HARBOUR PARADE,100 HARBOUR PARADE,,,SOUTHAMPTON,HAMPSHIRE,SO15 1BA,UNITED KINGDOM,No,206345589,Covered,Active,L1NBD,L1NBD,Vendor,Yes,12/1/2024 0:00,1/30/2027 0:00,30400375,USD,121.9,0,4501605158,121.9,,113848222,2238.28,N/A,N/A,N/A,,-,0,No,No,No,-,No,-,No,-,No,-,Active,-,Include,0,0,Include,14327,NULL,NULL
Demo,75586204,Cisco,-,FVH123928,123457261,Parent,C9120AXI-E,1,C9120AX Internal 802.11ax 4x4:4 MIMO;IOT;BT5;mGig;USB;RHL,,,,No Ship Date Available,00:00.0,4501245478,,C9120AX,WIRELESS,ENT. - WIRELESS,CHASSIS,-,-,-,-,Not Defined,9/16/2032 0:00,DEFAULT GROUP,,1016697150,SOUTHAMPTON - 100 HARBOUR PARADE,100 HARBOUR PARADE,,,SOUTHAMPTON,HAMPSHIRE,SO15 1BA,UNITED KINGDOM,No,206345589,Covered,Active,L1NBD,L1NBD,Vendor,Yes,12/1/2024 0:00,1/30/2027 0:00,30400375,USD,121.9,0,4501605158,121.9,,113848222,2238.28,N/A,N/A,N/A,,-,0,No,No,No,-,No,-,No,-,No,-,Active,-,Include,0,0,Include,14327,NULL,NULL
Demo,75586212,Cisco,-,FVH123929,123457262,Parent,C9120AXI-E,1,C9120AX Internal 802.11ax 4x4:4 MIMO;IOT;BT5;mGig;USB;RHL,,,,No Ship Date Available,00:00.0,4501245478,,C9120AX,WIRELESS,ENT. - WIRELESS,CHASSIS,-,-,-,-,Not Defined,9/16/2032 0:00,DEFAULT GROUP,,1016697150,SOUTHAMPTON - 100 HARBOUR PARADE,100 HARBOUR PARADE,,,SOUTHAMPTON,HAMPSHIRE,SO15 1BA,UNITED KINGDOM,No,206345589,Covered,Active,L1NBD,L1NBD,Vendor,Yes,12/1/2024 0:00,1/30/2027 0:00,30400375,USD,121.9,0,4501605158,121.9,,113848222,2238.28,N/A,N/A,N/A,,-,0,No,No,No,-,No,-,No,-,No,-,Active,-,Include,0,0,Include,14327,NULL,NULL
Demo,75586220,Cisco,-,FVH123930,123457263,Parent,C9120AXI-E,1,C9120AX Internal 802.11ax 4x4:4 MIMO;IOT;BT5;mGig;USB;RHL,,,,No Ship Date Available,00:00.0,4501245478,,C9120AX,WIRELESS,ENT. - WIRELESS,CHASSIS,-,-,-,-,Not Defined,9/16/2032 0:00,DEFAULT GROUP,,1016697150,SOUTHAMPTON - 100 HARBOUR PARADE,100 HARBOUR PARADE,,,SOUTHAMPTON,HAMPSHIRE,SO15 1BA,UNITED KINGDOM,No,206345589,Covered,Active,L1NBD,L1NBD,Vendor,Yes,12/1/2024 0:00,1/30/2027 0:00,30400375,USD,121.9,0,4501605158,121.9,,113848222,2238.28,N/A,N/A,N/A,,-,0,No,No,No,-,No,-,No,-,No,-,Active,-,Include,0,0,Include,14327,NULL,NULL
Demo,75586228,Cisco,-,FVH123931,123457264,Parent,C9120AXI-E,1,C9120AX Internal 802.11ax 4x4:4 MIMO;IOT;BT5;mGig;USB;RHL,,,,No Ship Date Available,00:00.0,4501245478,,C9120AX,WIRELESS,ENT. - WIRELESS,CHASSIS,-,-,-,-,Not Defined,9/16/2032 0:00,DEFAULT GROUP,,1016697150,SOUTHAMPTON - 100 HARBOUR PARADE,100 HARBOUR PARADE,,,SOUTHAMPTON,HAMPSHIRE,SO15 1BA,UNITED KINGDOM,No,206345589,Covered,Active,L1NBD,L1NBD,Vendor,Yes,12/1/2024 0:00,1/30/2027 0:00,30400375,USD,121.9,0,4501605158,121.9,,113848222,2238.28,N/A,N/A,N/A,,-,0,No,No,No,-,No,-,No,-,No,-,Active,-,Include,0,0,Include,14327,NULL,NULL
Demo,75586236,Cisco,-,FVH123932,123457265,Parent,FPR1150-ASA-K9,1,"Cisco Firepower 1150 ASA Appliance, 1U",,,,No Ship Date Available,00:00.0,4501612171,,FPRLOW,SECURITY,NEXT GEN FIREWALL,CHASSIS,-,-,-,-,Not Defined,7/14/2025 0:00,DEFAULT GROUP,,1052674482,MARBURG - HANS-MEERWEIN-STRASSE 6,HANS-MEERWEIN-STRASSE 6,,,MARBURG,,35043,GERMANY,No,200216511,Covered,Active,PSRT,PRTNR SS 8X5XNBD,Vendor,Yes,2/13/2025 0:00,2/12/2028 0:00,,USD,820.18,0,4501612171,1623.8,,118190562,18340.44,N/A,N/A,N/A,,-,0,No,No,No,-,No,-,No,-,No,-,Active,-,Include,0,0,Include,14327,NULL,NULL
Demo,75586256,Cisco,-,FVH123933,123457266,Parent,C6807-XL-S6T-BUN,1,^Chassis+Fan Tray+ Sup6T+2xPower Supply; IP Services ONLY,,,,No Ship Date Available,00:00.0,4500569016,,C6800MD,ENTERPRISE SWITCHING,ENT. SWITCHING - CORE,CHASSIS,-,-,4/30/2022,4/30/2027,12-24 Months,2/6/2020 0:00,DEFAULT GROUP,AIDA CRUISES,2001479781,ROSTOCK - AM STRANDE 3,AM STRANDE 3,,,ROSTOCK,,18055,GERMANY,No,206404176,Covered,Active,L1NBD,L1NBD,Vendor,Yes,11/5/2024 0:00,12/31/2025 0:00,,USD,5056.55,0,4501617358,6321.55,,107000207,58167,N/A,N/A,N/A,,-,0,No,No,No,-,No,-,No,-,No,-,Active,-,Include,0,0,Include,14327,NULL,NULL
Demo,75586281,Cisco,-,FVH123934,123457267,Parent,ISR4431/K9,1,"Cisco ISR 4431 (4GE,3NIM,8G FLASH,4G DRAM,IPB)",,,,No Ship Date Available,00:00.0,4501962722,,4400ISR,ENTERPRISE ROUTING,MID-RANGE/LOW-END ROUTING,CHASSIS,Routers,http://www.cisco.com/content/en/us/support/routers/4441-x-integrated-services-router-isr/model.html,11/7/2023,11/30/2028,>36 Months,11/10/2021 0:00,DEFAULT GROUP,,1016697150,SOUTHAMPTON - 100 HARBOUR PARADE,100 HARBOUR PARADE,,,SOUTHAMPTON,HAMPSHIRE,SO15 1BA,UNITED KINGDOM,No,206345589,Covered,Active,L1NBD,L1NBD,Vendor,Yes,12/1/2024 0:00,1/30/2027 0:00,30400375,USD,2239.05,0,4501605158,2574.85,,112191656,14713,N/A,N/A,N/A,,-,0,No,No,No,-,No,-,No,-,No,-,Active,-,Include,0,0,Include,14327,NULL,NULL
Demo,75586306,Cisco,-,FVH123935,123457268,Parent,C9120AXI-E,1,C9120AX Internal 802.11ax 4x4:4 MIMO;IOT;BT5;mGig;USB;RHL,,,,No Ship Date Available,00:00.0,4501245478,,C9120AX,WIRELESS,ENT. - WIRELESS,CHASSIS,-,-,-,-,Not Defined,10/5/2032 0:00,DEFAULT GROUP,,1016697150,SOUTHAMPTON - 100 HARBOUR PARADE,100 HARBOUR PARADE,,,SOUTHAMPTON,HAMPSHIRE,SO15 1BA,UNITED KINGDOM,No,206345589,Covered,Active,L1NBD,L1NBD,Vendor,Yes,12/1/2024 0:00,1/30/2027 0:00,30400375,USD,121.9,0,4501605158,121.9,,113848222,2238.28,N/A,N/A,N/A,,-,0,No,No,No,-,No,-,No,-,No,-,Active,-,Include,0,0,Include,14327,NULL,NULL
Demo,75586314,Cisco,-,FVH123936,123457269,Parent,C9120AXI-E,1,C9120AX Internal 802.11ax 4x4:4 MIMO;IOT;BT5;mGig;USB;RHL,,,,No Ship Date Available,00:00.0,4501245478,,C9120AX,WIRELESS,ENT. - WIRELESS,CHASSIS,-,-,-,-,Not Defined,10/5/2032 0:00,DEFAULT GROUP,,1016697150,SOUTHAMPTON - 100 HARBOUR PARADE,100 HARBOUR PARADE,,,SOUTHAMPTON,HAMPSHIRE,SO15 1BA,UNITED KINGDOM,No,206345589,Covered,Active,L1NBD,L1NBD,Vendor,Yes,12/1/2024 0:00,1/30/2027 0:00,30400375,USD,121.9,0,4501605158,121.9,,113848222,2238.28,N/A,N/A,N/A,,-,0,No,No,No,-,No,-,No,-,No,-,Active,-,Include,0,0,Include,14327,NULL,NULL
Demo,75586322,Cisco,-,FVH123937,123457270,Parent,C9120AXI-E,1,C9120AX Internal 802.11ax 4x4:4 MIMO;IOT;BT5;mGig;USB;RHL,,,,No Ship Date Available,00:00.0,4501245478,,C9120AX,WIRELESS,ENT. - WIRELESS,CHASSIS,-,-,-,-,Not Defined,10/5/2032 0:00,DEFAULT GROUP,,1016697150,SOUTHAMPTON - 100 HARBOUR PARADE,100 HARBOUR PARADE,,,SOUTHAMPTON,HAMPSHIRE,SO15 1BA,UNITED KINGDOM,No,206345589,Covered,Active,L1NBD,L1NBD,Vendor,Yes,12/1/2024 0:00,1/30/2027 0:00,30400375,USD,121.9,0,4501605158,121.9,,113848222,2238.28,N/A,N/A,N/A,,-,0,No,No,No,-,No,-,No,-,No,-,Active,-,Include,0,0,Include,14327,NULL,NULL
Demo,75586330,Cisco,-,FVH123938,123457271,Parent,C9120AXI-E,1,C9120AX Internal 802.11ax 4x4:4 MIMO;IOT;BT5;mGig;USB;RHL,,,,No Ship Date Available,00:00.0,4501245478,,C9120AX,WIRELESS,ENT. - WIRELESS,CHASSIS,-,-,-,-,Not Defined,10/5/2032 0:00,DEFAULT GROUP,,1016697150,SOUTHAMPTON - 100 HARBOUR PARADE,100 HARBOUR PARADE,,,SOUTHAMPTON,HAMPSHIRE,SO15 1BA,UNITED KINGDOM,No,206345589,Covered,Active,L1NBD,L1NBD,Vendor,Yes,12/1/2024 0:00,1/30/2027 0:00,30400375,USD,121.9,0,4501605158,121.9,,113848222,2238.28,N/A,N/A,N/A,,-,0,No,No,No,-,No,-,No,-,No,-,Active,-,Include,0,0,Include,14327,NULL,NULL
Demo,75586338,Cisco,-,FVH123939,123457272,Parent,C9120AXI-E,1,C9120AX Internal 802.11ax 4x4:4 MIMO;IOT;BT5;mGig;USB;RHL,,,,No Ship Date Available,00:00.0,4501245478,,C9120AX,WIRELESS,ENT. - WIRELESS,CHASSIS,-,-,-,-,Not Defined,10/5/2032 0:00,DEFAULT GROUP,,1016697150,SOUTHAMPTON - 100 HARBOUR PARADE,100 HARBOUR PARADE,,,SOUTHAMPTON,HAMPSHIRE,SO15 1BA,UNITED KINGDOM,No,206345589,Covered,Active,L1NBD,L1NBD,Vendor,Yes,12/1/2024 0:00,1/30/2027 0:00,30400375,USD,121.9,0,4501605158,121.9,,113848222,2238.28,N/A,N/A,N/A,,-,0,No,No,No,-,No,-,No,-,No,-,Active,-,Include,0,0,Include,14327,NULL,NULL
Demo,75586346,Cisco,-,FVH123940,123457273,Parent,C9120AXI-E,1,C9120AX Internal 802.11ax 4x4:4 MIMO;IOT;BT5;mGig;USB;RHL,,,,No Ship Date Available,00:00.0,4501245478,,C9120AX,WIRELESS,ENT. - WIRELESS,CHASSIS,-,-,-,-,Not Defined,10/5/2032 0:00,DEFAULT GROUP,,1016697150,SOUTHAMPTON - 100 HARBOUR PARADE,100 HARBOUR PARADE,,,SOUTHAMPTON,HAMPSHIRE,SO15 1BA,UNITED KINGDOM,No,206345589,Covered,Active,L1NBD,L1NBD,Vendor,Yes,12/1/2024 0:00,1/30/2027 0:00,30400375,USD,121.9,0,4501605158,121.9,,113848222,2238.28,N/A,N/A,N/A,,-,0,No,No,No,-,No,-,No,-,No,-,Active,-,Include,0,0,Include,14327,NULL,NULL
Demo,75586354,Cisco,-,FVH123941,123457274,Parent,C9120AXI-E,1,C9120AX Internal 802.11ax 4x4:4 MIMO;IOT;BT5;mGig;USB;RHL,,,,No Ship Date Available,00:00.0,4501245478,,C9120AX,WIRELESS,ENT. - WIRELESS,CHASSIS,-,-,-,-,Not Defined,10/5/2032 0:00,DEFAULT GROUP,,1016697150,SOUTHAMPTON - 100 HARBOUR PARADE,100 HARBOUR PARADE,,,SOUTHAMPTON,HAMPSHIRE,SO15 1BA,UNITED KINGDOM,No,206345589,Covered,Active,L1NBD,L1NBD,Vendor,Yes,12/1/2024 0:00,1/30/2027 0:00,30400375,USD,121.9,0,4501605158,121.9,,113848222,2238.28,N/A,N/A,N/A,,-,0,No,No,No,-,No,-,No,-,No,-,Active,-,Include,0,0,Include,14327,NULL,NULL
Demo,75586362,Cisco,-,FVH123942,123457275,Parent,C9120AXI-E,1,C9120AX Internal 802.11ax 4x4:4 MIMO;IOT;BT5;mGig;USB;RHL,,,,No Ship Date Available,00:00.0,4501245478,,C9120AX,WIRELESS,ENT. - WIRELESS,CHASSIS,-,-,-,-,Not Defined,10/5/2032 0:00,DEFAULT GROUP,,1016697150,SOUTHAMPTON - 100 HARBOUR PARADE,100 HARBOUR PARADE,,,SOUTHAMPTON,HAMPSHIRE,SO15 1BA,UNITED KINGDOM,No,206345589,Covered,Active,L1NBD,L1NBD,Vendor,Yes,12/1/2024 0:00,1/30/2027 0:00,30400375,USD,121.9,0,4501605158,121.9,,113848222,2238.28,N/A,N/A,N/A,,-,0,No,No,No,-,No,-,No,-,No,-,Active,-,Include,0,0,Include,14327,NULL,NULL
Demo,75586370,Cisco,-,FVH123943,123457276,Parent,C9120AXI-E,1,C9120AX Internal 802.11ax 4x4:4 MIMO;IOT;BT5;mGig;USB;RHL,,,,No Ship Date Available,00:00.0,4501245478,,C9120AX,WIRELESS,ENT. - WIRELESS,CHASSIS,-,-,-,-,Not Defined,10/5/2032 0:00,DEFAULT GROUP,,1016697150,SOUTHAMPTON - 100 HARBOUR PARADE,100 HARBOUR PARADE,,,SOUTHAMPTON,HAMPSHIRE,SO15 1BA,UNITED KINGDOM,No,206345589,Covered,Active,L1NBD,L1NBD,Vendor,Yes,12/1/2024 0:00,1/30/2027 0:00,30400375,USD,121.9,0,4501605158,121.9,,113848222,2238.28,N/A,N/A,N/A,,-,0,No,No,No,-,No,-,No,-,No,-,Active,-,Include,0,0,Include,14327,NULL,NULL
Demo,75586395,Cisco,-,FVH123944,123457277,Parent,C9300-48U-A,1,"Catalyst 9300 48-port UPOE, Network Advantage",,,,No Ship Date Available,00:00.0,4501200005,,C9300,ENTERPRISE SWITCHING,ENT. SWITCHING - ACCESS,CHASSIS,-,-,-,-,Not Defined,7/31/2032 0:00,DEFAULT GROUP,AIDA CRUISES,2001479781,ROSTOCK - AM STRANDE 3,AM STRANDE 3,,,ROSTOCK,,18055,GERMANY,No,200300338,Covered,Active,PSRT,PRTNR SS 8X5XNBD,Vendor,Yes,5/24/2025 0:00,5/23/2027 0:00,,USD,1033.85,0,4501662490,1033.85,,113325001,13640.57,N/A,N/A,N/A,,-,0,No,No,No,-,No,-,No,-,No,-,Active,-,Include,0,0,Include,14327,NULL,NULL
Demo,75586407,Cisco,-,FVH123945,123457278,Parent,C9300-48U-A,1,"Catalyst 9300 48-port UPOE, Network Advantage",,,,No Ship Date Available,00:00.0,4501200005,,C9300,ENTERPRISE SWITCHING,ENT. SWITCHING - ACCESS,CHASSIS,-,-,-,-,Not Defined,7/31/2032 0:00,DEFAULT GROUP,AIDA CRUISES,2001479781,ROSTOCK - AM STRANDE 3,AM STRANDE 3,,,ROSTOCK,,18055,GERMANY,No,206404176,Covered,Active,L1NBD,L1NBD,Vendor,Yes,5/24/2025 0:00,12/31/2025 0:00,,USD,1178.75,0,4501617358,1178.75,,113325001,13640.57,N/A,N/A,N/A,,-,0,No,No,No,-,No,-,No,-,No,-,Active,-,Include,0,0,Include,14327,NULL,NULL
Demo,75586419,Cisco,-,FVH123946,123457279,Parent,C9120AXI-E,1,C9120AX Internal 802.11ax 4x4:4 MIMO;IOT;BT5;mGig;USB;RHL,,,,No Ship Date Available,00:00.0,4501245478,,C9120AX,WIRELESS,ENT. - WIRELESS,CHASSIS,-,-,-,-,Not Defined,9/16/2032 0:00,DEFAULT GROUP,,1016697150,SOUTHAMPTON - 100 HARBOUR PARADE,100 HARBOUR PARADE,,,SOUTHAMPTON,HAMPSHIRE,SO15 1BA,UNITED KINGDOM,No,206345589,Covered,Active,L1NBD,L1NBD,Vendor,Yes,12/1/2024 0:00,1/30/2027 0:00,30400375,USD,121.9,0,4501605158,121.9,,113848222,2238.28,N/A,N/A,N/A,,-,0,No,No,No,-,No,-,No,-,No,-,Active,-,Include,0,0,Include,14327,NULL,NULL
Demo,75586427,Cisco,-,FVH123947,123457280,Parent,C9120AXI-E,1,C9120AX Internal 802.11ax 4x4:4 MIMO;IOT;BT5;mGig;USB;RHL,,,,No Ship Date Available,00:00.0,4501245478,,C9120AX,WIRELESS,ENT. - WIRELESS,CHASSIS,-,-,-,-,Not Defined,9/16/2032 0:00,DEFAULT GROUP,,1016697150,SOUTHAMPTON - 100 HARBOUR PARADE,100 HARBOUR PARADE,,,SOUTHAMPTON,HAMPSHIRE,SO15 1BA,UNITED KINGDOM,No,206345589,Covered,Active,L1NBD,L1NBD,Vendor,Yes,12/1/2024 0:00,1/30/2027 0:00,30400375,USD,121.9,0,4501605158,121.9,,113848222,2238.28,N/A,N/A,N/A,,-,0,No,No,No,-,No,-,No,-,No,-,Active,-,Include,0,0,Include,14327,NULL,NULL
Demo,75586435,Cisco,-,FVH123948,123457281,Parent,C9120AXI-E,1,C9120AX Internal 802.11ax 4x4:4 MIMO;IOT;BT5;mGig;USB;RHL,,,,No Ship Date Available,00:00.0,4501245478,,C9120AX,WIRELESS,ENT. - WIRELESS,CHASSIS,-,-,-,-,Not Defined,9/16/2032 0:00,DEFAULT GROUP,,1016697150,SOUTHAMPTON - 100 HARBOUR PARADE,100 HARBOUR PARADE,,,SOUTHAMPTON,HAMPSHIRE,SO15 1BA,UNITED KINGDOM,No,206345589,Covered,Active,L1NBD,L1NBD,Vendor,Yes,12/1/2024 0:00,1/30/2027 0:00,30400375,USD,121.9,0,4501605158,121.9,,113848222,2238.28,N/A,N/A,N/A,,-,0,No,No,No,-,No,-,No,-,No,-,Active,-,Include,0,0,Include,14327,NULL,NULL
Demo,75586443,Cisco,-,FVH123949,123457282,Parent,C9120AXI-E,1,C9120AX Internal 802.11ax 4x4:4 MIMO;IOT;BT5;mGig;USB;RHL,,,,No Ship Date Available,00:00.0,4501245478,,C9120AX,WIRELESS,ENT. - WIRELESS,CHASSIS,-,-,-,-,Not Defined,9/16/2032 0:00,DEFAULT GROUP,,1016697150,SOUTHAMPTON - 100 HARBOUR PARADE,100 HARBOUR PARADE,,,SOUTHAMPTON,HAMPSHIRE,SO15 1BA,UNITED KINGDOM,No,206345589,Covered,Active,L1NBD,L1NBD,Vendor,Yes,12/1/2024 0:00,1/30/2027 0:00,30400375,USD,121.9,0,4501605158,121.9,,113848222,2238.28,N/A,N/A,N/A,,-,0,No,No,No,-,No,-,No,-,No,-,Active,-,Include,0,0,Include,14327,NULL,NULL
Demo,75586451,Cisco,-,FVH123950,123457283,Parent,C9120AXI-E,1,C9120AX Internal 802.11ax 4x4:4 MIMO;IOT;BT5;mGig;USB;RHL,,,,No Ship Date Available,00:00.0,4501245478,,C9120AX,WIRELESS,ENT. - WIRELESS,CHASSIS,-,-,-,-,Not Defined,9/16/2032 0:00,DEFAULT GROUP,,1016697150,SOUTHAMPTON - 100 HARBOUR PARADE,100 HARBOUR PARADE,,,SOUTHAMPTON,HAMPSHIRE,SO15 1BA,UNITED KINGDOM,No,206345589,Covered,Active,L1NBD,L1NBD,Vendor,Yes,12/1/2024 0:00,1/30/2027 0:00,30400375,USD,121.9,0,4501605158,121.9,,113848222,2238.28,N/A,N/A,N/A,,-,0,No,No,No,-,No,-,No,-,No,-,Active,-,Include,0,0,Include,14327,NULL,NULL
Demo,75586459,Cisco,-,FVH123951,123457284,Parent,C9120AXI-E,1,C9120AX Internal 802.11ax 4x4:4 MIMO;IOT;BT5;mGig;USB;RHL,,,,No Ship Date Available,00:00.0,4501245478,,C9120AX,WIRELESS,ENT. - WIRELESS,CHASSIS,-,-,-,-,Not Defined,9/16/2032 0:00,DEFAULT GROUP,,1016697150,SOUTHAMPTON - 100 HARBOUR PARADE,100 HARBOUR PARADE,,,SOUTHAMPTON,HAMPSHIRE,SO15 1BA,UNITED KINGDOM,No,206345589,Covered,Active,L1NBD,L1NBD,Vendor,Yes,12/1/2024 0:00,1/30/2027 0:00,30400375,USD,121.9,0,4501605158,121.9,,113848222,2238.28,N/A,N/A,N/A,,-,0,No,No,No,-,No,-,No,-,No,-,Active,-,Include,0,0,Include,14327,NULL,NULL
Demo,75586467,Cisco,-,FVH123952,123457285,Parent,C9120AXI-E,1,C9120AX Internal 802.11ax 4x4:4 MIMO;IOT;BT5;mGig;USB;RHL,,,,No Ship Date Available,00:00.0,4501245478,,C9120AX,WIRELESS,ENT. - WIRELESS,CHASSIS,-,-,-,-,Not Defined,9/16/2032 0:00,DEFAULT GROUP,,1016697150,SOUTHAMPTON - 100 HARBOUR PARADE,100 HARBOUR PARADE,,,SOUTHAMPTON,HAMPSHIRE,SO15 1BA,UNITED KINGDOM,No,206345589,Covered,Active,L1NBD,L1NBD,Vendor,Yes,12/1/2024 0:00,1/30/2027 0:00,30400375,USD,121.9,0,4501605158,121.9,,113848222,2238.28,N/A,N/A,N/A,,-,0,No,No,No,-,No,-,No,-,No,-,Active,-,Include,0,0,Include,14327,NULL,NULL
Demo,75586475,Cisco,-,FVH123953,123457286,Parent,C9120AXI-E,1,C9120AX Internal 802.11ax 4x4:4 MIMO;IOT;BT5;mGig;USB;RHL,,,,No Ship Date Available,00:00.0,4501245478,,C9120AX,WIRELESS,ENT. - WIRELESS,CHASSIS,-,-,-,-,Not Defined,9/16/2032 0:00,DEFAULT GROUP,,1016697150,SOUTHAMPTON - 100 HARBOUR PARADE,100 HARBOUR PARADE,,,SOUTHAMPTON,HAMPSHIRE,SO15 1BA,UNITED KINGDOM,No,206345589,Covered,Active,L1NBD,L1NBD,Vendor,Yes,12/1/2024 0:00,1/30/2027 0:00,30400375,USD,121.9,0,4501605158,121.9,,113848222,2238.28,N/A,N/A,N/A,,-,0,No,No,No,-,No,-,No,-,No,-,Active,-,Include,0,0,Include,14327,NULL,NULL
Demo,75586711,Cisco,-,FVH123954,123457287,Parent,C9120AXI-E,1,C9120AX Internal 802.11ax 4x4:4 MIMO;IOT;BT5;mGig;USB;RHL,,,,No Ship Date Available,00:00.0,4501245478,,C9120AX,WIRELESS,ENT. - WIRELESS,CHASSIS,-,-,-,-,Not Defined,9/16/2032 0:00,DEFAULT GROUP,,1016697150,SOUTHAMPTON - 100 HARBOUR PARADE,100 HARBOUR PARADE,,,SOUTHAMPTON,HAMPSHIRE,SO15 1BA,UNITED KINGDOM,No,206345589,Covered,Active,L1NBD,L1NBD,Vendor,Yes,12/1/2024 0:00,1/30/2027 0:00,30400375,USD,121.9,0,4501605158,121.9,,113848222,2238.28,N/A,N/A,N/A,,-,0,No,No,No,-,No,-,No,-,No,-,Active,-,Include,0,0,Include,14327,NULL,NULL
Demo,75586719,Cisco,-,FVH123955,123457288,Parent,C9120AXI-E,1,C9120AX Internal 802.11ax 4x4:4 MIMO;IOT;BT5;mGig;USB;RHL,,,,No Ship Date Available,00:00.0,4501245478,,C9120AX,WIRELESS,ENT. - WIRELESS,CHASSIS,-,-,-,-,Not Defined,9/16/2032 0:00,DEFAULT GROUP,,1016697150,SOUTHAMPTON - 100 HARBOUR PARADE,100 HARBOUR PARADE,,,SOUTHAMPTON,HAMPSHIRE,SO15 1BA,UNITED KINGDOM,No,206345589,Covered,Active,L1NBD,L1NBD,Vendor,Yes,12/1/2024 0:00,1/30/2027 0:00,30400375,USD,121.9,0,4501605158,121.9,,113848222,2238.28,N/A,N/A,N/A,,-,0,No,No,No,-,No,-,No,-,No,-,Active,-,Include,0,0,Include,14327,NULL,NULL
Demo,75586727,Cisco,-,FVH123956,123457289,Parent,C9120AXI-E,1,C9120AX Internal 802.11ax 4x4:4 MIMO;IOT;BT5;mGig;USB;RHL,,,,No Ship Date Available,00:00.0,4501245478,,C9120AX,WIRELESS,ENT. - WIRELESS,CHASSIS,-,-,-,-,Not Defined,9/16/2032 0:00,DEFAULT GROUP,,1016697150,SOUTHAMPTON - 100 HARBOUR PARADE,100 HARBOUR PARADE,,,SOUTHAMPTON,HAMPSHIRE,SO15 1BA,UNITED KINGDOM,No,206345589,Covered,Active,L1NBD,L1NBD,Vendor,Yes,12/1/2024 0:00,1/30/2027 0:00,30400375,USD,121.9,0,4501605158,121.9,,113848222,2238.28,N/A,N/A,N/A,,-,0,No,No,No,-,No,-,No,-,No,-,Active,-,Include,0,0,Include,14327,NULL,NULL
Demo,75586735,Cisco,-,FVH123957,123457290,Parent,C9120AXI-E,1,C9120AX Internal 802.11ax 4x4:4 MIMO;IOT;BT5;mGig;USB;RHL,,,,No Ship Date Available,00:00.0,4501245478,,C9120AX,WIRELESS,ENT. - WIRELESS,CHASSIS,-,-,-,-,Not Defined,9/16/2032 0:00,DEFAULT GROUP,,1016697150,SOUTHAMPTON - 100 HARBOUR PARADE,100 HARBOUR PARADE,,,SOUTHAMPTON,HAMPSHIRE,SO15 1BA,UNITED KINGDOM,No,206345589,Covered,Active,L1NBD,L1NBD,Vendor,Yes,12/1/2024 0:00,1/30/2027 0:00,30400375,USD,121.9,0,4501605158,121.9,,113848222,2238.28,N/A,N/A,N/A,,-,0,No,No,No,-,No,-,No,-,No,-,Active,-,Include,0,0,Include,14327,NULL,NULL
Demo,75586743,Cisco,-,FVH123958,123457291,Parent,C9120AXI-E,1,C9120AX Internal 802.11ax 4x4:4 MIMO;IOT;BT5;mGig;USB;RHL,,,,No Ship Date Available,00:00.0,4501245478,,C9120AX,WIRELESS,ENT. - WIRELESS,CHASSIS,-,-,-,-,Not Defined,9/16/2032 0:00,DEFAULT GROUP,,1016697150,SOUTHAMPTON - 100 HARBOUR PARADE,100 HARBOUR PARADE,,,SOUTHAMPTON,HAMPSHIRE,SO15 1BA,UNITED KINGDOM,No,206345589,Covered,Active,L1NBD,L1NBD,Vendor,Yes,12/1/2024 0:00,1/30/2027 0:00,30400375,USD,121.9,0,4501605158,121.9,,113848222,2238.28,N/A,N/A,N/A,,-,0,No,No,No,-,No,-,No,-,No,-,Active,-,Include,0,0,Include,14327,NULL,NULL
Demo,75586751,Cisco,-,FVH123959,123457292,Parent,C9120AXI-E,1,C9120AX Internal 802.11ax 4x4:4 MIMO;IOT;BT5;mGig;USB;RHL,,,,No Ship Date Available,00:00.0,4501245478,,C9120AX,WIRELESS,ENT. - WIRELESS,CHASSIS,-,-,-,-,Not Defined,9/16/2032 0:00,DEFAULT GROUP,,1016697150,SOUTHAMPTON - 100 HARBOUR PARADE,100 HARBOUR PARADE,,,SOUTHAMPTON,HAMPSHIRE,SO15 1BA,UNITED KINGDOM,No,206345589,Covered,Active,L1NBD,L1NBD,Vendor,Yes,12/1/2024 0:00,1/30/2027 0:00,30400375,USD,121.9,0,4501605158,121.9,,113848222,2238.28,N/A,N/A,N/A,,-,0,No,No,No,-,No,-,No,-,No,-,Active,-,Include,0,0,Include,14327,NULL,NULL
Demo,75586759,Cisco,-,FVH123960,123457293,Parent,C9120AXI-E,1,C9120AX Internal 802.11ax 4x4:4 MIMO;IOT;BT5;mGig;USB;RHL,,,,No Ship Date Available,00:00.0,4501245478,,C9120AX,WIRELESS,ENT. - WIRELESS,CHASSIS,-,-,-,-,Not Defined,9/16/2032 0:00,DEFAULT GROUP,,1016697150,SOUTHAMPTON - 100 HARBOUR PARADE,100 HARBOUR PARADE,,,SOUTHAMPTON,HAMPSHIRE,SO15 1BA,UNITED KINGDOM,No,206345589,Covered,Active,L1NBD,L1NBD,Vendor,Yes,12/1/2024 0:00,1/30/2027 0:00,30400375,USD,121.9,0,4501605158,121.9,,113848222,2238.28,N/A,N/A,N/A,,-,0,No,No,No,-,No,-,No,-,No,-,Active,-,Include,0,0,Include,14327,NULL,NULL
Demo,75586909,Cisco,-,FVH123961,123457294,Parent,C9300-48U-A,1,"Catalyst 9300 48-port UPOE, Network Advantage",,,,No Ship Date Available,00:00.0,4501200005,,C9300,ENTERPRISE SWITCHING,ENT. SWITCHING - ACCESS,CHASSIS,-,-,-,-,Not Defined,7/31/2032 0:00,DEFAULT GROUP,AIDA CRUISES,2001479781,ROSTOCK - AM STRANDE 3,AM STRANDE 3,,,ROSTOCK,,18055,GERMANY,No,206404176,Covered,Active,L1NBD,L1NBD,Vendor,Yes,5/24/2025 0:00,12/31/2025 0:00,,USD,1178.75,0,4501617358,1178.75,,113325001,13640.57,N/A,N/A,N/A,,-,0,No,No,No,-,No,-,No,-,No,-,Active,-,Include,0,0,Include,14327,NULL,NULL
Demo,75586921,Cisco,-,FVH123962,123457295,Parent,C9120AXI-E,1,C9120AX Internal 802.11ax 4x4:4 MIMO;IOT;BT5;mGig;USB;RHL,,,,No Ship Date Available,00:00.0,4501245478,,C9120AX,WIRELESS,ENT. - WIRELESS,CHASSIS,-,-,-,-,Not Defined,9/16/2032 0:00,DEFAULT GROUP,,1016697150,SOUTHAMPTON - 100 HARBOUR PARADE,100 HARBOUR PARADE,,,SOUTHAMPTON,HAMPSHIRE,SO15 1BA,UNITED KINGDOM,No,206345589,Covered,Active,L1NBD,L1NBD,Vendor,Yes,12/1/2024 0:00,1/30/2027 0:00,30400375,USD,121.9,0,4501605158,121.9,,113848222,2238.28,N/A,N/A,N/A,,-,0,No,No,No,-,No,-,No,-,No,-,Active,-,Include,0,0,Include,14327,NULL,NULL
Demo,75586929,Cisco,-,FVH123963,123457296,Parent,C9120AXI-E,1,C9120AX Internal 802.11ax 4x4:4 MIMO;IOT;BT5;mGig;USB;RHL,,,,No Ship Date Available,00:00.0,4501245478,,C9120AX,WIRELESS,ENT. - WIRELESS,CHASSIS,-,-,-,-,Not Defined,9/16/2032 0:00,DEFAULT GROUP,,1016697150,SOUTHAMPTON - 100 HARBOUR PARADE,100 HARBOUR PARADE,,,SOUTHAMPTON,HAMPSHIRE,SO15 1BA,UNITED KINGDOM,No,206345589,Covered,Active,L1NBD,L1NBD,Vendor,Yes,12/1/2024 0:00,1/30/2027 0:00,30400375,USD,121.9,0,4501605158,121.9,,113848222,2238.28,N/A,N/A,N/A,,-,0,No,No,No,-,No,-,No,-,No,-,Active,-,Include,0,0,Include,14327,NULL,NULL
Demo,75586937,Cisco,-,FVH123964,123457297,Parent,C9120AXI-E,1,C9120AX Internal 802.11ax 4x4:4 MIMO;IOT;BT5;mGig;USB;RHL,,,,No Ship Date Available,00:00.0,4501245478,,C9120AX,WIRELESS,ENT. - WIRELESS,CHASSIS,-,-,-,-,Not Defined,9/16/2032 0:00,DEFAULT GROUP,,1016697150,SOUTHAMPTON - 100 HARBOUR PARADE,100 HARBOUR PARADE,,,SOUTHAMPTON,HAMPSHIRE,SO15 1BA,UNITED KINGDOM,No,206345589,Covered,Active,L1NBD,L1NBD,Vendor,Yes,12/1/2024 0:00,1/30/2027 0:00,30400375,USD,121.9,0,4501605158,121.9,,113848222,2238.28,N/A,N/A,N/A,,-,0,No,No,No,-,No,-,No,-,No,-,Active,-,Include,0,0,Include,14327,NULL,NULL
Demo,75587057,Cisco,-,FVH123965,123457298,Parent,C9300-48P-A,1,"Catalyst 9300 48-port PoE+, Network Advantage",,,,No Ship Date Available,00:00.0,4501941627,,C9300,ENTERPRISE SWITCHING,ENT. SWITCHING - ACCESS,CHASSIS,-,-,-,-,Not Defined,7/21/2031 0:00,DEFAULT GROUP,,1016697150,SOUTHAMPTON - 100 HARBOUR PARADE,100 HARBOUR PARADE,,,SOUTHAMPTON,HAMPSHIRE,SO15 1BA,UNITED KINGDOM,No,206345589,Covered,Active,L1NBD,L1NBD,Vendor,Yes,12/1/2024 0:00,1/30/2027 0:00,30400375,USD,1064.9,0,4501605158,1064.9,,112044230,12382.04,N/A,N/A,N/A,,-,0,No,No,No,-,No,-,No,-,No,-,Active,-,Include,0,0,Include,14327,NULL,NULL
Demo,75587101,Cisco,-,FVH123966,123457299,Parent,C9300-48U-A,1,"Catalyst 9300 48-port UPOE, Network Advantage",,,,No Ship Date Available,00:00.0,4501200005,,C9300,ENTERPRISE SWITCHING,ENT. SWITCHING - ACCESS,CHASSIS,-,-,-,-,Not Defined,7/31/2032 0:00,DEFAULT GROUP,AIDA CRUISES,2001479781,ROSTOCK - AM STRANDE 3,AM STRANDE 3,,,ROSTOCK,,18055,GERMANY,No,206404176,Covered,Active,L1NBD,L1NBD,Vendor,Yes,5/24/2025 0:00,12/31/2025 0:00,,USD,1178.75,0,4501617358,1178.75,,113325001,13640.57,N/A,N/A,N/A,,-,0,No,No,No,-,No,-,No,-,No,-,Active,-,Include,0,0,Include,14327,NULL,NULL
Demo,75587113,Cisco,-,FVH123967,123457300,Parent,C9120AXI-E,1,C9120AX Internal 802.11ax 4x4:4 MIMO;IOT;BT5;mGig;USB;RHL,,,,No Ship Date Available,00:00.0,4501245478,,C9120AX,WIRELESS,ENT. - WIRELESS,CHASSIS,-,-,-,-,Not Defined,9/16/2032 0:00,DEFAULT GROUP,,1016697150,SOUTHAMPTON - 100 HARBOUR PARADE,100 HARBOUR PARADE,,,SOUTHAMPTON,HAMPSHIRE,SO15 1BA,UNITED KINGDOM,No,206345589,Covered,Active,L1NBD,L1NBD,Vendor,Yes,12/1/2024 0:00,1/30/2027 0:00,30400375,USD,121.9,0,4501605158,121.9,,113848222,2238.28,N/A,N/A,N/A,,-,0,No,No,No,-,No,-,No,-,No,-,Active,-,Include,0,0,Include,14327,NULL,NULL
Demo,75587121,Cisco,-,FVH123968,123457301,Parent,C9120AXI-E,1,C9120AX Internal 802.11ax 4x4:4 MIMO;IOT;BT5;mGig;USB;RHL,,,,No Ship Date Available,00:00.0,4501245478,,C9120AX,WIRELESS,ENT. - WIRELESS,CHASSIS,-,-,-,-,Not Defined,9/16/2032 0:00,DEFAULT GROUP,,1016697150,SOUTHAMPTON - 100 HARBOUR PARADE,100 HARBOUR PARADE,,,SOUTHAMPTON,HAMPSHIRE,SO15 1BA,UNITED KINGDOM,No,206345589,Covered,Active,L1NBD,L1NBD,Vendor,Yes,12/1/2024 0:00,1/30/2027 0:00,30400375,USD,121.9,0,4501605158,121.9,,113848222,2238.28,N/A,N/A,N/A,,-,0,No,No,No,-,No,-,No,-,No,-,Active,-,Include,0,0,Include,14327,NULL,NULL
Demo,75587129,Cisco,-,FVH123969,123457302,Parent,C9120AXI-E,1,C9120AX Internal 802.11ax 4x4:4 MIMO;IOT;BT5;mGig;USB;RHL,,,,No Ship Date Available,00:00.0,4501245478,,C9120AX,WIRELESS,ENT. - WIRELESS,CHASSIS,-,-,-,-,Not Defined,9/16/2032 0:00,DEFAULT GROUP,,1016697150,SOUTHAMPTON - 100 HARBOUR PARADE,100 HARBOUR PARADE,,,SOUTHAMPTON,HAMPSHIRE,SO15 1BA,UNITED KINGDOM,No,206345589,Covered,Active,L1NBD,L1NBD,Vendor,Yes,12/1/2024 0:00,1/30/2027 0:00,30400375,USD,121.9,0,4501605158,121.9,,113848222,2238.28,N/A,N/A,N/A,,-,0,No,No,No,-,No,-,No,-,No,-,Active,-,Include,0,0,Include,14327,NULL,NULL
Demo,75587137,Cisco,-,FVH123970,123457303,Parent,C9120AXI-E,1,C9120AX Internal 802.11ax 4x4:4 MIMO;IOT;BT5;mGig;USB;RHL,,,,No Ship Date Available,00:00.0,4501245478,,C9120AX,WIRELESS,ENT. - WIRELESS,CHASSIS,-,-,-,-,Not Defined,9/16/2032 0:00,DEFAULT GROUP,,1016697150,SOUTHAMPTON - 100 HARBOUR PARADE,100 HARBOUR PARADE,,,SOUTHAMPTON,HAMPSHIRE,SO15 1BA,UNITED KINGDOM,No,206345589,Covered,Active,L1NBD,L1NBD,Vendor,Yes,12/1/2024 0:00,1/30/2027 0:00,30400375,USD,121.9,0,4501605158,121.9,,113848222,2238.28,N/A,N/A,N/A,,-,0,No,No,No,-,No,-,No,-,No,-,Active,-,Include,0,0,Include,14327,NULL,NULL
Demo,75587145,Cisco,-,FVH123971,123457304,Parent,C9120AXI-E,1,C9120AX Internal 802.11ax 4x4:4 MIMO;IOT;BT5;mGig;USB;RHL,,,,No Ship Date Available,00:00.0,4501245478,,C9120AX,WIRELESS,ENT. - WIRELESS,CHASSIS,-,-,-,-,Not Defined,9/16/2032 0:00,DEFAULT GROUP,,1016697150,SOUTHAMPTON - 100 HARBOUR PARADE,100 HARBOUR PARADE,,,SOUTHAMPTON,HAMPSHIRE,SO15 1BA,UNITED KINGDOM,No,206345589,Covered,Active,L1NBD,L1NBD,Vendor,Yes,12/1/2024 0:00,1/30/2027 0:00,30400375,USD,121.9,0,4501605158,121.9,,113848222,2238.28,N/A,N/A,N/A,,-,0,No,No,No,-,No,-,No,-,No,-,Active,-,Include,0,0,Include,14327,NULL,NULL
Demo,75587153,Cisco,-,FVH123972,123457305,Parent,C9120AXI-E,1,C9120AX Internal 802.11ax 4x4:4 MIMO;IOT;BT5;mGig;USB;RHL,,,,No Ship Date Available,00:00.0,4501245478,,C9120AX,WIRELESS,ENT. - WIRELESS,CHASSIS,-,-,-,-,Not Defined,9/16/2032 0:00,DEFAULT GROUP,,1016697150,SOUTHAMPTON - 100 HARBOUR PARADE,100 HARBOUR PARADE,,,SOUTHAMPTON,HAMPSHIRE,SO15 1BA,UNITED KINGDOM,No,206345589,Covered,Active,L1NBD,L1NBD,Vendor,Yes,12/1/2024 0:00,1/30/2027 0:00,30400375,USD,121.9,0,4501605158,121.9,,113848222,2238.28,N/A,N/A,N/A,,-,0,No,No,No,-,No,-,No,-,No,-,Active,-,Include,0,0,Include,14327,NULL,NULL
Demo,75587161,Cisco,-,FVH123973,123457306,Parent,C9120AXI-E,1,C9120AX Internal 802.11ax 4x4:4 MIMO;IOT;BT5;mGig;USB;RHL,,,,No Ship Date Available,00:00.0,4501245478,,C9120AX,WIRELESS,ENT. - WIRELESS,CHASSIS,-,-,-,-,Not Defined,9/16/2032 0:00,DEFAULT GROUP,,1016697150,SOUTHAMPTON - 100 HARBOUR PARADE,100 HARBOUR PARADE,,,SOUTHAMPTON,HAMPSHIRE,SO15 1BA,UNITED KINGDOM,No,206345589,Covered,Active,L1NBD,L1NBD,Vendor,Yes,12/1/2024 0:00,1/30/2027 0:00,30400375,USD,121.9,0,4501605158,121.9,,113848222,2238.28,N/A,N/A,N/A,,-,0,No,No,No,-,No,-,No,-,No,-,Active,-,Include,0,0,Include,14327,NULL,NULL
Demo,75587169,Cisco,-,FVH123974,123457307,Parent,C9120AXI-E,1,C9120AX Internal 802.11ax 4x4:4 MIMO;IOT;BT5;mGig;USB;RHL,,,,No Ship Date Available,00:00.0,4501245478,,C9120AX,WIRELESS,ENT. - WIRELESS,CHASSIS,-,-,-,-,Not Defined,9/16/2032 0:00,DEFAULT GROUP,,1016697150,SOUTHAMPTON - 100 HARBOUR PARADE,100 HARBOUR PARADE,,,SOUTHAMPTON,HAMPSHIRE,SO15 1BA,UNITED KINGDOM,No,206345589,Covered,Active,L1NBD,L1NBD,Vendor,Yes,12/1/2024 0:00,1/30/2027 0:00,30400375,USD,121.9,0,4501605158,121.9,,113848222,2238.28,N/A,N/A,N/A,,-,0,No,No,No,-,No,-,No,-,No,-,Active,-,Include,0,0,Include,14327,NULL,NULL
Demo,75587177,Cisco,-,FVH123975,123457308,Parent,C9120AXI-E,1,C9120AX Internal 802.11ax 4x4:4 MIMO;IOT;BT5;mGig;USB;RHL,,,,No Ship Date Available,00:00.0,4501245478,,C9120AX,WIRELESS,ENT. - WIRELESS,CHASSIS,-,-,-,-,Not Defined,9/16/2032 0:00,DEFAULT GROUP,,1016697150,SOUTHAMPTON - 100 HARBOUR PARADE,100 HARBOUR PARADE,,,SOUTHAMPTON,HAMPSHIRE,SO15 1BA,UNITED KINGDOM,No,206345589,Covered,Active,L1NBD,L1NBD,Vendor,Yes,12/1/2024 0:00,1/30/2027 0:00,30400375,USD,121.9,0,4501605158,121.9,,113848222,2238.28,N/A,N/A,N/A,,-,0,No,No,No,-,No,-,No,-,No,-,Active,-,Include,0,0,Include,14327,NULL,NULL
Demo,75587185,Cisco,-,FVH123976,123457309,Parent,C9300-48P-A,1,"Catalyst 9300 48-port PoE+, Network Advantage",,,,No Ship Date Available,00:00.0,4501931967,,C9300,ENTERPRISE SWITCHING,ENT. SWITCHING - ACCESS,CHASSIS,-,-,-,-,Not Defined,8/25/2031 0:00,DEFAULT GROUP,,1016697150,SOUTHAMPTON - 100 HARBOUR PARADE,100 HARBOUR PARADE,,,SOUTHAMPTON,HAMPSHIRE,SO15 1BA,UNITED KINGDOM,No,206345589,Covered,Active,L1NBD,L1NBD,Vendor,Yes,12/1/2024 0:00,1/30/2027 0:00,30400375,USD,1064.9,0,4501605158,1064.9,,112000874,12382.04,N/A,N/A,N/A,,-,0,No,No,No,-,No,-,No,-,No,-,Active,-,Include,0,0,Include,14327,NULL,NULL
Demo,75587392,Cisco,-,FVH123977,123457310,Parent,C9300-48U-A,1,"Catalyst 9300 48-port UPOE, Network Advantage",,,,No Ship Date Available,00:00.0,4501200005,,C9300,ENTERPRISE SWITCHING,ENT. SWITCHING - ACCESS,CHASSIS,-,-,-,-,Not Defined,7/31/2032 0:00,DEFAULT GROUP,AIDA CRUISES,2001479781,ROSTOCK - AM STRANDE 3,AM STRANDE 3,,,ROSTOCK,,18055,GERMANY,No,206404176,Covered,Active,L1NBD,L1NBD,Vendor,Yes,5/25/2025 0:00,12/31/2025 0:00,,USD,1178.75,0,4501617358,1178.75,,113325001,13640.57,N/A,N/A,N/A,,-,0,No,No,No,-,No,-,No,-,No,-,Active,-,Include,0,0,Include,14327,NULL,NULL
Demo,75587404,Cisco,-,FVH123978,123457311,Parent,C9120AXI-E,1,C9120AX Internal 802.11ax 4x4:4 MIMO;IOT;BT5;mGig;USB;RHL,,,,No Ship Date Available,00:00.0,4501245478,,C9120AX,WIRELESS,ENT. - WIRELESS,CHASSIS,-,-,-,-,Not Defined,9/16/2032 0:00,DEFAULT GROUP,,1016697150,SOUTHAMPTON - 100 HARBOUR PARADE,100 HARBOUR PARADE,,,SOUTHAMPTON,HAMPSHIRE,SO15 1BA,UNITED KINGDOM,No,206345589,Covered,Active,L1NBD,L1NBD,Vendor,Yes,12/1/2024 0:00,1/30/2027 0:00,30400375,USD,121.9,0,4501605158,121.9,,113848222,2238.28,N/A,N/A,N/A,,-,0,No,No,No,-,No,-,No,-,No,-,Active,-,Include,0,0,Include,14327,NULL,NULL
Demo,75587412,Cisco,-,FVH123979,123457312,Parent,C9120AXI-E,1,C9120AX Internal 802.11ax 4x4:4 MIMO;IOT;BT5;mGig;USB;RHL,,,,No Ship Date Available,00:00.0,4501245478,,C9120AX,WIRELESS,ENT. - WIRELESS,CHASSIS,-,-,-,-,Not Defined,9/16/2032 0:00,DEFAULT GROUP,,1016697150,SOUTHAMPTON - 100 HARBOUR PARADE,100 HARBOUR PARADE,,,SOUTHAMPTON,HAMPSHIRE,SO15 1BA,UNITED KINGDOM,No,206345589,Covered,Active,L1NBD,L1NBD,Vendor,Yes,12/1/2024 0:00,1/30/2027 0:00,30400375,USD,121.9,0,4501605158,121.9,,113848222,2238.28,N/A,N/A,N/A,,-,0,No,No,No,-,No,-,No,-,No,-,Active,-,Include,0,0,Include,14327,NULL,NULL
Demo,75587420,Cisco,-,FVH123980,123457313,Parent,C9120AXI-E,1,C9120AX Internal 802.11ax 4x4:4 MIMO;IOT;BT5;mGig;USB;RHL,,,,No Ship Date Available,00:00.0,4501245478,,C9120AX,WIRELESS,ENT. - WIRELESS,CHASSIS,-,-,-,-,Not Defined,9/16/2032 0:00,DEFAULT GROUP,,1016697150,SOUTHAMPTON - 100 HARBOUR PARADE,100 HARBOUR PARADE,,,SOUTHAMPTON,HAMPSHIRE,SO15 1BA,UNITED KINGDOM,No,206345589,Covered,Active,L1NBD,L1NBD,Vendor,Yes,12/1/2024 0:00,1/30/2027 0:00,30400375,USD,121.9,0,4501605158,121.9,,113848222,2238.28,N/A,N/A,N/A,,-,0,No,No,No,-,No,-,No,-,No,-,Active,-,Include,0,0,Include,14327,NULL,NULL
Demo,75587428,Cisco,-,FVH123981,123457314,Parent,C9120AXI-E,1,C9120AX Internal 802.11ax 4x4:4 MIMO;IOT;BT5;mGig;USB;RHL,,,,No Ship Date Available,00:00.0,4501245478,,C9120AX,WIRELESS,ENT. - WIRELESS,CHASSIS,-,-,-,-,Not Defined,9/16/2032 0:00,DEFAULT GROUP,,1016697150,SOUTHAMPTON - 100 HARBOUR PARADE,100 HARBOUR PARADE,,,SOUTHAMPTON,HAMPSHIRE,SO15 1BA,UNITED KINGDOM,No,206345589,Covered,Active,L1NBD,L1NBD,Vendor,Yes,12/1/2024 0:00,1/30/2027 0:00,30400375,USD,121.9,0,4501605158,121.9,,113848222,2238.28,N/A,N/A,N/A,,-,0,No,No,No,-,No,-,No,-,No,-,Active,-,Include,0,0,Include,14327,NULL,NULL
Demo,75587436,Cisco,-,FVH123982,123457315,Parent,C9120AXI-E,1,C9120AX Internal 802.11ax 4x4:4 MIMO;IOT;BT5;mGig;USB;RHL,,,,No Ship Date Available,00:00.0,4501245478,,C9120AX,WIRELESS,ENT. - WIRELESS,CHASSIS,-,-,-,-,Not Defined,9/16/2032 0:00,DEFAULT GROUP,,1016697150,SOUTHAMPTON - 100 HARBOUR PARADE,100 HARBOUR PARADE,,,SOUTHAMPTON,HAMPSHIRE,SO15 1BA,UNITED KINGDOM,No,206345589,Covered,Active,L1NBD,L1NBD,Vendor,Yes,12/1/2024 0:00,1/30/2027 0:00,30400375,USD,121.9,0,4501605158,121.9,,113848222,2238.28,N/A,N/A,N/A,,-,0,No,No,No,-,No,-,No,-,No,-,Active,-,Include,0,0,Include,14327,NULL,NULL
Demo,75587444,Cisco,-,FVH123983,123457316,Parent,C9120AXI-E,1,C9120AX Internal 802.11ax 4x4:4 MIMO;IOT;BT5;mGig;USB;RHL,,,,No Ship Date Available,00:00.0,4501245478,,C9120AX,WIRELESS,ENT. - WIRELESS,CHASSIS,-,-,-,-,Not Defined,9/16/2032 0:00,DEFAULT GROUP,,1016697150,SOUTHAMPTON - 100 HARBOUR PARADE,100 HARBOUR PARADE,,,SOUTHAMPTON,HAMPSHIRE,SO15 1BA,UNITED KINGDOM,No,206345589,Covered,Active,L1NBD,L1NBD,Vendor,Yes,12/1/2024 0:00,1/30/2027 0:00,30400375,USD,121.9,0,4501605158,121.9,,113848222,2238.28,N/A,N/A,N/A,,-,0,No,No,No,-,No,-,No,-,No,-,Active,-,Include,0,0,Include,14327,NULL,NULL
Demo,75587452,Cisco,-,FVH123984,123457317,Parent,C9120AXI-E,1,C9120AX Internal 802.11ax 4x4:4 MIMO;IOT;BT5;mGig;USB;RHL,,,,No Ship Date Available,00:00.0,4501245478,,C9120AX,WIRELESS,ENT. - WIRELESS,CHASSIS,-,-,-,-,Not Defined,9/16/2032 0:00,DEFAULT GROUP,,1016697150,SOUTHAMPTON - 100 HARBOUR PARADE,100 HARBOUR PARADE,,,SOUTHAMPTON,HAMPSHIRE,SO15 1BA,UNITED KINGDOM,No,206345589,Covered,Active,L1NBD,L1NBD,Vendor,Yes,12/1/2024 0:00,1/30/2027 0:00,30400375,USD,121.9,0,4501605158,121.9,,113848222,2238.28,N/A,N/A,N/A,,-,0,No,No,No,-,No,-,No,-,No,-,Active,-,Include,0,0,Include,14327,NULL,NULL
Demo,75587628,Cisco,-,FVH123985,123457318,Parent,C9120AXI-E,1,C9120AX Internal 802.11ax 4x4:4 MIMO;IOT;BT5;mGig;USB;RHL,,,,No Ship Date Available,00:00.0,4501245478,,C9120AX,WIRELESS,ENT. - WIRELESS,CHASSIS,-,-,-,-,Not Defined,9/16/2032 0:00,DEFAULT GROUP,,1016697150,SOUTHAMPTON - 100 HARBOUR PARADE,100 HARBOUR PARADE,,,SOUTHAMPTON,HAMPSHIRE,SO15 1BA,UNITED KINGDOM,No,206345589,Covered,Active,L1NBD,L1NBD,Vendor,Yes,12/1/2024 0:00,1/30/2027 0:00,30400375,USD,121.9,0,4501605158,121.9,,113848222,2238.28,N/A,N/A,N/A,,-,0,No,No,No,-,No,-,No,-,No,-,Active,-,Include,0,0,Include,14327,NULL,NULL
Demo,75587875,Cisco,-,FVH123986,123457319,Parent,C9120AXI-E,1,C9120AX Internal 802.11ax 4x4:4 MIMO;IOT;BT5;mGig;USB;RHL,,,,No Ship Date Available,00:00.0,4501245478,,C9120AX,WIRELESS,ENT. - WIRELESS,CHASSIS,-,-,-,-,Not Defined,9/16/2032 0:00,DEFAULT GROUP,,1016697150,SOUTHAMPTON - 100 HARBOUR PARADE,100 HARBOUR PARADE,,,SOUTHAMPTON,HAMPSHIRE,SO15 1BA,UNITED KINGDOM,No,206345589,Covered,Active,L1NBD,L1NBD,Vendor,Yes,12/1/2024 0:00,1/30/2027 0:00,30400375,USD,121.9,0,4501605158,121.9,,113848222,2238.28,N/A,N/A,N/A,,-,0,No,No,No,-,No,-,No,-,No,-,Active,-,Include,0,0,Include,14327,NULL,NULL
Demo,75587883,Cisco,-,FVH123987,123457320,Parent,C9120AXI-E,1,C9120AX Internal 802.11ax 4x4:4 MIMO;IOT;BT5;mGig;USB;RHL,,,,No Ship Date Available,00:00.0,4501245478,,C9120AX,WIRELESS,ENT. - WIRELESS,CHASSIS,-,-,-,-,Not Defined,9/16/2032 0:00,DEFAULT GROUP,,1016697150,SOUTHAMPTON - 100 HARBOUR PARADE,100 HARBOUR PARADE,,,SOUTHAMPTON,HAMPSHIRE,SO15 1BA,UNITED KINGDOM,No,206345589,Covered,Active,L1NBD,L1NBD,Vendor,Yes,12/1/2024 0:00,1/30/2027 0:00,30400375,USD,121.9,0,4501605158,121.9,,113848222,2238.28,N/A,N/A,N/A,,-,0,No,No,No,-,No,-,No,-,No,-,Active,-,Include,0,0,Include,14327,NULL,NULL
Demo,75587891,Cisco,-,FVH123988,123457321,Parent,C9120AXI-E,1,C9120AX Internal 802.11ax 4x4:4 MIMO;IOT;BT5;mGig;USB;RHL,,,,No Ship Date Available,00:00.0,4501245478,,C9120AX,WIRELESS,ENT. - WIRELESS,CHASSIS,-,-,-,-,Not Defined,9/16/2032 0:00,DEFAULT GROUP,,1016697150,SOUTHAMPTON - 100 HARBOUR PARADE,100 HARBOUR PARADE,,,SOUTHAMPTON,HAMPSHIRE,SO15 1BA,UNITED KINGDOM,No,206345589,Covered,Active,L1NBD,L1NBD,Vendor,Yes,12/1/2024 0:00,1/30/2027 0:00,30400375,USD,121.9,0,4501605158,121.9,,113848222,2238.28,N/A,N/A,N/A,,-,0,No,No,No,-,No,-,No,-,No,-,Active,-,Include,0,0,Include,14327,NULL,NULL
Demo,75587899,Cisco,-,FVH123989,123457322,Parent,C9120AXI-E,1,C9120AX Internal 802.11ax 4x4:4 MIMO;IOT;BT5;mGig;USB;RHL,,,,No Ship Date Available,00:00.0,4501245478,,C9120AX,WIRELESS,ENT. - WIRELESS,CHASSIS,-,-,-,-,Not Defined,9/16/2032 0:00,DEFAULT GROUP,,1016697150,SOUTHAMPTON - 100 HARBOUR PARADE,100 HARBOUR PARADE,,,SOUTHAMPTON,HAMPSHIRE,SO15 1BA,UNITED KINGDOM,No,206345589,Covered,Active,L1NBD,L1NBD,Vendor,Yes,12/1/2024 0:00,1/30/2027 0:00,30400375,USD,121.9,0,4501605158,121.9,,113848222,2238.28,N/A,N/A,N/A,,-,0,No,No,No,-,No,-,No,-,No,-,Active,-,Include,0,0,Include,14327,NULL,NULL
Demo,75587991,Cisco,-,FVH123990,123457323,Parent,C9300-48U-E,1,"Catalyst 9300 48-port UPOE, Network Essentials",,,,No Ship Date Available,00:00.0,4501099794,,C9300,ENTERPRISE SWITCHING,ENT. SWITCHING - ACCESS,CHASSIS,-,-,-,-,Not Defined,9/25/2031 0:00,DEFAULT GROUP,AIDA CRUISES,2001479781,ROSTOCK - AM STRANDE 3,AM STRANDE 3,,,ROSTOCK,,18055,GERMANY,No,200300338,Covered,Active,PSRT,PRTNR SS 8X5XNBD,Vendor,Yes,7/25/2021 0:00,7/24/2026 0:00,,USD,522.46,0,4501099794,1033.85,,112272978,13640.57,N/A,N/A,N/A,,-,0,No,No,No,-,No,-,No,-,No,-,Active,-,Include,0,0,Include,14327,NULL,NULL
Demo,75588003,Cisco,-,FVH123991,123457324,Parent,C9300-48U-E,1,"Catalyst 9300 48-port UPOE, Network Essentials",,,,No Ship Date Available,00:00.0,4501099794,,C9300,ENTERPRISE SWITCHING,ENT. SWITCHING - ACCESS,CHASSIS,-,-,-,-,Not Defined,9/25/2031 0:00,DEFAULT GROUP,AIDA CRUISES,2001479781,ROSTOCK - AM STRANDE 3,AM STRANDE 3,,,ROSTOCK,,18055,GERMANY,No,200300338,Covered,Active,PSRT,PRTNR SS 8X5XNBD,Vendor,Yes,7/25/2021 0:00,7/24/2026 0:00,,USD,522.46,0,4501099794,1033.85,,112272978,13640.57,N/A,N/A,N/A,,-,0,No,No,No,-,No,-,No,-,No,-,Active,-,Include,0,0,Include,14327,NULL,NULL
Demo,75588015,Cisco,-,FVH123992,123457325,Parent,C9300-48U-E,1,"Catalyst 9300 48-port UPOE, Network Essentials",,,,No Ship Date Available,00:00.0,4501099794,,C9300,ENTERPRISE SWITCHING,ENT. SWITCHING - ACCESS,CHASSIS,-,-,-,-,Not Defined,9/25/2031 0:00,DEFAULT GROUP,AIDA CRUISES,2001479781,ROSTOCK - AM STRANDE 3,AM STRANDE 3,,,ROSTOCK,,18055,GERMANY,No,200300338,Covered,Active,PSRT,PRTNR SS 8X5XNBD,Vendor,Yes,7/25/2021 0:00,7/24/2026 0:00,,USD,522.46,0,4501099794,1033.85,,112272978,13640.57,N/A,N/A,N/A,,-,0,No,No,No,-,No,-,No,-,No,-,Active,-,Include,0,0,Include,14327,NULL,NULL
Demo,75588027,Cisco,-,FVH123993,123457326,Parent,C9120AXI-E,1,C9120AX Internal 802.11ax 4x4:4 MIMO;IOT;BT5;mGig;USB;RHL,,,,No Ship Date Available,00:00.0,4501245478,,C9120AX,WIRELESS,ENT. - WIRELESS,CHASSIS,-,-,-,-,Not Defined,9/16/2032 0:00,DEFAULT GROUP,,1016697150,SOUTHAMPTON - 100 HARBOUR PARADE,100 HARBOUR PARADE,,,SOUTHAMPTON,HAMPSHIRE,SO15 1BA,UNITED KINGDOM,No,206345589,Covered,Active,L1NBD,L1NBD,Vendor,Yes,12/1/2024 0:00,1/30/2027 0:00,30400375,USD,121.9,0,4501605158,121.9,,113848222,2238.28,N/A,N/A,N/A,,-,0,No,No,No,-,No,-,No,-,No,-,Active,-,Include,0,0,Include,14327,NULL,NULL
Demo,75588035,Cisco,-,FVH123994,123457327,Parent,C9120AXI-E,1,C9120AX Internal 802.11ax 4x4:4 MIMO;IOT;BT5;mGig;USB;RHL,,,,No Ship Date Available,00:00.0,4501245478,,C9120AX,WIRELESS,ENT. - WIRELESS,CHASSIS,-,-,-,-,Not Defined,9/16/2032 0:00,DEFAULT GROUP,,1016697150,SOUTHAMPTON - 100 HARBOUR PARADE,100 HARBOUR PARADE,,,SOUTHAMPTON,HAMPSHIRE,SO15 1BA,UNITED KINGDOM,No,206345589,Covered,Active,L1NBD,L1NBD,Vendor,Yes,12/1/2024 0:00,1/30/2027 0:00,30400375,USD,121.9,0,4501605158,121.9,,113848222,2238.28,N/A,N/A,N/A,,-,0,No,No,No,-,No,-,No,-,No,-,Active,-,Include,0,0,Include,14327,NULL,NULL
Demo,75588043,Cisco,-,FVH123995,123457328,Parent,C9120AXI-E,1,C9120AX Internal 802.11ax 4x4:4 MIMO;IOT;BT5;mGig;USB;RHL,,,,No Ship Date Available,00:00.0,4501245478,,C9120AX,WIRELESS,ENT. - WIRELESS,CHASSIS,-,-,-,-,Not Defined,9/16/2032 0:00,DEFAULT GROUP,,1016697150,SOUTHAMPTON - 100 HARBOUR PARADE,100 HARBOUR PARADE,,,SOUTHAMPTON,HAMPSHIRE,SO15 1BA,UNITED KINGDOM,No,206345589,Covered,Active,L1NBD,L1NBD,Vendor,Yes,12/1/2024 0:00,1/30/2027 0:00,30400375,USD,121.9,0,4501605158,121.9,,113848222,2238.28,N/A,N/A,N/A,,-,0,No,No,No,-,No,-,No,-,No,-,Active,-,Include,0,0,Include,14327,NULL,NULL
Demo,75588051,Cisco,-,FVH123996,123457329,Parent,C9120AXI-E,1,C9120AX Internal 802.11ax 4x4:4 MIMO;IOT;BT5;mGig;USB;RHL,,,,No Ship Date Available,00:00.0,4501245478,,C9120AX,WIRELESS,ENT. - WIRELESS,CHASSIS,-,-,-,-,Not Defined,9/16/2032 0:00,DEFAULT GROUP,,1016697150,SOUTHAMPTON - 100 HARBOUR PARADE,100 HARBOUR PARADE,,,SOUTHAMPTON,HAMPSHIRE,SO15 1BA,UNITED KINGDOM,No,206345589,Covered,Active,L1NBD,L1NBD,Vendor,Yes,12/1/2024 0:00,1/30/2027 0:00,30400375,USD,121.9,0,4501605158,121.9,,113848222,2238.28,N/A,N/A,N/A,,-,0,No,No,No,-,No,-,No,-,No,-,Active,-,Include,0,0,Include,14327,NULL,NULL
Demo,75588059,Cisco,-,FVH123997,123457330,Parent,C9120AXI-E,1,C9120AX Internal 802.11ax 4x4:4 MIMO;IOT;BT5;mGig;USB;RHL,,,,No Ship Date Available,00:00.0,4501245478,,C9120AX,WIRELESS,ENT. - WIRELESS,CHASSIS,-,-,-,-,Not Defined,9/16/2032 0:00,DEFAULT GROUP,,1016697150,SOUTHAMPTON - 100 HARBOUR PARADE,100 HARBOUR PARADE,,,SOUTHAMPTON,HAMPSHIRE,SO15 1BA,UNITED KINGDOM,No,206345589,Covered,Active,L1NBD,L1NBD,Vendor,Yes,12/1/2024 0:00,1/30/2027 0:00,30400375,USD,121.9,0,4501605158,121.9,,113848222,2238.28,N/A,N/A,N/A,,-,0,No,No,No,-,No,-,No,-,No,-,Active,-,Include,0,0,Include,14327,NULL,NULL
Demo,75588202,Cisco,-,FVH123998,123457331,Parent,CW9800H1,1,Cisco Catalyst CW9800H1 Wireless Controller,,,,No Ship Date Available,00:00.0,4501594228,,CW9800,WIRELESS,ENT. - WIRELESS,CHASSIS,-,-,-,-,Not Defined,2/20/2026 0:00,DEFAULT GROUP,,1001357701,LEIPZIG - RITTERSTR. 26,RITTERSTR. 26,,,LEIPZIG,,4109,GERMANY,No,200216511,Covered,Active,PSRT,PRTNR SS 8X5XNBD,Vendor,Yes,12/20/2024 0:00,12/19/2029 0:00,,USD,8006.31,0,4501594228,-,,117972712,110152.02,N/A,N/A,N/A,,-,0,No,No,No,-,No,-,No,-,No,-,Active,-,Include,0,0,Include,14327,NULL,NULL
Demo,75588206,Cisco,-,FVH123999,123457332,Parent,CW9800H1,1,Cisco Catalyst CW9800H1 Wireless Controller,,,,No Ship Date Available,00:00.0,4501594228,,CW9800,WIRELESS,ENT. - WIRELESS,CHASSIS,-,-,-,-,Not Defined,2/20/2026 0:00,DEFAULT GROUP,,1001357701,LEIPZIG - RITTERSTR. 26,RITTERSTR. 26,,,LEIPZIG,,4109,GERMANY,No,200216511,Covered,Active,PSRT,PRTNR SS 8X5XNBD,Vendor,Yes,12/20/2024 0:00,12/19/2029 0:00,,USD,8006.31,0,4501594228,-,,117972712,110152.02,N/A,N/A,N/A,,-,0,No,No,No,-,No,-,No,-,No,-,Active,-,Include,0,0,Include,14327,NULL,NULL
Demo,75588210,Cisco,-,FVH124000,123457333,Parent,CW9800H1,1,Cisco Catalyst CW9800H1 Wireless Controller,,,,No Ship Date Available,00:00.0,4501594228,,CW9800,WIRELESS,ENT. - WIRELESS,CHASSIS,-,-,-,-,Not Defined,2/20/2026 0:00,DEFAULT GROUP,,1001357701,LEIPZIG - RITTERSTR. 26,RITTERSTR. 26,,,LEIPZIG,,4109,GERMANY,No,200216511,Covered,Active,PSRT,PRTNR SS 8X5XNBD,Vendor,Yes,12/20/2024 0:00,12/19/2029 0:00,,USD,8006.31,0,4501594228,-,,117972712,110152.02,N/A,N/A,N/A,,-,0,No,No,No,-,No,-,No,-,No,-,Active,-,Include,0,0,Include,14327,NULL,NULL
Demo,75588214,Cisco,-,FVH124001,123457334,Parent,C9410R-96U-BNDL-A,1,"Catalyst 9400 Series 10 slot,1xSup, 2xLC, DNA-A LIC",,,,No Ship Date Available,00:00.0,4500702037,,C9400,ENTERPRISE SWITCHING,ENT. SWITCHING - ACCESS,CHASSIS,-,-,-,-,Not Defined,7/2/2029 0:00,DEFAULT GROUP,,1016697150,SOUTHAMPTON - 100 HARBOUR PARADE,100 HARBOUR PARADE,,,SOUTHAMPTON,HAMPSHIRE,SO15 1BA,UNITED KINGDOM,No,206345589,Covered,Active,L1NBD,L1NBD,Vendor,Yes,12/1/2024 0:00,1/30/2027 0:00,30400375,USD,3391.35,0,4501605158,4273.4,,108185140,38679.41,N/A,N/A,N/A,,-,0,No,No,No,-,No,-,No,-,No,-,Active,-,Include,0,0,Include,14327,NULL,NULL
Demo,75588253,Cisco,-,FVH124002,123457335,Parent,C9120AXI-E,1,C9120AX Internal 802.11ax 4x4:4 MIMO;IOT;BT5;mGig;USB;RHL,,,,No Ship Date Available,00:00.0,4501245478,,C9120AX,WIRELESS,ENT. - WIRELESS,CHASSIS,-,-,-,-,Not Defined,9/16/2032 0:00,DEFAULT GROUP,,1016697150,SOUTHAMPTON - 100 HARBOUR PARADE,100 HARBOUR PARADE,,,SOUTHAMPTON,HAMPSHIRE,SO15 1BA,UNITED KINGDOM,No,206345589,Covered,Active,L1NBD,L1NBD,Vendor,Yes,12/1/2024 0:00,1/30/2027 0:00,30400375,USD,121.9,0,4501605158,121.9,,113848222,2238.28,N/A,N/A,N/A,,-,0,No,No,No,-,No,-,No,-,No,-,Active,-,Include,0,0,Include,14327,NULL,NULL
Demo,75588261,Cisco,-,FVH124003,123457336,Parent,C9120AXI-E,1,C9120AX Internal 802.11ax 4x4:4 MIMO;IOT;BT5;mGig;USB;RHL,,,,No Ship Date Available,00:00.0,4501245478,,C9120AX,WIRELESS,ENT. - WIRELESS,CHASSIS,-,-,-,-,Not Defined,9/16/2032 0:00,DEFAULT GROUP,,1016697150,SOUTHAMPTON - 100 HARBOUR PARADE,100 HARBOUR PARADE,,,SOUTHAMPTON,HAMPSHIRE,SO15 1BA,UNITED KINGDOM,No,206345589,Covered,Active,L1NBD,L1NBD,Vendor,Yes,12/1/2024 0:00,1/30/2027 0:00,30400375,USD,121.9,0,4501605158,121.9,,113848222,2238.28,N/A,N/A,N/A,,-,0,No,No,No,-,No,-,No,-,No,-,Active,-,Include,0,0,Include,14327,NULL,NULL
Demo,75588269,Cisco,-,FVH124004,123457337,Parent,C9120AXI-E,1,C9120AX Internal 802.11ax 4x4:4 MIMO;IOT;BT5;mGig;USB;RHL,,,,No Ship Date Available,00:00.0,4501245478,,C9120AX,WIRELESS,ENT. - WIRELESS,CHASSIS,-,-,-,-,Not Defined,9/16/2032 0:00,DEFAULT GROUP,,1016697150,SOUTHAMPTON - 100 HARBOUR PARADE,100 HARBOUR PARADE,,,SOUTHAMPTON,HAMPSHIRE,SO15 1BA,UNITED KINGDOM,No,206345589,Covered,Active,L1NBD,L1NBD,Vendor,Yes,12/1/2024 0:00,1/30/2027 0:00,30400375,USD,121.9,0,4501605158,121.9,,113848222,2238.28,N/A,N/A,N/A,,-,0,No,No,No,-,No,-,No,-,No,-,Active,-,Include,0,0,Include,14327,NULL,NULL
Demo,75588277,Cisco,-,FVH124005,123457338,Parent,C9120AXI-E,1,C9120AX Internal 802.11ax 4x4:4 MIMO;IOT;BT5;mGig;USB;RHL,,,,No Ship Date Available,00:00.0,4501245478,,C9120AX,WIRELESS,ENT. - WIRELESS,CHASSIS,-,-,-,-,Not Defined,9/16/2032 0:00,DEFAULT GROUP,,1016697150,SOUTHAMPTON - 100 HARBOUR PARADE,100 HARBOUR PARADE,,,SOUTHAMPTON,HAMPSHIRE,SO15 1BA,UNITED KINGDOM,No,206345589,Covered,Active,L1NBD,L1NBD,Vendor,Yes,12/1/2024 0:00,1/30/2027 0:00,30400375,USD,121.9,0,4501605158,121.9,,113848222,2238.28,N/A,N/A,N/A,,-,0,No,No,No,-,No,-,No,-,No,-,Active,-,Include,0,0,Include,14327,NULL,NULL
Demo,75588285,Cisco,-,FVH124006,123457339,Parent,C9120AXI-E,1,C9120AX Internal 802.11ax 4x4:4 MIMO;IOT;BT5;mGig;USB;RHL,,,,No Ship Date Available,00:00.0,4501245478,,C9120AX,WIRELESS,ENT. - WIRELESS,CHASSIS,-,-,-,-,Not Defined,9/16/2032 0:00,DEFAULT GROUP,,1016697150,SOUTHAMPTON - 100 HARBOUR PARADE,100 HARBOUR PARADE,,,SOUTHAMPTON,HAMPSHIRE,SO15 1BA,UNITED KINGDOM,No,206345589,Covered,Active,L1NBD,L1NBD,Vendor,Yes,12/1/2024 0:00,1/30/2027 0:00,30400375,USD,121.9,0,4501605158,121.9,,113848222,2238.28,N/A,N/A,N/A,,-,0,No,No,No,-,No,-,No,-,No,-,Active,-,Include,0,0,Include,14327,NULL,NULL
Demo,75588458,Cisco,-,FVH124007,123457340,Parent,C9120AXI-E,1,C9120AX Internal 802.11ax 4x4:4 MIMO;IOT;BT5;mGig;USB;RHL,,,,No Ship Date Available,00:00.0,4501245478,,C9120AX,WIRELESS,ENT. - WIRELESS,CHASSIS,-,-,-,-,Not Defined,10/5/2032 0:00,DEFAULT GROUP,,1016697150,SOUTHAMPTON - 100 HARBOUR PARADE,100 HARBOUR PARADE,,,SOUTHAMPTON,HAMPSHIRE,SO15 1BA,UNITED KINGDOM,No,206345589,Covered,Active,L1NBD,L1NBD,Vendor,Yes,12/1/2024 0:00,1/30/2027 0:00,30400375,USD,121.9,0,4501605158,121.9,,113848222,2238.28,N/A,N/A,N/A,,-,0,No,No,No,-,No,-,No,-,No,-,Active,-,Include,0,0,Include,14327,NULL,NULL
Demo,75588466,Cisco,-,FVH124008,123457341,Parent,C9120AXI-E,1,C9120AX Internal 802.11ax 4x4:4 MIMO;IOT;BT5;mGig;USB;RHL,,,,No Ship Date Available,00:00.0,4501245478,,C9120AX,WIRELESS,ENT. - WIRELESS,CHASSIS,-,-,-,-,Not Defined,10/5/2032 0:00,DEFAULT GROUP,,1016697150,SOUTHAMPTON - 100 HARBOUR PARADE,100 HARBOUR PARADE,,,SOUTHAMPTON,HAMPSHIRE,SO15 1BA,UNITED KINGDOM,No,206345589,Covered,Active,L1NBD,L1NBD,Vendor,Yes,12/1/2024 0:00,1/30/2027 0:00,30400375,USD,121.9,0,4501605158,121.9,,113848222,2238.28,N/A,N/A,N/A,,-,0,No,No,No,-,No,-,No,-,No,-,Active,-,Include,0,0,Include,14327,NULL,NULL
Demo,75588474,Cisco,-,FVH124009,123457342,Parent,C9120AXI-E,1,C9120AX Internal 802.11ax 4x4:4 MIMO;IOT;BT5;mGig;USB;RHL,,,,No Ship Date Available,00:00.0,4501245478,,C9120AX,WIRELESS,ENT. - WIRELESS,CHASSIS,-,-,-,-,Not Defined,10/5/2032 0:00,DEFAULT GROUP,,1016697150,SOUTHAMPTON - 100 HARBOUR PARADE,100 HARBOUR PARADE,,,SOUTHAMPTON,HAMPSHIRE,SO15 1BA,UNITED KINGDOM,No,206345589,Covered,Active,L1NBD,L1NBD,Vendor,Yes,12/1/2024 0:00,1/30/2027 0:00,30400375,USD,121.9,0,4501605158,121.9,,113848222,2238.28,N/A,N/A,N/A,,-,0,No,No,No,-,No,-,No,-,No,-,Active,-,Include,0,0,Include,14327,NULL,NULL
Demo,75588601,Cisco,-,FVH124010,123457343,Parent,ISR4431/K9,1,"Cisco ISR 4431 (4GE,3NIM,8G FLASH,4G DRAM,IPB)",,,,No Ship Date Available,00:00.0,4501962722,,4400ISR,ENTERPRISE ROUTING,MID-RANGE/LOW-END ROUTING,CHASSIS,Routers,http://www.cisco.com/content/en/us/support/routers/4441-x-integrated-services-router-isr/model.html,11/7/2023,11/30/2028,>36 Months,11/10/2021 0:00,DEFAULT GROUP,,1016697150,SOUTHAMPTON - 100 HARBOUR PARADE,100 HARBOUR PARADE,,,SOUTHAMPTON,HAMPSHIRE,SO15 1BA,UNITED KINGDOM,No,206345589,Covered,Active,L1NBD,L1NBD,Vendor,Yes,12/1/2024 0:00,1/30/2027 0:00,30400375,USD,2239.05,0,4501605158,2574.85,,112191656,14713,N/A,N/A,N/A,,-,0,No,No,No,-,No,-,No,-,No,-,Active,-,Include,0,0,Include,14327,NULL,NULL
Demo,75588646,Cisco,-,FVH124011,123457344,Parent,C9130AXI-E,1,Cisco Catalyst 9130AX Series,,,,No Ship Date Available,00:00.0,4501211050,,C9130AX,WIRELESS,ENT. - WIRELESS,CHASSIS,-,-,-,-,Not Defined,9/3/2032 0:00,DEFAULT GROUP,CARNIVAL PLC,1056363584,SOUTHAMPTON - MAJESTIC ROAD,MAJESTIC ROAD,,,SOUTHAMPTON,HAMPSHIRE,SO16 0YT,UNITED KINGDOM,No,206345589,Covered,Active,L1NBD,L1NBD,Vendor,Yes,12/1/2024 0:00,1/30/2027 0:00,30400375,USD,150.65,0,4501616850,150.65,,113449414,2764.21,N/A,N/A,N/A,,-,0,No,No,No,-,No,-,No,-,No,-,Active,-,Include,0,0,Include,14327,NULL,NULL
Demo,75588654,Cisco,-,FVH124012,123457345,Parent,C9120AXI-E,1,C9120AX Internal 802.11ax 4x4:4 MIMO;IOT;BT5;mGig;USB;RHL,,,,No Ship Date Available,00:00.0,4501245478,,C9120AX,WIRELESS,ENT. - WIRELESS,CHASSIS,-,-,-,-,Not Defined,9/16/2032 0:00,DEFAULT GROUP,,1016697150,SOUTHAMPTON - 100 HARBOUR PARADE,100 HARBOUR PARADE,,,SOUTHAMPTON,HAMPSHIRE,SO15 1BA,UNITED KINGDOM,No,206345589,Covered,Active,L1NBD,L1NBD,Vendor,Yes,12/1/2024 0:00,1/30/2027 0:00,30400375,USD,121.9,0,4501605158,121.9,,113848222,2238.28,N/A,N/A,N/A,,-,0,No,No,No,-,No,-,No,-,No,-,Active,-,Include,0,0,Include,14327,NULL,NULL
Demo,75588662,Cisco,-,FVH124013,123457346,Parent,C9120AXI-E,1,C9120AX Internal 802.11ax 4x4:4 MIMO;IOT;BT5;mGig;USB;RHL,,,,No Ship Date Available,00:00.0,4501245478,,C9120AX,WIRELESS,ENT. - WIRELESS,CHASSIS,-,-,-,-,Not Defined,9/16/2032 0:00,DEFAULT GROUP,,1016697150,SOUTHAMPTON - 100 HARBOUR PARADE,100 HARBOUR PARADE,,,SOUTHAMPTON,HAMPSHIRE,SO15 1BA,UNITED KINGDOM,No,206345589,Covered,Active,L1NBD,L1NBD,Vendor,Yes,12/1/2024 0:00,1/30/2027 0:00,30400375,USD,121.9,0,4501605158,121.9,,113848222,2238.28,N/A,N/A,N/A,,-,0,No,No,No,-,No,-,No,-,No,-,Active,-,Include,0,0,Include,14327,NULL,NULL
Demo,75588670,Cisco,-,FVH124014,123457347,Parent,C9120AXI-E,1,C9120AX Internal 802.11ax 4x4:4 MIMO;IOT;BT5;mGig;USB;RHL,,,,No Ship Date Available,00:00.0,4501245478,,C9120AX,WIRELESS,ENT. - WIRELESS,CHASSIS,-,-,-,-,Not Defined,9/16/2032 0:00,DEFAULT GROUP,,1016697150,SOUTHAMPTON - 100 HARBOUR PARADE,100 HARBOUR PARADE,,,SOUTHAMPTON,HAMPSHIRE,SO15 1BA,UNITED KINGDOM,No,206345589,Covered,Active,L1NBD,L1NBD,Vendor,Yes,12/1/2024 0:00,1/30/2027 0:00,30400375,USD,121.9,0,4501605158,121.9,,113848222,2238.28,N/A,N/A,N/A,,-,0,No,No,No,-,No,-,No,-,No,-,Active,-,Include,0,0,Include,14327,NULL,NULL
Demo,75588678,Cisco,-,FVH124015,123457348,Parent,C9410R-96U-BNDL-A,1,"Catalyst 9400 Series 10 slot,1xSup, 2xLC, DNA-A LIC",,,,No Ship Date Available,00:00.0,4501163014,,C9400,ENTERPRISE SWITCHING,ENT. SWITCHING - ACCESS,CHASSIS,-,-,-,-,Not Defined,3/9/2032 0:00,DEFAULT GROUP,,1016697150,SOUTHAMPTON - 100 HARBOUR PARADE,100 HARBOUR PARADE,,,SOUTHAMPTON,HAMPSHIRE,SO15 1BA,UNITED KINGDOM,No,206345589,Covered,Active,L1NBD,L1NBD,Vendor,Yes,12/1/2024 0:00,1/30/2027 0:00,30400375,USD,3391.35,0,4501605158,4273.4,,112910707,38679.41,N/A,N/A,N/A,,-,0,No,No,No,-,No,-,No,-,No,-,Active,-,Include,0,0,Include,14327,NULL,NULL
Demo,75588704,Cisco,-,FVH124016,123457349,Parent,C9410R-96U-BNDL-A,1,"Catalyst 9400 Series 10 slot,1xSup, 2xLC, DNA-A LIC",,,,No Ship Date Available,00:00.0,4501163014,,C9400,ENTERPRISE SWITCHING,ENT. SWITCHING - ACCESS,CHASSIS,-,-,-,-,Not Defined,3/9/2032 0:00,DEFAULT GROUP,,1016697150,SOUTHAMPTON - 100 HARBOUR PARADE,100 HARBOUR PARADE,,,SOUTHAMPTON,HAMPSHIRE,SO15 1BA,UNITED KINGDOM,No,206345589,Covered,Active,L1NBD,L1NBD,Vendor,Yes,12/1/2024 0:00,1/30/2027 0:00,30400375,USD,3391.35,0,4501605158,4273.4,,112910707,38679.41,N/A,N/A,N/A,,-,0,No,No,No,-,No,-,No,-,No,-,Active,-,Include,0,0,Include,14327,NULL,NULL
Demo,75588734,Cisco,-,FVH124017,123457350,Parent,C9120AXI-E,1,C9120AX Internal 802.11ax 4x4:4 MIMO;IOT;BT5;mGig;USB;RHL,,,,No Ship Date Available,00:00.0,4501245478,,C9120AX,WIRELESS,ENT. - WIRELESS,CHASSIS,-,-,-,-,Not Defined,9/16/2032 0:00,DEFAULT GROUP,,1016697150,SOUTHAMPTON - 100 HARBOUR PARADE,100 HARBOUR PARADE,,,SOUTHAMPTON,HAMPSHIRE,SO15 1BA,UNITED KINGDOM,No,206345589,Covered,Active,L1NBD,L1NBD,Vendor,Yes,12/1/2024 0:00,1/30/2027 0:00,30400375,USD,121.9,0,4501605158,121.9,,113848222,2238.28,N/A,N/A,N/A,,-,0,No,No,No,-,No,-,No,-,No,-,Active,-,Include,0,0,Include,14327,NULL,NULL
Demo,75588742,Cisco,-,FVH124018,123457351,Parent,C9120AXI-E,1,C9120AX Internal 802.11ax 4x4:4 MIMO;IOT;BT5;mGig;USB;RHL,,,,No Ship Date Available,00:00.0,4501245478,,C9120AX,WIRELESS,ENT. - WIRELESS,CHASSIS,-,-,-,-,Not Defined,9/16/2032 0:00,DEFAULT GROUP,,1016697150,SOUTHAMPTON - 100 HARBOUR PARADE,100 HARBOUR PARADE,,,SOUTHAMPTON,HAMPSHIRE,SO15 1BA,UNITED KINGDOM,No,206345589,Covered,Active,L1NBD,L1NBD,Vendor,Yes,12/1/2024 0:00,1/30/2027 0:00,30400375,USD,121.9,0,4501605158,121.9,,113848222,2238.28,N/A,N/A,N/A,,-,0,No,No,No,-,No,-,No,-,No,-,Active,-,Include,0,0,Include,14327,NULL,NULL
Demo,75588750,Cisco,-,FVH124019,123457352,Parent,C9120AXI-E,1,C9120AX Internal 802.11ax 4x4:4 MIMO;IOT;BT5;mGig;USB;RHL,,,,No Ship Date Available,00:00.0,4501245478,,C9120AX,WIRELESS,ENT. - WIRELESS,CHASSIS,-,-,-,-,Not Defined,9/16/2032 0:00,DEFAULT GROUP,,1016697150,SOUTHAMPTON - 100 HARBOUR PARADE,100 HARBOUR PARADE,,,SOUTHAMPTON,HAMPSHIRE,SO15 1BA,UNITED KINGDOM,No,206345589,Covered,Active,L1NBD,L1NBD,Vendor,Yes,12/1/2024 0:00,1/30/2027 0:00,30400375,USD,121.9,0,4501605158,121.9,,113848222,2238.28,N/A,N/A,N/A,,-,0,No,No,No,-,No,-,No,-,No,-,Active,-,Include,0,0,Include,14327,NULL,NULL
Demo,75588758,Cisco,-,FVH124020,123457353,Parent,C9120AXI-E,1,C9120AX Internal 802.11ax 4x4:4 MIMO;IOT;BT5;mGig;USB;RHL,,,,No Ship Date Available,00:00.0,4501245478,,C9120AX,WIRELESS,ENT. - WIRELESS,CHASSIS,-,-,-,-,Not Defined,9/16/2032 0:00,DEFAULT GROUP,,1016697150,SOUTHAMPTON - 100 HARBOUR PARADE,100 HARBOUR PARADE,,,SOUTHAMPTON,HAMPSHIRE,SO15 1BA,UNITED KINGDOM,No,206345589,Covered,Active,L1NBD,L1NBD,Vendor,Yes,12/1/2024 0:00,1/30/2027 0:00,30400375,USD,121.9,0,4501605158,121.9,,113848222,2238.28,N/A,N/A,N/A,,-,0,No,No,No,-,No,-,No,-,No,-,Active,-,Include,0,0,Include,14327,NULL,NULL
Demo,75588766,Cisco,-,FVH124021,123457354,Parent,C9200CX-12P-2X2G-E,1,"Catalyst 9000 Compact Switch 12-Port PoE+, 240W, Essentials",,,,No Ship Date Available,00:00.0,4501596484,,C9200CX,ENTERPRISE SWITCHING,ENT. SWITCHING - ACCESS,CHASSIS,-,-,-,-,Not Defined,3/23/2035 0:00,DEFAULT GROUP,,1058451749,OBERHAUSEN - OSTERFELDER STR. 3,OSTERFELDER STR. 3,,,OBERHAUSEN,,46047,GERMANY,No,200216511,Covered,Active,PSRT,PRTNR SS 8X5XNBD,Vendor,Yes,1/22/2025 0:00,1/21/2026 0:00,,USD,111.7,0,4501596484,220.8,,118121865,2768.35,N/A,N/A,N/A,,-,0,No,No,No,-,No,-,No,-,No,-,Active,-,Include,0,0,Include,14327,NULL,NULL
Demo,75588810,Cisco,-,FVH124022,123457355,Parent,ISR4431/K9,1,"Cisco ISR 4431 (4GE,3NIM,8G FLASH,4G DRAM,IPB)",,,,No Ship Date Available,00:00.0,4501962722,,4400ISR,ENTERPRISE ROUTING,MID-RANGE/LOW-END ROUTING,CHASSIS,Routers,http://www.cisco.com/content/en/us/support/routers/4441-x-integrated-services-router-isr/model.html,11/7/2023,11/30/2028,>36 Months,11/10/2021 0:00,DEFAULT GROUP,,1016697150,SOUTHAMPTON - 100 HARBOUR PARADE,100 HARBOUR PARADE,,,SOUTHAMPTON,HAMPSHIRE,SO15 1BA,UNITED KINGDOM,No,206345589,Covered,Active,L1NBD,L1NBD,Vendor,Yes,12/1/2024 0:00,1/30/2027 0:00,30400375,USD,2239.05,0,4501605158,2574.85,,112191656,14713,N/A,N/A,N/A,,-,0,No,No,No,-,No,-,No,-,No,-,Active,-,Include,0,0,Include,14327,NULL,NULL
Demo,75588820,Cisco,-,FVH124023,123457356,Parent,ISR4431/K9,1,"Cisco ISR 4431 (4GE,3NIM,8G FLASH,4G DRAM,IPB)",,,,No Ship Date Available,00:00.0,4501962722,,4400ISR,ENTERPRISE ROUTING,MID-RANGE/LOW-END ROUTING,CHASSIS,Routers,http://www.cisco.com/content/en/us/support/routers/4441-x-integrated-services-router-isr/model.html,11/7/2023,11/30/2028,>36 Months,11/10/2021 0:00,DEFAULT GROUP,,1016697150,SOUTHAMPTON - 100 HARBOUR PARADE,100 HARBOUR PARADE,,,SOUTHAMPTON,HAMPSHIRE,SO15 1BA,UNITED KINGDOM,No,206345589,Covered,Active,L1NBD,L1NBD,Vendor,Yes,12/1/2024 0:00,1/30/2027 0:00,30400375,USD,2239.05,0,4501605158,2574.85,,112191656,14713,N/A,N/A,N/A,,-,0,No,No,No,-,No,-,No,-,No,-,Active,-,Include,0,0,Include,14327,NULL,NULL
Demo,75588830,Cisco,-,FVH124024,123457357,Parent,ISR4431/K9,1,"Cisco ISR 4431 (4GE,3NIM,8G FLASH,4G DRAM,IPB)",,,,No Ship Date Available,00:00.0,4501962722,,4400ISR,ENTERPRISE ROUTING,MID-RANGE/LOW-END ROUTING,CHASSIS,Routers,http://www.cisco.com/content/en/us/support/routers/4441-x-integrated-services-router-isr/model.html,11/7/2023,11/30/2028,>36 Months,11/10/2021 0:00,DEFAULT GROUP,,1016697150,SOUTHAMPTON - 100 HARBOUR PARADE,100 HARBOUR PARADE,,,SOUTHAMPTON,HAMPSHIRE,SO15 1BA,UNITED KINGDOM,No,206345589,Covered,Active,L1NBD,L1NBD,Vendor,Yes,12/1/2024 0:00,1/30/2027 0:00,30400375,USD,2239.05,0,4501605158,2574.85,,112191656,14713,N/A,N/A,N/A,,-,0,No,No,No,-,No,-,No,-,No,-,Active,-,Include,0,0,Include,14327,NULL,NULL
Demo,75588840,Cisco,-,FVH124025,123457358,Parent,ISR4431/K9,1,"Cisco ISR 4431 (4GE,3NIM,8G FLASH,4G DRAM,IPB)",,,,No Ship Date Available,00:00.0,4501962722,,4400ISR,ENTERPRISE ROUTING,MID-RANGE/LOW-END ROUTING,CHASSIS,Routers,http://www.cisco.com/content/en/us/support/routers/4441-x-integrated-services-router-isr/model.html,11/7/2023,11/30/2028,>36 Months,11/10/2021 0:00,DEFAULT GROUP,,1016697150,SOUTHAMPTON - 100 HARBOUR PARADE,100 HARBOUR PARADE,,,SOUTHAMPTON,HAMPSHIRE,SO15 1BA,UNITED KINGDOM,No,206345589,Covered,Active,L1NBD,L1NBD,Vendor,Yes,12/1/2024 0:00,1/30/2027 0:00,30400375,USD,2239.05,0,4501605158,2574.85,,112191656,14713,N/A,N/A,N/A,,-,0,No,No,No,-,No,-,No,-,No,-,Active,-,Include,0,0,Include,14327,NULL,NULL
Demo,75588850,Cisco,-,FVH124026,123457359,Parent,ISR4431/K9,1,"Cisco ISR 4431 (4GE,3NIM,8G FLASH,4G DRAM,IPB)",,,,No Ship Date Available,00:00.0,4501962722,,4400ISR,ENTERPRISE ROUTING,MID-RANGE/LOW-END ROUTING,CHASSIS,Routers,http://www.cisco.com/content/en/us/support/routers/4441-x-integrated-services-router-isr/model.html,11/7/2023,11/30/2028,>36 Months,11/10/2021 0:00,DEFAULT GROUP,,1016697150,SOUTHAMPTON - 100 HARBOUR PARADE,100 HARBOUR PARADE,,,SOUTHAMPTON,HAMPSHIRE,SO15 1BA,UNITED KINGDOM,No,206345589,Covered,Active,L1NBD,L1NBD,Vendor,Yes,12/1/2024 0:00,1/30/2027 0:00,30400375,USD,2239.05,0,4501605158,2574.85,,112191656,14713,N/A,N/A,N/A,,-,0,No,No,No,-,No,-,No,-,No,-,Active,-,Include,0,0,Include,14327,NULL,NULL
Demo,75588915,Cisco,-,FVH124027,123457360,Parent,C9120AXI-E,1,C9120AX Internal 802.11ax 4x4:4 MIMO;IOT;BT5;mGig;USB;RHL,,,,No Ship Date Available,00:00.0,4501245478,,C9120AX,WIRELESS,ENT. - WIRELESS,CHASSIS,-,-,-,-,Not Defined,10/5/2032 0:00,DEFAULT GROUP,,1016697150,SOUTHAMPTON - 100 HARBOUR PARADE,100 HARBOUR PARADE,,,SOUTHAMPTON,HAMPSHIRE,SO15 1BA,UNITED KINGDOM,No,206345589,Covered,Active,L1NBD,L1NBD,Vendor,Yes,12/1/2024 0:00,1/30/2027 0:00,30400375,USD,121.9,0,4501605158,121.9,,113848222,2238.28,N/A,N/A,N/A,,-,0,No,No,No,-,No,-,No,-,No,-,Active,-,Include,0,0,Include,14327,NULL,NULL
Demo,75589011,Cisco,-,FVH124028,123457361,Parent,C9120AXI-E,1,C9120AX Internal 802.11ax 4x4:4 MIMO;IOT;BT5;mGig;USB;RHL,,,,No Ship Date Available,00:00.0,4501245478,,C9120AX,WIRELESS,ENT. - WIRELESS,CHASSIS,-,-,-,-,Not Defined,9/16/2032 0:00,DEFAULT GROUP,,1016697150,SOUTHAMPTON - 100 HARBOUR PARADE,100 HARBOUR PARADE,,,SOUTHAMPTON,HAMPSHIRE,SO15 1BA,UNITED KINGDOM,No,206345589,Covered,Active,L1NBD,L1NBD,Vendor,Yes,12/1/2024 0:00,1/30/2027 0:00,30400375,USD,121.9,0,4501605158,121.9,,113848222,2238.28,N/A,N/A,N/A,,-,0,No,No,No,-,No,-,No,-,No,-,Active,-,Include,0,0,Include,14327,NULL,NULL
Demo,75589019,Cisco,-,FVH124029,123457362,Parent,C9120AXI-E,1,C9120AX Internal 802.11ax 4x4:4 MIMO;IOT;BT5;mGig;USB;RHL,,,,No Ship Date Available,00:00.0,4501245478,,C9120AX,WIRELESS,ENT. - WIRELESS,CHASSIS,-,-,-,-,Not Defined,9/16/2032 0:00,DEFAULT GROUP,,1016697150,SOUTHAMPTON - 100 HARBOUR PARADE,100 HARBOUR PARADE,,,SOUTHAMPTON,HAMPSHIRE,SO15 1BA,UNITED KINGDOM,No,206345589,Covered,Active,L1NBD,L1NBD,Vendor,Yes,12/1/2024 0:00,1/30/2027 0:00,30400375,USD,121.9,0,4501605158,121.9,,113848222,2238.28,N/A,N/A,N/A,,-,0,No,No,No,-,No,-,No,-,No,-,Active,-,Include,0,0,Include,14327,NULL,NULL
Demo,75589027,Cisco,-,FVH124030,123457363,Parent,C9120AXI-E,1,C9120AX Internal 802.11ax 4x4:4 MIMO;IOT;BT5;mGig;USB;RHL,,,,No Ship Date Available,00:00.0,4501245478,,C9120AX,WIRELESS,ENT. - WIRELESS,CHASSIS,-,-,-,-,Not Defined,9/16/2032 0:00,DEFAULT GROUP,,1016697150,SOUTHAMPTON - 100 HARBOUR PARADE,100 HARBOUR PARADE,,,SOUTHAMPTON,HAMPSHIRE,SO15 1BA,UNITED KINGDOM,No,206345589,Covered,Active,L1NBD,L1NBD,Vendor,Yes,12/1/2024 0:00,1/30/2027 0:00,30400375,USD,121.9,0,4501605158,121.9,,113848222,2238.28,N/A,N/A,N/A,,-,0,No,No,No,-,No,-,No,-,No,-,Active,-,Include,0,0,Include,14327,NULL,NULL
Demo,75589035,Cisco,-,FVH124031,123457364,Parent,C9120AXI-E,1,C9120AX Internal 802.11ax 4x4:4 MIMO;IOT;BT5;mGig;USB;RHL,,,,No Ship Date Available,00:00.0,4501245478,,C9120AX,WIRELESS,ENT. - WIRELESS,CHASSIS,-,-,-,-,Not Defined,9/16/2032 0:00,DEFAULT GROUP,,1016697150,SOUTHAMPTON - 100 HARBOUR PARADE,100 HARBOUR PARADE,,,SOUTHAMPTON,HAMPSHIRE,SO15 1BA,UNITED KINGDOM,No,206345589,Covered,Active,L1NBD,L1NBD,Vendor,Yes,12/1/2024 0:00,1/30/2027 0:00,30400375,USD,121.9,0,4501605158,121.9,,113848222,2238.28,N/A,N/A,N/A,,-,0,No,No,No,-,No,-,No,-,No,-,Active,-,Include,0,0,Include,14327,NULL,NULL
Demo,75589043,Cisco,-,FVH124032,123457365,Parent,C9120AXI-E,1,C9120AX Internal 802.11ax 4x4:4 MIMO;IOT;BT5;mGig;USB;RHL,,,,No Ship Date Available,00:00.0,4501245478,,C9120AX,WIRELESS,ENT. - WIRELESS,CHASSIS,-,-,-,-,Not Defined,9/16/2032 0:00,DEFAULT GROUP,,1016697150,SOUTHAMPTON - 100 HARBOUR PARADE,100 HARBOUR PARADE,,,SOUTHAMPTON,HAMPSHIRE,SO15 1BA,UNITED KINGDOM,No,206345589,Covered,Active,L1NBD,L1NBD,Vendor,Yes,12/1/2024 0:00,1/30/2027 0:00,30400375,USD,121.9,0,4501605158,121.9,,113848222,2238.28,N/A,N/A,N/A,,-,0,No,No,No,-,No,-,No,-,No,-,Active,-,Include,0,0,Include,14327,NULL,NULL
Demo,75589051,Cisco,-,FVH124033,123457366,Parent,C9120AXI-E,1,C9120AX Internal 802.11ax 4x4:4 MIMO;IOT;BT5;mGig;USB;RHL,,,,No Ship Date Available,00:00.0,4501245478,,C9120AX,WIRELESS,ENT. - WIRELESS,CHASSIS,-,-,-,-,Not Defined,9/16/2032 0:00,DEFAULT GROUP,,1016697150,SOUTHAMPTON - 100 HARBOUR PARADE,100 HARBOUR PARADE,,,SOUTHAMPTON,HAMPSHIRE,SO15 1BA,UNITED KINGDOM,No,206345589,Covered,Active,L1NBD,L1NBD,Vendor,Yes,12/1/2024 0:00,1/30/2027 0:00,30400375,USD,121.9,0,4501605158,121.9,,113848222,2238.28,N/A,N/A,N/A,,-,0,No,No,No,-,No,-,No,-,No,-,Active,-,Include,0,0,Include,14327,NULL,NULL
Demo,75589059,Cisco,-,FVH124034,123457367,Parent,C9120AXI-E,1,C9120AX Internal 802.11ax 4x4:4 MIMO;IOT;BT5;mGig;USB;RHL,,,,No Ship Date Available,00:00.0,4501245478,,C9120AX,WIRELESS,ENT. - WIRELESS,CHASSIS,-,-,-,-,Not Defined,9/16/2032 0:00,DEFAULT GROUP,,1016697150,SOUTHAMPTON - 100 HARBOUR PARADE,100 HARBOUR PARADE,,,SOUTHAMPTON,HAMPSHIRE,SO15 1BA,UNITED KINGDOM,No,206345589,Covered,Active,L1NBD,L1NBD,Vendor,Yes,12/1/2024 0:00,1/30/2027 0:00,30400375,USD,121.9,0,4501605158,121.9,,113848222,2238.28,N/A,N/A,N/A,,-,0,No,No,No,-,No,-,No,-,No,-,Active,-,Include,0,0,Include,14327,NULL,NULL
Demo,75589067,Cisco,-,FVH124035,123457368,Parent,C9120AXI-E,1,C9120AX Internal 802.11ax 4x4:4 MIMO;IOT;BT5;mGig;USB;RHL,,,,No Ship Date Available,00:00.0,4501245478,,C9120AX,WIRELESS,ENT. - WIRELESS,CHASSIS,-,-,-,-,Not Defined,9/16/2032 0:00,DEFAULT GROUP,,1016697150,SOUTHAMPTON - 100 HARBOUR PARADE,100 HARBOUR PARADE,,,SOUTHAMPTON,HAMPSHIRE,SO15 1BA,UNITED KINGDOM,No,206345589,Covered,Active,L1NBD,L1NBD,Vendor,Yes,12/1/2024 0:00,1/30/2027 0:00,30400375,USD,121.9,0,4501605158,121.9,,113848222,2238.28,N/A,N/A,N/A,,-,0,No,No,No,-,No,-,No,-,No,-,Active,-,Include,0,0,Include,14327,NULL,NULL
Demo,75589075,Cisco,-,FVH124036,123457369,Parent,C9120AXI-E,1,C9120AX Internal 802.11ax 4x4:4 MIMO;IOT;BT5;mGig;USB;RHL,,,,No Ship Date Available,00:00.0,4501245478,,C9120AX,WIRELESS,ENT. - WIRELESS,CHASSIS,-,-,-,-,Not Defined,9/16/2032 0:00,DEFAULT GROUP,,1016697150,SOUTHAMPTON - 100 HARBOUR PARADE,100 HARBOUR PARADE,,,SOUTHAMPTON,HAMPSHIRE,SO15 1BA,UNITED KINGDOM,No,206345589,Covered,Active,L1NBD,L1NBD,Vendor,Yes,12/1/2024 0:00,1/30/2027 0:00,30400375,USD,121.9,0,4501605158,121.9,,113848222,2238.28,N/A,N/A,N/A,,-,0,No,No,No,-,No,-,No,-,No,-,Active,-,Include,0,0,Include,14327,NULL,NULL
Demo,75589097,Cisco,-,FVH124037,123457370,Parent,VG204XM,1,^Cisco VG204XM Analog Voice Gateway,,,,No Ship Date Available,00:00.0,4500702037,,ICV,COLLABORATION,UC ENDPOINTS,CHASSIS,Unified Communications,http://www.cisco.com/content/en/us/support/unified-communications/vg204xm-analog-voice-gateway/model.html,4/29/2022,4/30/2027,12-24 Months,10/23/2019 0:00,DEFAULT GROUP,,1016697150,SOUTHAMPTON - 100 HARBOUR PARADE,100 HARBOUR PARADE,,,SOUTHAMPTON,HAMPSHIRE,SO15 1BA,UNITED KINGDOM,No,206345589,Covered,Active,L1NBD,L1NBD,Vendor,Yes,12/1/2024 0:00,1/30/2027 0:00,30400375,USD,244.95,0,4501605158,307.05,,108185140,1766,N/A,N/A,N/A,,-,0,No,No,No,-,No,-,No,-,No,-,Active,-,Include,0,0,Include,14327,NULL,NULL
Demo,75589102,Cisco,-,FVH124038,123457371,Parent,VG204XM,1,^Cisco VG204XM Analog Voice Gateway,,,,No Ship Date Available,00:00.0,4500702037,,ICV,COLLABORATION,UC ENDPOINTS,CHASSIS,Unified Communications,http://www.cisco.com/content/en/us/support/unified-communications/vg204xm-analog-voice-gateway/model.html,4/29/2022,4/30/2027,12-24 Months,10/23/2019 0:00,DEFAULT GROUP,,1016697150,SOUTHAMPTON - 100 HARBOUR PARADE,100 HARBOUR PARADE,,,SOUTHAMPTON,HAMPSHIRE,SO15 1BA,UNITED KINGDOM,No,206345589,Covered,Active,L1NBD,L1NBD,Vendor,Yes,12/1/2024 0:00,1/30/2027 0:00,30400375,USD,244.95,0,4501605158,307.05,,108185140,1766,N/A,N/A,N/A,,-,0,No,No,No,-,No,-,No,-,No,-,Active,-,Include,0,0,Include,14327,NULL,NULL
Demo,75589107,Cisco,-,FVH124039,123457372,Parent,C9300-48U-E,1,"Catalyst 9300 48-port UPOE, Network Essentials",,,,No Ship Date Available,00:00.0,4501099794,,C9300,ENTERPRISE SWITCHING,ENT. SWITCHING - ACCESS,CHASSIS,-,-,-,-,Not Defined,9/25/2031 0:00,DEFAULT GROUP,AIDA CRUISES,2001479781,ROSTOCK - AM STRANDE 3,AM STRANDE 3,,,ROSTOCK,,18055,GERMANY,No,200300338,Covered,Active,PSRT,PRTNR SS 8X5XNBD,Vendor,Yes,7/25/2021 0:00,7/24/2026 0:00,,USD,522.46,0,4501099794,1033.85,,112272978,13640.57,N/A,N/A,N/A,,-,0,No,No,No,-,No,-,No,-,No,-,Active,-,Include,0,0,Include,14327,NULL,NULL
Demo,75589119,Cisco,-,FVH124040,123457373,Parent,C9300-48U-E,1,"Catalyst 9300 48-port UPOE, Network Essentials",,,,No Ship Date Available,00:00.0,4501099794,,C9300,ENTERPRISE SWITCHING,ENT. SWITCHING - ACCESS,CHASSIS,-,-,-,-,Not Defined,9/25/2031 0:00,DEFAULT GROUP,AIDA CRUISES,2001479781,ROSTOCK - AM STRANDE 3,AM STRANDE 3,,,ROSTOCK,,18055,GERMANY,No,200300338,Covered,Active,PSRT,PRTNR SS 8X5XNBD,Vendor,Yes,7/25/2021 0:00,7/24/2026 0:00,,USD,522.46,0,4501099794,1033.85,,112272978,13640.57,N/A,N/A,N/A,,-,0,No,No,No,-,No,-,No,-,No,-,Active,-,Include,0,0,Include,14327,NULL,NULL
Demo,75589151,Cisco,-,FVH124041,123457374,Parent,C9410R-96U-BNDL-A,1,"Catalyst 9400 Series 10 slot,1xSup, 2xLC, DNA-A LIC",,,,No Ship Date Available,00:00.0,4501245478,,C9400,ENTERPRISE SWITCHING,ENT. SWITCHING - ACCESS,CHASSIS,-,-,-,-,Not Defined,8/5/2032 0:00,DEFAULT GROUP,,1016697150,SOUTHAMPTON - 100 HARBOUR PARADE,100 HARBOUR PARADE,,,SOUTHAMPTON,HAMPSHIRE,SO15 1BA,UNITED KINGDOM,No,206345589,Covered,Active,L1NBD,L1NBD,Vendor,Yes,12/1/2024 0:00,1/30/2027 0:00,30400375,USD,3391.35,0,4501605158,4273.4,,113848222,38679.41,N/A,N/A,N/A,,-,0,No,No,No,-,No,-,No,-,No,-,Active,-,Include,0,0,Include,14327,NULL,NULL
Demo,75589181,Cisco,-,FVH124042,123457375,Parent,C9410R-96U-BNDL-A,1,"Catalyst 9400 Series 10 slot,1xSup, 2xLC, DNA-A LIC",,,,No Ship Date Available,00:00.0,4501245478,,C9400,ENTERPRISE SWITCHING,ENT. SWITCHING - ACCESS,CHASSIS,-,-,-,-,Not Defined,8/5/2032 0:00,DEFAULT GROUP,,1016697150,SOUTHAMPTON - 100 HARBOUR PARADE,100 HARBOUR PARADE,,,SOUTHAMPTON,HAMPSHIRE,SO15 1BA,UNITED KINGDOM,No,206345589,Covered,Active,L1NBD,L1NBD,Vendor,Yes,12/1/2024 0:00,1/30/2027 0:00,30400375,USD,3391.35,0,4501605158,4273.4,,113848222,38679.41,N/A,N/A,N/A,,-,0,No,No,No,-,No,-,No,-,No,-,Active,-,Include,0,0,Include,14327,NULL,NULL
Demo,75589489,Cisco,-,FVH124043,123457376,Parent,C9120AXI-E,1,C9120AX Internal 802.11ax 4x4:4 MIMO;IOT;BT5;mGig;USB;RHL,,,,No Ship Date Available,00:00.0,4501245478,,C9120AX,WIRELESS,ENT. - WIRELESS,CHASSIS,-,-,-,-,Not Defined,9/16/2032 0:00,DEFAULT GROUP,,1016697150,SOUTHAMPTON - 100 HARBOUR PARADE,100 HARBOUR PARADE,,,SOUTHAMPTON,HAMPSHIRE,SO15 1BA,UNITED KINGDOM,No,206345589,Covered,Active,L1NBD,L1NBD,Vendor,Yes,12/1/2024 0:00,1/30/2027 0:00,30400375,USD,121.9,0,4501605158,121.9,,113848222,2238.28,N/A,N/A,N/A,,-,0,No,No,No,-,No,-,No,-,No,-,Active,-,Include,0,0,Include,14327,NULL,NULL
Demo,75589497,Cisco,-,FVH124044,123457377,Parent,C9120AXI-E,1,C9120AX Internal 802.11ax 4x4:4 MIMO;IOT;BT5;mGig;USB;RHL,,,,No Ship Date Available,00:00.0,4501245478,,C9120AX,WIRELESS,ENT. - WIRELESS,CHASSIS,-,-,-,-,Not Defined,9/16/2032 0:00,DEFAULT GROUP,,1016697150,SOUTHAMPTON - 100 HARBOUR PARADE,100 HARBOUR PARADE,,,SOUTHAMPTON,HAMPSHIRE,SO15 1BA,UNITED KINGDOM,No,206345589,Covered,Active,L1NBD,L1NBD,Vendor,Yes,12/1/2024 0:00,1/30/2027 0:00,30400375,USD,121.9,0,4501605158,121.9,,113848222,2238.28,N/A,N/A,N/A,,-,0,No,No,No,-,No,-,No,-,No,-,Active,-,Include,0,0,Include,14327,NULL,NULL
Demo,75589505,Cisco,-,FVH124045,123457378,Parent,C9120AXI-E,1,C9120AX Internal 802.11ax 4x4:4 MIMO;IOT;BT5;mGig;USB;RHL,,,,No Ship Date Available,00:00.0,4501245478,,C9120AX,WIRELESS,ENT. - WIRELESS,CHASSIS,-,-,-,-,Not Defined,9/16/2032 0:00,DEFAULT GROUP,,1016697150,SOUTHAMPTON - 100 HARBOUR PARADE,100 HARBOUR PARADE,,,SOUTHAMPTON,HAMPSHIRE,SO15 1BA,UNITED KINGDOM,No,206345589,Covered,Active,L1NBD,L1NBD,Vendor,Yes,12/1/2024 0:00,1/30/2027 0:00,30400375,USD,121.9,0,4501605158,121.9,,113848222,2238.28,N/A,N/A,N/A,,-,0,No,No,No,-,No,-,No,-,No,-,Active,-,Include,0,0,Include,14327,NULL,NULL
Demo,75589513,Cisco,-,FVH124046,123457379,Parent,C9120AXI-E,1,C9120AX Internal 802.11ax 4x4:4 MIMO;IOT;BT5;mGig;USB;RHL,,,,No Ship Date Available,00:00.0,4501245478,,C9120AX,WIRELESS,ENT. - WIRELESS,CHASSIS,-,-,-,-,Not Defined,9/16/2032 0:00,DEFAULT GROUP,,1016697150,SOUTHAMPTON - 100 HARBOUR PARADE,100 HARBOUR PARADE,,,SOUTHAMPTON,HAMPSHIRE,SO15 1BA,UNITED KINGDOM,No,206345589,Covered,Active,L1NBD,L1NBD,Vendor,Yes,12/1/2024 0:00,1/30/2027 0:00,30400375,USD,121.9,0,4501605158,121.9,,113848222,2238.28,N/A,N/A,N/A,,-,0,No,No,No,-,No,-,No,-,No,-,Active,-,Include,0,0,Include,14327,NULL,NULL
Demo,75589521,Cisco,-,FVH124047,123457380,Parent,C9120AXI-E,1,C9120AX Internal 802.11ax 4x4:4 MIMO;IOT;BT5;mGig;USB;RHL,,,,No Ship Date Available,00:00.0,4501245478,,C9120AX,WIRELESS,ENT. - WIRELESS,CHASSIS,-,-,-,-,Not Defined,9/16/2032 0:00,DEFAULT GROUP,,1016697150,SOUTHAMPTON - 100 HARBOUR PARADE,100 HARBOUR PARADE,,,SOUTHAMPTON,HAMPSHIRE,SO15 1BA,UNITED KINGDOM,No,206345589,Covered,Active,L1NBD,L1NBD,Vendor,Yes,12/1/2024 0:00,1/30/2027 0:00,30400375,USD,121.9,0,4501605158,121.9,,113848222,2238.28,N/A,N/A,N/A,,-,0,No,No,No,-,No,-,No,-,No,-,Active,-,Include,0,0,Include,14327,NULL,NULL
Demo,75589529,Cisco,-,FVH124048,123457381,Parent,C9120AXI-E,1,C9120AX Internal 802.11ax 4x4:4 MIMO;IOT;BT5;mGig;USB;RHL,,,,No Ship Date Available,00:00.0,4501245478,,C9120AX,WIRELESS,ENT. - WIRELESS,CHASSIS,-,-,-,-,Not Defined,9/16/2032 0:00,DEFAULT GROUP,,1016697150,SOUTHAMPTON - 100 HARBOUR PARADE,100 HARBOUR PARADE,,,SOUTHAMPTON,HAMPSHIRE,SO15 1BA,UNITED KINGDOM,No,206345589,Covered,Active,L1NBD,L1NBD,Vendor,Yes,12/1/2024 0:00,1/30/2027 0:00,30400375,USD,121.9,0,4501605158,121.9,,113848222,2238.28,N/A,N/A,N/A,,-,0,No,No,No,-,No,-,No,-,No,-,Active,-,Include,0,0,Include,14327,NULL,NULL
Demo,75589537,Cisco,-,FVH124049,123457382,Parent,C9120AXI-E,1,C9120AX Internal 802.11ax 4x4:4 MIMO;IOT;BT5;mGig;USB;RHL,,,,No Ship Date Available,00:00.0,4501245478,,C9120AX,WIRELESS,ENT. - WIRELESS,CHASSIS,-,-,-,-,Not Defined,9/16/2032 0:00,DEFAULT GROUP,,1016697150,SOUTHAMPTON - 100 HARBOUR PARADE,100 HARBOUR PARADE,,,SOUTHAMPTON,HAMPSHIRE,SO15 1BA,UNITED KINGDOM,No,206345589,Covered,Active,L1NBD,L1NBD,Vendor,Yes,12/1/2024 0:00,1/30/2027 0:00,30400375,USD,121.9,0,4501605158,121.9,,113848222,2238.28,N/A,N/A,N/A,,-,0,No,No,No,-,No,-,No,-,No,-,Active,-,Include,0,0,Include,14327,NULL,NULL
Demo,75589545,Cisco,-,FVH124050,123457383,Parent,C9120AXI-E,1,C9120AX Internal 802.11ax 4x4:4 MIMO;IOT;BT5;mGig;USB;RHL,,,,No Ship Date Available,00:00.0,4501245478,,C9120AX,WIRELESS,ENT. - WIRELESS,CHASSIS,-,-,-,-,Not Defined,9/16/2032 0:00,DEFAULT GROUP,,1016697150,SOUTHAMPTON - 100 HARBOUR PARADE,100 HARBOUR PARADE,,,SOUTHAMPTON,HAMPSHIRE,SO15 1BA,UNITED KINGDOM,No,206345589,Covered,Active,L1NBD,L1NBD,Vendor,Yes,12/1/2024 0:00,1/30/2027 0:00,30400375,USD,121.9,0,4501605158,121.9,,113848222,2238.28,N/A,N/A,N/A,,-,0,No,No,No,-,No,-,No,-,No,-,Active,-,Include,0,0,Include,14327,NULL,NULL
Demo,75589553,Cisco,-,FVH124051,123457384,Parent,C9120AXI-E,1,C9120AX Internal 802.11ax 4x4:4 MIMO;IOT;BT5;mGig;USB;RHL,,,,No Ship Date Available,00:00.0,4501245478,,C9120AX,WIRELESS,ENT. - WIRELESS,CHASSIS,-,-,-,-,Not Defined,9/16/2032 0:00,DEFAULT GROUP,,1016697150,SOUTHAMPTON - 100 HARBOUR PARADE,100 HARBOUR PARADE,,,SOUTHAMPTON,HAMPSHIRE,SO15 1BA,UNITED KINGDOM,No,206345589,Covered,Active,L1NBD,L1NBD,Vendor,Yes,12/1/2024 0:00,1/30/2027 0:00,30400375,USD,121.9,0,4501605158,121.9,,113848222,2238.28,N/A,N/A,N/A,,-,0,No,No,No,-,No,-,No,-,No,-,Active,-,Include,0,0,Include,14327,NULL,NULL
Demo,75589561,Cisco,-,FVH124052,123457385,Parent,C9120AXI-E,1,C9120AX Internal 802.11ax 4x4:4 MIMO;IOT;BT5;mGig;USB;RHL,,,,No Ship Date Available,00:00.0,4501245478,,C9120AX,WIRELESS,ENT. - WIRELESS,CHASSIS,-,-,-,-,Not Defined,9/16/2032 0:00,DEFAULT GROUP,,1016697150,SOUTHAMPTON - 100 HARBOUR PARADE,100 HARBOUR PARADE,,,SOUTHAMPTON,HAMPSHIRE,SO15 1BA,UNITED KINGDOM,No,206345589,Covered,Active,L1NBD,L1NBD,Vendor,Yes,12/1/2024 0:00,1/30/2027 0:00,30400375,USD,121.9,0,4501605158,121.9,,113848222,2238.28,N/A,N/A,N/A,,-,0,No,No,No,-,No,-,No,-,No,-,Active,-,Include,0,0,Include,14327,NULL,NULL
Demo,75589569,Cisco,-,FVH124053,123457386,Parent,WS-C3850-48P-S,1,^^Cisco Catalyst 3850 48 Port PoE IP Base,,,,No Ship Date Available,00:00.0,81-EZD29-S,,C3850,ENTERPRISE SWITCHING,ENT. SWITCHING - ACCESS,CHASSIS,Switches,http://www.cisco.com/content/en/us/support/switches/catalyst-3850-48p-s-switch/model.html,10/30/2020,10/31/2025,0-3 Months,10/31/2025 0:00,DEFAULT GROUP,,1016697150,SOUTHAMPTON - 100 HARBOUR PARADE,100 HARBOUR PARADE,,,SOUTHAMPTON,HAMPSHIRE,SO15 1BA,UNITED KINGDOM,No,206345589,Covered,Active,L1NBD,L1NBD,Vendor,Yes,12/1/2024 0:00,10/31/2025 0:00,30400375,USD,1984.9,0,4501605158,1984.9,,109533946,20171,N/A,N/A,N/A,,-,0,No,No,No,-,No,-,No,-,No,-,Active,-,Include,0,0,Include,14327,NULL,NULL
Demo,75589646,Cisco,-,FVH124054,123457387,Parent,C9130AXI-E,1,Cisco Catalyst 9130AX Series,,,,No Ship Date Available,00:00.0,4501211050,,C9130AX,WIRELESS,ENT. - WIRELESS,CHASSIS,-,-,-,-,Not Defined,9/3/2032 0:00,DEFAULT GROUP,CARNIVAL PLC,1056363584,SOUTHAMPTON - MAJESTIC ROAD,MAJESTIC ROAD,,,SOUTHAMPTON,HAMPSHIRE,SO16 0YT,UNITED KINGDOM,No,206345589,Covered,Active,L1NBD,L1NBD,Vendor,Yes,12/1/2024 0:00,1/30/2027 0:00,30400375,USD,150.65,0,4501616850,150.65,,113449414,2764.21,N/A,N/A,N/A,,-,0,No,No,No,-,No,-,No,-,No,-,Active,-,Include,0,0,Include,14327,NULL,NULL
Demo,75589654,Cisco,-,FVH124055,123457388,Parent,C9130AXI-E,1,Cisco Catalyst 9130AX Series,,,,No Ship Date Available,00:00.0,4501211050,,C9130AX,WIRELESS,ENT. - WIRELESS,CHASSIS,-,-,-,-,Not Defined,9/3/2032 0:00,DEFAULT GROUP,CARNIVAL PLC,1056363584,SOUTHAMPTON - MAJESTIC ROAD,MAJESTIC ROAD,,,SOUTHAMPTON,HAMPSHIRE,SO16 0YT,UNITED KINGDOM,No,206345589,Covered,Active,L1NBD,L1NBD,Vendor,Yes,12/1/2024 0:00,1/30/2027 0:00,30400375,USD,150.65,0,4501616850,150.65,,113449414,2764.21,N/A,N/A,N/A,,-,0,No,No,No,-,No,-,No,-,No,-,Active,-,Include,0,0,Include,14327,NULL,NULL
Demo,75590041,Cisco,-,FVH124056,123457389,Parent,C9120AXI-E,1,C9120AX Internal 802.11ax 4x4:4 MIMO;IOT;BT5;mGig;USB;RHL,,,,No Ship Date Available,00:00.0,4501245478,,C9120AX,WIRELESS,ENT. - WIRELESS,CHASSIS,-,-,-,-,Not Defined,9/16/2032 0:00,DEFAULT GROUP,,1016697150,SOUTHAMPTON - 100 HARBOUR PARADE,100 HARBOUR PARADE,,,SOUTHAMPTON,HAMPSHIRE,SO15 1BA,UNITED KINGDOM,No,206345589,Covered,Active,L1NBD,L1NBD,Vendor,Yes,12/1/2024 0:00,1/30/2027 0:00,30400375,USD,121.9,0,4501605158,121.9,,113848222,2238.28,N/A,N/A,N/A,,-,0,No,No,No,-,No,-,No,-,No,-,Active,-,Include,0,0,Include,14327,NULL,NULL
Demo,75590171,Cisco,-,FVH124057,123457390,Parent,C9300-48U-E,1,"Catalyst 9300 48-port UPOE, Network Essentials",,,,No Ship Date Available,00:00.0,4501099794,,C9300,ENTERPRISE SWITCHING,ENT. SWITCHING - ACCESS,CHASSIS,-,-,-,-,Not Defined,9/25/2031 0:00,DEFAULT GROUP,AIDA CRUISES,2001479781,ROSTOCK - AM STRANDE 3,AM STRANDE 3,,,ROSTOCK,,18055,GERMANY,No,200300338,Covered,Active,PSRT,PRTNR SS 8X5XNBD,Vendor,Yes,7/25/2021 0:00,7/24/2026 0:00,,USD,522.46,0,4501099794,1033.85,,112272978,13640.57,N/A,N/A,N/A,,-,0,No,No,No,-,No,-,No,-,No,-,Active,-,Include,0,0,Include,14327,NULL,NULL
Demo,75590279,Cisco,-,FVH124058,123457391,Parent,C9120AXI-E,1,C9120AX Internal 802.11ax 4x4:4 MIMO;IOT;BT5;mGig;USB;RHL,,,,No Ship Date Available,00:00.0,4501245478,,C9120AX,WIRELESS,ENT. - WIRELESS,CHASSIS,-,-,-,-,Not Defined,9/16/2032 0:00,DEFAULT GROUP,,1016697150,SOUTHAMPTON - 100 HARBOUR PARADE,100 HARBOUR PARADE,,,SOUTHAMPTON,HAMPSHIRE,SO15 1BA,UNITED KINGDOM,No,206345589,Covered,Active,L1NBD,L1NBD,Vendor,Yes,12/1/2024 0:00,1/30/2027 0:00,30400375,USD,121.9,0,4501605158,121.9,,113848222,2238.28,N/A,N/A,N/A,,-,0,No,No,No,-,No,-,No,-,No,-,Active,-,Include,0,0,Include,14327,NULL,NULL
Demo,75590287,Cisco,-,FVH124059,123457392,Parent,C9120AXI-E,1,C9120AX Internal 802.11ax 4x4:4 MIMO;IOT;BT5;mGig;USB;RHL,,,,No Ship Date Available,00:00.0,4501245478,,C9120AX,WIRELESS,ENT. - WIRELESS,CHASSIS,-,-,-,-,Not Defined,9/16/2032 0:00,DEFAULT GROUP,,1016697150,SOUTHAMPTON - 100 HARBOUR PARADE,100 HARBOUR PARADE,,,SOUTHAMPTON,HAMPSHIRE,SO15 1BA,UNITED KINGDOM,No,206345589,Covered,Active,L1NBD,L1NBD,Vendor,Yes,12/1/2024 0:00,1/30/2027 0:00,30400375,USD,121.9,0,4501605158,121.9,,113848222,2238.28,N/A,N/A,N/A,,-,0,No,No,No,-,No,-,No,-,No,-,Active,-,Include,0,0,Include,14327,NULL,NULL
Demo,75590295,Cisco,-,FVH124060,123457393,Parent,C9120AXI-E,1,C9120AX Internal 802.11ax 4x4:4 MIMO;IOT;BT5;mGig;USB;RHL,,,,No Ship Date Available,00:00.0,4501245478,,C9120AX,WIRELESS,ENT. - WIRELESS,CHASSIS,-,-,-,-,Not Defined,9/16/2032 0:00,DEFAULT GROUP,,1016697150,SOUTHAMPTON - 100 HARBOUR PARADE,100 HARBOUR PARADE,,,SOUTHAMPTON,HAMPSHIRE,SO15 1BA,UNITED KINGDOM,No,206345589,Covered,Active,L1NBD,L1NBD,Vendor,Yes,12/1/2024 0:00,1/30/2027 0:00,30400375,USD,121.9,0,4501605158,121.9,,113848222,2238.28,N/A,N/A,N/A,,-,0,No,No,No,-,No,-,No,-,No,-,Active,-,Include,0,0,Include,14327,NULL,NULL
Demo,75590303,Cisco,-,FVH124061,123457394,Parent,C9120AXI-E,1,C9120AX Internal 802.11ax 4x4:4 MIMO;IOT;BT5;mGig;USB;RHL,,,,No Ship Date Available,00:00.0,4501245478,,C9120AX,WIRELESS,ENT. - WIRELESS,CHASSIS,-,-,-,-,Not Defined,9/16/2032 0:00,DEFAULT GROUP,,1016697150,SOUTHAMPTON - 100 HARBOUR PARADE,100 HARBOUR PARADE,,,SOUTHAMPTON,HAMPSHIRE,SO15 1BA,UNITED KINGDOM,No,206345589,Covered,Active,L1NBD,L1NBD,Vendor,Yes,12/1/2024 0:00,1/30/2027 0:00,30400375,USD,121.9,0,4501605158,121.9,,113848222,2238.28,N/A,N/A,N/A,,-,0,No,No,No,-,No,-,No,-,No,-,Active,-,Include,0,0,Include,14327,NULL,NULL
Demo,75590311,Cisco,-,FVH124062,123457395,Parent,C9120AXI-E,1,C9120AX Internal 802.11ax 4x4:4 MIMO;IOT;BT5;mGig;USB;RHL,,,,No Ship Date Available,00:00.0,4501245478,,C9120AX,WIRELESS,ENT. - WIRELESS,CHASSIS,-,-,-,-,Not Defined,9/16/2032 0:00,DEFAULT GROUP,,1016697150,SOUTHAMPTON - 100 HARBOUR PARADE,100 HARBOUR PARADE,,,SOUTHAMPTON,HAMPSHIRE,SO15 1BA,UNITED KINGDOM,No,206345589,Covered,Active,L1NBD,L1NBD,Vendor,Yes,12/1/2024 0:00,1/30/2027 0:00,30400375,USD,121.9,0,4501605158,121.9,,113848222,2238.28,N/A,N/A,N/A,,-,0,No,No,No,-,No,-,No,-,No,-,Active,-,Include,0,0,Include,14327,NULL,NULL
Demo,75590319,Cisco,-,FVH124063,123457396,Parent,C9120AXI-E,1,C9120AX Internal 802.11ax 4x4:4 MIMO;IOT;BT5;mGig;USB;RHL,,,,No Ship Date Available,00:00.0,4501245478,,C9120AX,WIRELESS,ENT. - WIRELESS,CHASSIS,-,-,-,-,Not Defined,9/16/2032 0:00,DEFAULT GROUP,,1016697150,SOUTHAMPTON - 100 HARBOUR PARADE,100 HARBOUR PARADE,,,SOUTHAMPTON,HAMPSHIRE,SO15 1BA,UNITED KINGDOM,No,206345589,Covered,Active,L1NBD,L1NBD,Vendor,Yes,12/1/2024 0:00,1/30/2027 0:00,30400375,USD,121.9,0,4501605158,121.9,,113848222,2238.28,N/A,N/A,N/A,,-,0,No,No,No,-,No,-,No,-,No,-,Active,-,Include,0,0,Include,14327,NULL,NULL
Demo,75590327,Cisco,-,FVH124064,123457397,Parent,C9120AXI-E,1,C9120AX Internal 802.11ax 4x4:4 MIMO;IOT;BT5;mGig;USB;RHL,,,,No Ship Date Available,00:00.0,4501245478,,C9120AX,WIRELESS,ENT. - WIRELESS,CHASSIS,-,-,-,-,Not Defined,9/16/2032 0:00,DEFAULT GROUP,,1016697150,SOUTHAMPTON - 100 HARBOUR PARADE,100 HARBOUR PARADE,,,SOUTHAMPTON,HAMPSHIRE,SO15 1BA,UNITED KINGDOM,No,206345589,Covered,Active,L1NBD,L1NBD,Vendor,Yes,12/1/2024 0:00,1/30/2027 0:00,30400375,USD,121.9,0,4501605158,121.9,,113848222,2238.28,N/A,N/A,N/A,,-,0,No,No,No,-,No,-,No,-,No,-,Active,-,Include,0,0,Include,14327,NULL,NULL
Demo,75590335,Cisco,-,FVH124065,123457398,Parent,C9120AXI-E,1,C9120AX Internal 802.11ax 4x4:4 MIMO;IOT;BT5;mGig;USB;RHL,,,,No Ship Date Available,00:00.0,4501245478,,C9120AX,WIRELESS,ENT. - WIRELESS,CHASSIS,-,-,-,-,Not Defined,9/16/2032 0:00,DEFAULT GROUP,,1016697150,SOUTHAMPTON - 100 HARBOUR PARADE,100 HARBOUR PARADE,,,SOUTHAMPTON,HAMPSHIRE,SO15 1BA,UNITED KINGDOM,No,206345589,Covered,Active,L1NBD,L1NBD,Vendor,Yes,12/1/2024 0:00,1/30/2027 0:00,30400375,USD,121.9,0,4501605158,121.9,,113848222,2238.28,N/A,N/A,N/A,,-,0,No,No,No,-,No,-,No,-,No,-,Active,-,Include,0,0,Include,14327,NULL,NULL
Demo,75590643,Cisco,-,FVH124066,123457399,Parent,C9120AXI-E,1,C9120AX Internal 802.11ax 4x4:4 MIMO;IOT;BT5;mGig;USB;RHL,,,,No Ship Date Available,00:00.0,4501245478,,C9120AX,WIRELESS,ENT. - WIRELESS,CHASSIS,-,-,-,-,Not Defined,9/16/2032 0:00,DEFAULT GROUP,,1016697150,SOUTHAMPTON - 100 HARBOUR PARADE,100 HARBOUR PARADE,,,SOUTHAMPTON,HAMPSHIRE,SO15 1BA,UNITED KINGDOM,No,206345589,Covered,Active,L1NBD,L1NBD,Vendor,Yes,12/1/2024 0:00,1/30/2027 0:00,30400375,USD,121.9,0,4501605158,121.9,,113848222,2238.28,N/A,N/A,N/A,,-,0,No,No,No,-,No,-,No,-,No,-,Active,-,Include,0,0,Include,14327,NULL,NULL
Demo,75590651,Cisco,-,FVH124067,123457400,Parent,C9120AXI-E,1,C9120AX Internal 802.11ax 4x4:4 MIMO;IOT;BT5;mGig;USB;RHL,,,,No Ship Date Available,00:00.0,4501245478,,C9120AX,WIRELESS,ENT. - WIRELESS,CHASSIS,-,-,-,-,Not Defined,9/16/2032 0:00,DEFAULT GROUP,,1016697150,SOUTHAMPTON - 100 HARBOUR PARADE,100 HARBOUR PARADE,,,SOUTHAMPTON,HAMPSHIRE,SO15 1BA,UNITED KINGDOM,No,206345589,Covered,Active,L1NBD,L1NBD,Vendor,Yes,12/1/2024 0:00,1/30/2027 0:00,30400375,USD,121.9,0,4501605158,121.9,,113848222,2238.28,N/A,N/A,N/A,,-,0,No,No,No,-,No,-,No,-,No,-,Active,-,Include,0,0,Include,14327,NULL,NULL
Demo,75590659,Cisco,-,FVH124068,123457401,Parent,C9120AXI-E,1,C9120AX Internal 802.11ax 4x4:4 MIMO;IOT;BT5;mGig;USB;RHL,,,,No Ship Date Available,00:00.0,4501245478,,C9120AX,WIRELESS,ENT. - WIRELESS,CHASSIS,-,-,-,-,Not Defined,9/16/2032 0:00,DEFAULT GROUP,,1016697150,SOUTHAMPTON - 100 HARBOUR PARADE,100 HARBOUR PARADE,,,SOUTHAMPTON,HAMPSHIRE,SO15 1BA,UNITED KINGDOM,No,206345589,Covered,Active,L1NBD,L1NBD,Vendor,Yes,12/1/2024 0:00,1/30/2027 0:00,30400375,USD,121.9,0,4501605158,121.9,,113848222,2238.28,N/A,N/A,N/A,,-,0,No,No,No,-,No,-,No,-,No,-,Active,-,Include,0,0,Include,14327,NULL,NULL
Demo,75590667,Cisco,-,FVH124069,123457402,Parent,C9120AXI-E,1,C9120AX Internal 802.11ax 4x4:4 MIMO;IOT;BT5;mGig;USB;RHL,,,,No Ship Date Available,00:00.0,4501245478,,C9120AX,WIRELESS,ENT. - WIRELESS,CHASSIS,-,-,-,-,Not Defined,9/16/2032 0:00,DEFAULT GROUP,,1016697150,SOUTHAMPTON - 100 HARBOUR PARADE,100 HARBOUR PARADE,,,SOUTHAMPTON,HAMPSHIRE,SO15 1BA,UNITED KINGDOM,No,206345589,Covered,Active,L1NBD,L1NBD,Vendor,Yes,12/1/2024 0:00,1/30/2027 0:00,30400375,USD,121.9,0,4501605158,121.9,,113848222,2238.28,N/A,N/A,N/A,,-,0,No,No,No,-,No,-,No,-,No,-,Active,-,Include,0,0,Include,14327,NULL,NULL
Demo,75590675,Cisco,-,FVH124070,123457403,Parent,C9120AXI-E,1,C9120AX Internal 802.11ax 4x4:4 MIMO;IOT;BT5;mGig;USB;RHL,,,,No Ship Date Available,00:00.0,4501245478,,C9120AX,WIRELESS,ENT. - WIRELESS,CHASSIS,-,-,-,-,Not Defined,9/16/2032 0:00,DEFAULT GROUP,,1016697150,SOUTHAMPTON - 100 HARBOUR PARADE,100 HARBOUR PARADE,,,SOUTHAMPTON,HAMPSHIRE,SO15 1BA,UNITED KINGDOM,No,206345589,Covered,Active,L1NBD,L1NBD,Vendor,Yes,12/1/2024 0:00,1/30/2027 0:00,30400375,USD,121.9,0,4501605158,121.9,,113848222,2238.28,N/A,N/A,N/A,,-,0,No,No,No,-,No,-,No,-,No,-,Active,-,Include,0,0,Include,14327,NULL,NULL
Demo,75590683,Cisco,-,FVH124071,123457404,Parent,C9120AXI-E,1,C9120AX Internal 802.11ax 4x4:4 MIMO;IOT;BT5;mGig;USB;RHL,,,,No Ship Date Available,00:00.0,4501245478,,C9120AX,WIRELESS,ENT. - WIRELESS,CHASSIS,-,-,-,-,Not Defined,9/16/2032 0:00,DEFAULT GROUP,,1016697150,SOUTHAMPTON - 100 HARBOUR PARADE,100 HARBOUR PARADE,,,SOUTHAMPTON,HAMPSHIRE,SO15 1BA,UNITED KINGDOM,No,206345589,Covered,Active,L1NBD,L1NBD,Vendor,Yes,12/1/2024 0:00,1/30/2027 0:00,30400375,USD,121.9,0,4501605158,121.9,,113848222,2238.28,N/A,N/A,N/A,,-,0,No,No,No,-,No,-,No,-,No,-,Active,-,Include,0,0,Include,14327,NULL,NULL
Demo,75590691,Cisco,-,FVH124072,123457405,Parent,C9120AXI-E,1,C9120AX Internal 802.11ax 4x4:4 MIMO;IOT;BT5;mGig;USB;RHL,,,,No Ship Date Available,00:00.0,4501245478,,C9120AX,WIRELESS,ENT. - WIRELESS,CHASSIS,-,-,-,-,Not Defined,9/16/2032 0:00,DEFAULT GROUP,,1016697150,SOUTHAMPTON - 100 HARBOUR PARADE,100 HARBOUR PARADE,,,SOUTHAMPTON,HAMPSHIRE,SO15 1BA,UNITED KINGDOM,No,206345589,Covered,Active,L1NBD,L1NBD,Vendor,Yes,12/1/2024 0:00,1/30/2027 0:00,30400375,USD,121.9,0,4501605158,121.9,,113848222,2238.28,N/A,N/A,N/A,,-,0,No,No,No,-,No,-,No,-,No,-,Active,-,Include,0,0,Include,14327,NULL,NULL
Demo,75590699,Cisco,-,FVH124073,123457406,Parent,C9120AXI-E,1,C9120AX Internal 802.11ax 4x4:4 MIMO;IOT;BT5;mGig;USB;RHL,,,,No Ship Date Available,00:00.0,4501245478,,C9120AX,WIRELESS,ENT. - WIRELESS,CHASSIS,-,-,-,-,Not Defined,9/16/2032 0:00,DEFAULT GROUP,,1016697150,SOUTHAMPTON - 100 HARBOUR PARADE,100 HARBOUR PARADE,,,SOUTHAMPTON,HAMPSHIRE,SO15 1BA,UNITED KINGDOM,No,206345589,Covered,Active,L1NBD,L1NBD,Vendor,Yes,12/1/2024 0:00,1/30/2027 0:00,30400375,USD,121.9,0,4501605158,121.9,,113848222,2238.28,N/A,N/A,N/A,,-,0,No,No,No,-,No,-,No,-,No,-,Active,-,Include,0,0,Include,14327,NULL,NULL
Demo,75590707,Cisco,-,FVH124074,123457407,Parent,C9120AXI-E,1,C9120AX Internal 802.11ax 4x4:4 MIMO;IOT;BT5;mGig;USB;RHL,,,,No Ship Date Available,00:00.0,4501245478,,C9120AX,WIRELESS,ENT. - WIRELESS,CHASSIS,-,-,-,-,Not Defined,9/16/2032 0:00,DEFAULT GROUP,,1016697150,SOUTHAMPTON - 100 HARBOUR PARADE,100 HARBOUR PARADE,,,SOUTHAMPTON,HAMPSHIRE,SO15 1BA,UNITED KINGDOM,No,206345589,Covered,Active,L1NBD,L1NBD,Vendor,Yes,12/1/2024 0:00,1/30/2027 0:00,30400375,USD,121.9,0,4501605158,121.9,,113848222,2238.28,N/A,N/A,N/A,,-,0,No,No,No,-,No,-,No,-,No,-,Active,-,Include,0,0,Include,14327,NULL,NULL
Demo,75590715,Cisco,-,FVH124075,123457408,Parent,C9120AXI-E,1,C9120AX Internal 802.11ax 4x4:4 MIMO;IOT;BT5;mGig;USB;RHL,,,,No Ship Date Available,00:00.0,4501245478,,C9120AX,WIRELESS,ENT. - WIRELESS,CHASSIS,-,-,-,-,Not Defined,9/16/2032 0:00,DEFAULT GROUP,,1016697150,SOUTHAMPTON - 100 HARBOUR PARADE,100 HARBOUR PARADE,,,SOUTHAMPTON,HAMPSHIRE,SO15 1BA,UNITED KINGDOM,No,206345589,Covered,Active,L1NBD,L1NBD,Vendor,Yes,12/1/2024 0:00,1/30/2027 0:00,30400375,USD,121.9,0,4501605158,121.9,,113848222,2238.28,N/A,N/A,N/A,,-,0,No,No,No,-,No,-,No,-,No,-,Active,-,Include,0,0,Include,14327,NULL,NULL
Demo,75590799,Cisco,-,FVH124076,123457409,Parent,WS-C2960X-24PD-L,1,"^Catalyst 2960-X 24 GigE PoE 370W, 2 x 10G SFP+, LAN Base",,,,No Ship Date Available,00:00.0,4501256761,,C2960X,ENTERPRISE SWITCHING,ACCESS & AGGREGATION,CHASSIS,Switches,http://www.cisco.com/content/en/us/support/switches/catalyst-2960x-24pd-l-switch/model.html,10/31/2022,10/31/2027,24-36 Months,10/31/2027 0:00,DEFAULT GROUP,,1016697150,SOUTHAMPTON - 100 HARBOUR PARADE,100 HARBOUR PARADE,,,SOUTHAMPTON,HAMPSHIRE,SO15 1BA,UNITED KINGDOM,No,206345589,Covered,Active,L1NBD,L1NBD,Vendor,Yes,12/1/2024 0:00,1/30/2027 0:00,30400375,USD,553.15,0,4501605158,553.15,,107134819,7186,N/A,N/A,N/A,,-,0,No,No,No,-,No,-,No,-,No,-,Active,-,Include,0,0,Include,14327,NULL,NULL
Demo,75590800,Cisco,-,FVH124077,123457410,Parent,WS-C3850-12X48U-S,1,^^Cisco Catalyst 3850 48 Port (12 mGig+36 Gig) UPoE IP Base,,,,No Ship Date Available,00:00.0,81-FE643-S,,C3850,ENTERPRISE SWITCHING,ENT. SWITCHING - ACCESS,CHASSIS,Switches,http://www.cisco.com/content/en/us/support/switches/catalyst-3850-48u-s-switch/model.html,10/30/2020,10/31/2025,0-3 Months,10/31/2025 0:00,DEFAULT GROUP,,1016697150,SOUTHAMPTON - 100 HARBOUR PARADE,100 HARBOUR PARADE,,,SOUTHAMPTON,HAMPSHIRE,SO15 1BA,UNITED KINGDOM,No,206345589,Covered,Active,L1NBD,L1NBD,Vendor,Yes,12/1/2024 0:00,10/31/2025 0:00,30400375,USD,2337.95,0,4501605158,2337.95,,109846804,23759,N/A,N/A,N/A,,-,0,No,No,No,-,No,-,No,-,No,-,Active,-,Include,0,0,Include,14327,NULL,NULL
Demo,75590865,Cisco,-,FVH124078,123457411,Parent,C9120AXI-E,1,C9120AX Internal 802.11ax 4x4:4 MIMO;IOT;BT5;mGig;USB;RHL,,,,No Ship Date Available,00:00.0,4501245478,,C9120AX,WIRELESS,ENT. - WIRELESS,CHASSIS,-,-,-,-,Not Defined,9/16/2032 0:00,DEFAULT GROUP,,1016697150,SOUTHAMPTON - 100 HARBOUR PARADE,100 HARBOUR PARADE,,,SOUTHAMPTON,HAMPSHIRE,SO15 1BA,UNITED KINGDOM,No,206345589,Covered,Active,L1NBD,L1NBD,Vendor,Yes,12/1/2024 0:00,1/30/2027 0:00,30400375,USD,121.9,0,4501605158,121.9,,113848222,2238.28,N/A,N/A,N/A,,-,0,No,No,No,-,No,-,No,-,No,-,Active,-,Include,0,0,Include,14327,NULL,NULL
Demo,75590873,Cisco,-,FVH124079,123457412,Parent,C9120AXI-E,1,C9120AX Internal 802.11ax 4x4:4 MIMO;IOT;BT5;mGig;USB;RHL,,,,No Ship Date Available,00:00.0,4501245478,,C9120AX,WIRELESS,ENT. - WIRELESS,CHASSIS,-,-,-,-,Not Defined,9/16/2032 0:00,DEFAULT GROUP,,1016697150,SOUTHAMPTON - 100 HARBOUR PARADE,100 HARBOUR PARADE,,,SOUTHAMPTON,HAMPSHIRE,SO15 1BA,UNITED KINGDOM,No,206345589,Covered,Active,L1NBD,L1NBD,Vendor,Yes,12/1/2024 0:00,1/30/2027 0:00,30400375,USD,121.9,0,4501605158,121.9,,113848222,2238.28,N/A,N/A,N/A,,-,0,No,No,No,-,No,-,No,-,No,-,Active,-,Include,0,0,Include,14327,NULL,NULL
Demo,75590881,Cisco,-,FVH124080,123457413,Parent,C9120AXI-E,1,C9120AX Internal 802.11ax 4x4:4 MIMO;IOT;BT5;mGig;USB;RHL,,,,No Ship Date Available,00:00.0,4501245478,,C9120AX,WIRELESS,ENT. - WIRELESS,CHASSIS,-,-,-,-,Not Defined,9/16/2032 0:00,DEFAULT GROUP,,1016697150,SOUTHAMPTON - 100 HARBOUR PARADE,100 HARBOUR PARADE,,,SOUTHAMPTON,HAMPSHIRE,SO15 1BA,UNITED KINGDOM,No,206345589,Covered,Active,L1NBD,L1NBD,Vendor,Yes,12/1/2024 0:00,1/30/2027 0:00,30400375,USD,121.9,0,4501605158,121.9,,113848222,2238.28,N/A,N/A,N/A,,-,0,No,No,No,-,No,-,No,-,No,-,Active,-,Include,0,0,Include,14327,NULL,NULL
Demo,75590889,Cisco,-,FVH124081,123457414,Parent,C9120AXI-E,1,C9120AX Internal 802.11ax 4x4:4 MIMO;IOT;BT5;mGig;USB;RHL,,,,No Ship Date Available,00:00.0,4501245478,,C9120AX,WIRELESS,ENT. - WIRELESS,CHASSIS,-,-,-,-,Not Defined,9/16/2032 0:00,DEFAULT GROUP,,1016697150,SOUTHAMPTON - 100 HARBOUR PARADE,100 HARBOUR PARADE,,,SOUTHAMPTON,HAMPSHIRE,SO15 1BA,UNITED KINGDOM,No,206345589,Covered,Active,L1NBD,L1NBD,Vendor,Yes,12/1/2024 0:00,1/30/2027 0:00,30400375,USD,121.9,0,4501605158,121.9,,113848222,2238.28,N/A,N/A,N/A,,-,0,No,No,No,-,No,-,No,-,No,-,Active,-,Include,0,0,Include,14327,NULL,NULL
Demo,75590897,Cisco,-,FVH124082,123457415,Parent,C9120AXI-E,1,C9120AX Internal 802.11ax 4x4:4 MIMO;IOT;BT5;mGig;USB;RHL,,,,No Ship Date Available,00:00.0,4501245478,,C9120AX,WIRELESS,ENT. - WIRELESS,CHASSIS,-,-,-,-,Not Defined,9/16/2032 0:00,DEFAULT GROUP,,1016697150,SOUTHAMPTON - 100 HARBOUR PARADE,100 HARBOUR PARADE,,,SOUTHAMPTON,HAMPSHIRE,SO15 1BA,UNITED KINGDOM,No,206345589,Covered,Active,L1NBD,L1NBD,Vendor,Yes,12/1/2024 0:00,1/30/2027 0:00,30400375,USD,121.9,0,4501605158,121.9,,113848222,2238.28,N/A,N/A,N/A,,-,0,No,No,No,-,No,-,No,-,No,-,Active,-,Include,0,0,Include,14327,NULL,NULL
Demo,75590905,Cisco,-,FVH124083,123457416,Parent,C9120AXI-E,1,C9120AX Internal 802.11ax 4x4:4 MIMO;IOT;BT5;mGig;USB;RHL,,,,No Ship Date Available,00:00.0,4501245478,,C9120AX,WIRELESS,ENT. - WIRELESS,CHASSIS,-,-,-,-,Not Defined,9/16/2032 0:00,DEFAULT GROUP,,1016697150,SOUTHAMPTON - 100 HARBOUR PARADE,100 HARBOUR PARADE,,,SOUTHAMPTON,HAMPSHIRE,SO15 1BA,UNITED KINGDOM,No,206345589,Covered,Active,L1NBD,L1NBD,Vendor,Yes,12/1/2024 0:00,1/30/2027 0:00,30400375,USD,121.9,0,4501605158,121.9,,113848222,2238.28,N/A,N/A,N/A,,-,0,No,No,No,-,No,-,No,-,No,-,Active,-,Include,0,0,Include,14327,NULL,NULL
Demo,75590913,Cisco,-,FVH124084,123457417,Parent,C9120AXI-E,1,C9120AX Internal 802.11ax 4x4:4 MIMO;IOT;BT5;mGig;USB;RHL,,,,No Ship Date Available,00:00.0,4501245478,,C9120AX,WIRELESS,ENT. - WIRELESS,CHASSIS,-,-,-,-,Not Defined,9/16/2032 0:00,DEFAULT GROUP,,1016697150,SOUTHAMPTON - 100 HARBOUR PARADE,100 HARBOUR PARADE,,,SOUTHAMPTON,HAMPSHIRE,SO15 1BA,UNITED KINGDOM,No,206345589,Covered,Active,L1NBD,L1NBD,Vendor,Yes,12/1/2024 0:00,1/30/2027 0:00,30400375,USD,121.9,0,4501605158,121.9,,113848222,2238.28,N/A,N/A,N/A,,-,0,No,No,No,-,No,-,No,-,No,-,Active,-,Include,0,0,Include,14327,NULL,NULL
Demo,75590921,Cisco,-,FVH124085,123457418,Parent,C9120AXI-E,1,C9120AX Internal 802.11ax 4x4:4 MIMO;IOT;BT5;mGig;USB;RHL,,,,No Ship Date Available,00:00.0,4501245478,,C9120AX,WIRELESS,ENT. - WIRELESS,CHASSIS,-,-,-,-,Not Defined,9/16/2032 0:00,DEFAULT GROUP,,1016697150,SOUTHAMPTON - 100 HARBOUR PARADE,100 HARBOUR PARADE,,,SOUTHAMPTON,HAMPSHIRE,SO15 1BA,UNITED KINGDOM,No,206345589,Covered,Active,L1NBD,L1NBD,Vendor,Yes,12/1/2024 0:00,1/30/2027 0:00,30400375,USD,121.9,0,4501605158,121.9,,113848222,2238.28,N/A,N/A,N/A,,-,0,No,No,No,-,No,-,No,-,No,-,Active,-,Include,0,0,Include,14327,NULL,NULL
Demo,75590929,Cisco,-,FVH124086,123457419,Parent,C9120AXI-E,1,C9120AX Internal 802.11ax 4x4:4 MIMO;IOT;BT5;mGig;USB;RHL,,,,No Ship Date Available,00:00.0,4501245478,,C9120AX,WIRELESS,ENT. - WIRELESS,CHASSIS,-,-,-,-,Not Defined,9/16/2032 0:00,DEFAULT GROUP,,1016697150,SOUTHAMPTON - 100 HARBOUR PARADE,100 HARBOUR PARADE,,,SOUTHAMPTON,HAMPSHIRE,SO15 1BA,UNITED KINGDOM,No,206345589,Covered,Active,L1NBD,L1NBD,Vendor,Yes,12/1/2024 0:00,1/30/2027 0:00,30400375,USD,121.9,0,4501605158,121.9,,113848222,2238.28,N/A,N/A,N/A,,-,0,No,No,No,-,No,-,No,-,No,-,Active,-,Include,0,0,Include,14327,NULL,NULL
Demo,75591070,Cisco,-,FVH124087,123457420,Parent,WS-C3850-48P-S,1,^^Cisco Catalyst 3850 48 Port PoE IP Base,,,,No Ship Date Available,00:00.0,81-EZD29-S,,C3850,ENTERPRISE SWITCHING,ENT. SWITCHING - ACCESS,CHASSIS,Switches,http://www.cisco.com/content/en/us/support/switches/catalyst-3850-48p-s-switch/model.html,10/30/2020,10/31/2025,0-3 Months,10/31/2025 0:00,DEFAULT GROUP,,1016697150,SOUTHAMPTON - 100 HARBOUR PARADE,100 HARBOUR PARADE,,,SOUTHAMPTON,HAMPSHIRE,SO15 1BA,UNITED KINGDOM,No,206345589,Covered,Active,L1NBD,L1NBD,Vendor,Yes,12/1/2024 0:00,10/31/2025 0:00,30400375,USD,1984.9,0,4501605158,1984.9,,109533946,20171,N/A,N/A,N/A,,-,0,No,No,No,-,No,-,No,-,No,-,Active,-,Include,0,0,Include,14327,NULL,NULL
Demo,75591079,Cisco,-,FVH124088,123457421,Parent,C9300-48U-E,1,"Catalyst 9300 48-port UPOE, Network Essentials",,,,No Ship Date Available,00:00.0,4501099794,,C9300,ENTERPRISE SWITCHING,ENT. SWITCHING - ACCESS,CHASSIS,-,-,-,-,Not Defined,9/23/2031 0:00,DEFAULT GROUP,AIDA CRUISES,2001479781,ROSTOCK - AM STRANDE 3,AM STRANDE 3,,,ROSTOCK,,18055,GERMANY,No,200300338,Covered,Active,PSRT,PRTNR SS 8X5XNBD,Vendor,Yes,7/23/2021 0:00,7/22/2026 0:00,,USD,522.46,0,4501099794,1033.85,,112272978,13640.57,N/A,N/A,N/A,,-,0,No,No,No,-,No,-,No,-,No,-,Active,-,Include,0,0,Include,14327,NULL,NULL
Demo,75591154,Cisco,-,FVH124089,123457422,Parent,C9120AXI-E,1,C9120AX Internal 802.11ax 4x4:4 MIMO;IOT;BT5;mGig;USB;RHL,,,,No Ship Date Available,00:00.0,4501245478,,C9120AX,WIRELESS,ENT. - WIRELESS,CHASSIS,-,-,-,-,Not Defined,9/16/2032 0:00,DEFAULT GROUP,,1016697150,SOUTHAMPTON - 100 HARBOUR PARADE,100 HARBOUR PARADE,,,SOUTHAMPTON,HAMPSHIRE,SO15 1BA,UNITED KINGDOM,No,206345589,Covered,Active,L1NBD,L1NBD,Vendor,Yes,12/1/2024 0:00,1/30/2027 0:00,30400375,USD,121.9,0,4501605158,121.9,,113848222,2238.28,N/A,N/A,N/A,,-,0,No,No,No,-,No,-,No,-,No,-,Active,-,Include,0,0,Include,14327,NULL,NULL
Demo,75591162,Cisco,-,FVH124090,123457423,Parent,C9120AXI-E,1,C9120AX Internal 802.11ax 4x4:4 MIMO;IOT;BT5;mGig;USB;RHL,,,,No Ship Date Available,00:00.0,4501245478,,C9120AX,WIRELESS,ENT. - WIRELESS,CHASSIS,-,-,-,-,Not Defined,9/16/2032 0:00,DEFAULT GROUP,,1016697150,SOUTHAMPTON - 100 HARBOUR PARADE,100 HARBOUR PARADE,,,SOUTHAMPTON,HAMPSHIRE,SO15 1BA,UNITED KINGDOM,No,206345589,Covered,Active,L1NBD,L1NBD,Vendor,Yes,12/1/2024 0:00,1/30/2027 0:00,30400375,USD,121.9,0,4501605158,121.9,,113848222,2238.28,N/A,N/A,N/A,,-,0,No,No,No,-,No,-,No,-,No,-,Active,-,Include,0,0,Include,14327,NULL,NULL
Demo,75591170,Cisco,-,FVH124091,123457424,Parent,C9120AXI-E,1,C9120AX Internal 802.11ax 4x4:4 MIMO;IOT;BT5;mGig;USB;RHL,,,,No Ship Date Available,00:00.0,4501245478,,C9120AX,WIRELESS,ENT. - WIRELESS,CHASSIS,-,-,-,-,Not Defined,9/16/2032 0:00,DEFAULT GROUP,,1016697150,SOUTHAMPTON - 100 HARBOUR PARADE,100 HARBOUR PARADE,,,SOUTHAMPTON,HAMPSHIRE,SO15 1BA,UNITED KINGDOM,No,206345589,Covered,Active,L1NBD,L1NBD,Vendor,Yes,12/1/2024 0:00,1/30/2027 0:00,30400375,USD,121.9,0,4501605158,121.9,,113848222,2238.28,N/A,N/A,N/A,,-,0,No,No,No,-,No,-,No,-,No,-,Active,-,Include,0,0,Include,14327,NULL,NULL
Demo,75591381,Cisco,-,FVH124092,123457425,Parent,C9120AXI-E,1,C9120AX Internal 802.11ax 4x4:4 MIMO;IOT;BT5;mGig;USB;RHL,,,,No Ship Date Available,00:00.0,4501245478,,C9120AX,WIRELESS,ENT. - WIRELESS,CHASSIS,-,-,-,-,Not Defined,9/16/2032 0:00,DEFAULT GROUP,,1016697150,SOUTHAMPTON - 100 HARBOUR PARADE,100 HARBOUR PARADE,,,SOUTHAMPTON,HAMPSHIRE,SO15 1BA,UNITED KINGDOM,No,206345589,Covered,Active,L1NBD,L1NBD,Vendor,Yes,12/1/2024 0:00,1/30/2027 0:00,30400375,USD,121.9,0,4501605158,121.9,,113848222,2238.28,N/A,N/A,N/A,,-,0,No,No,No,-,No,-,No,-,No,-,Active,-,Include,0,0,Include,14327,NULL,NULL
Demo,75591389,Cisco,-,FVH124093,123457426,Parent,C9120AXI-E,1,C9120AX Internal 802.11ax 4x4:4 MIMO;IOT;BT5;mGig;USB;RHL,,,,No Ship Date Available,00:00.0,4501245478,,C9120AX,WIRELESS,ENT. - WIRELESS,CHASSIS,-,-,-,-,Not Defined,9/16/2032 0:00,DEFAULT GROUP,,1016697150,SOUTHAMPTON - 100 HARBOUR PARADE,100 HARBOUR PARADE,,,SOUTHAMPTON,HAMPSHIRE,SO15 1BA,UNITED KINGDOM,No,206345589,Covered,Active,L1NBD,L1NBD,Vendor,Yes,12/1/2024 0:00,1/30/2027 0:00,30400375,USD,121.9,0,4501605158,121.9,,113848222,2238.28,N/A,N/A,N/A,,-,0,No,No,No,-,No,-,No,-,No,-,Active,-,Include,0,0,Include,14327,NULL,NULL
Demo,75591397,Cisco,-,FVH124094,123457427,Parent,C9120AXI-E,1,C9120AX Internal 802.11ax 4x4:4 MIMO;IOT;BT5;mGig;USB;RHL,,,,No Ship Date Available,00:00.0,4501245478,,C9120AX,WIRELESS,ENT. - WIRELESS,CHASSIS,-,-,-,-,Not Defined,9/16/2032 0:00,DEFAULT GROUP,,1016697150,SOUTHAMPTON - 100 HARBOUR PARADE,100 HARBOUR PARADE,,,SOUTHAMPTON,HAMPSHIRE,SO15 1BA,UNITED KINGDOM,No,206345589,Covered,Active,L1NBD,L1NBD,Vendor,Yes,12/1/2024 0:00,1/30/2027 0:00,30400375,USD,121.9,0,4501605158,121.9,,113848222,2238.28,N/A,N/A,N/A,,-,0,No,No,No,-,No,-,No,-,No,-,Active,-,Include,0,0,Include,14327,NULL,NULL
Demo,75591405,Cisco,-,FVH124095,123457428,Parent,C9120AXI-E,1,C9120AX Internal 802.11ax 4x4:4 MIMO;IOT;BT5;mGig;USB;RHL,,,,No Ship Date Available,00:00.0,4501245478,,C9120AX,WIRELESS,ENT. - WIRELESS,CHASSIS,-,-,-,-,Not Defined,9/16/2032 0:00,DEFAULT GROUP,,1016697150,SOUTHAMPTON - 100 HARBOUR PARADE,100 HARBOUR PARADE,,,SOUTHAMPTON,HAMPSHIRE,SO15 1BA,UNITED KINGDOM,No,206345589,Covered,Active,L1NBD,L1NBD,Vendor,Yes,12/1/2024 0:00,1/30/2027 0:00,30400375,USD,121.9,0,4501605158,121.9,,113848222,2238.28,N/A,N/A,N/A,,-,0,No,No,No,-,No,-,No,-,No,-,Active,-,Include,0,0,Include,14327,NULL,NULL
Demo,75591413,Cisco,-,FVH124096,123457429,Parent,C9120AXI-E,1,C9120AX Internal 802.11ax 4x4:4 MIMO;IOT;BT5;mGig;USB;RHL,,,,No Ship Date Available,00:00.0,4501245478,,C9120AX,WIRELESS,ENT. - WIRELESS,CHASSIS,-,-,-,-,Not Defined,9/16/2032 0:00,DEFAULT GROUP,,1016697150,SOUTHAMPTON - 100 HARBOUR PARADE,100 HARBOUR PARADE,,,SOUTHAMPTON,HAMPSHIRE,SO15 1BA,UNITED KINGDOM,No,206345589,Covered,Active,L1NBD,L1NBD,Vendor,Yes,12/1/2024 0:00,1/30/2027 0:00,30400375,USD,121.9,0,4501605158,121.9,,113848222,2238.28,N/A,N/A,N/A,,-,0,No,No,No,-,No,-,No,-,No,-,Active,-,Include,0,0,Include,14327,NULL,NULL
Demo,75591421,Cisco,-,FVH124097,123457430,Parent,C9120AXI-E,1,C9120AX Internal 802.11ax 4x4:4 MIMO;IOT;BT5;mGig;USB;RHL,,,,No Ship Date Available,00:00.0,4501245478,,C9120AX,WIRELESS,ENT. - WIRELESS,CHASSIS,-,-,-,-,Not Defined,9/16/2032 0:00,DEFAULT GROUP,,1016697150,SOUTHAMPTON - 100 HARBOUR PARADE,100 HARBOUR PARADE,,,SOUTHAMPTON,HAMPSHIRE,SO15 1BA,UNITED KINGDOM,No,206345589,Covered,Active,L1NBD,L1NBD,Vendor,Yes,12/1/2024 0:00,1/30/2027 0:00,30400375,USD,121.9,0,4501605158,121.9,,113848222,2238.28,N/A,N/A,N/A,,-,0,No,No,No,-,No,-,No,-,No,-,Active,-,Include,0,0,Include,14327,NULL,NULL
Demo,75591429,Cisco,-,FVH124098,123457431,Parent,C9120AXI-E,1,C9120AX Internal 802.11ax 4x4:4 MIMO;IOT;BT5;mGig;USB;RHL,,,,No Ship Date Available,00:00.0,4501245478,,C9120AX,WIRELESS,ENT. - WIRELESS,CHASSIS,-,-,-,-,Not Defined,9/16/2032 0:00,DEFAULT GROUP,,1016697150,SOUTHAMPTON - 100 HARBOUR PARADE,100 HARBOUR PARADE,,,SOUTHAMPTON,HAMPSHIRE,SO15 1BA,UNITED KINGDOM,No,206345589,Covered,Active,L1NBD,L1NBD,Vendor,Yes,12/1/2024 0:00,1/30/2027 0:00,30400375,USD,121.9,0,4501605158,121.9,,113848222,2238.28,N/A,N/A,N/A,,-,0,No,No,No,-,No,-,No,-,No,-,Active,-,Include,0,0,Include,14327,NULL,NULL
Demo,75591437,Cisco,-,FVH124099,123457432,Parent,C9300-48U-E,1,"Catalyst 9300 48-port UPOE, Network Essentials",,,,No Ship Date Available,00:00.0,4501099794,,C9300,ENTERPRISE SWITCHING,ENT. SWITCHING - ACCESS,CHASSIS,-,-,-,-,Not Defined,9/25/2031 0:00,DEFAULT GROUP,AIDA CRUISES,2001479781,ROSTOCK - AM STRANDE 3,AM STRANDE 3,,,ROSTOCK,,18055,GERMANY,No,200300338,Covered,Active,PSRT,PRTNR SS 8X5XNBD,Vendor,Yes,7/25/2021 0:00,7/24/2026 0:00,,USD,522.46,0,4501099794,1033.85,,112272978,13640.57,N/A,N/A,N/A,,-,0,No,No,No,-,No,-,No,-,No,-,Active,-,Include,0,0,Include,14327,NULL,NULL
Demo,75591449,Cisco,-,FVH124100,123457433,Parent,C9300-48U-E,1,"Catalyst 9300 48-port UPOE, Network Essentials",,,,No Ship Date Available,00:00.0,4501099794,,C9300,ENTERPRISE SWITCHING,ENT. SWITCHING - ACCESS,CHASSIS,-,-,-,-,Not Defined,9/25/2031 0:00,DEFAULT GROUP,AIDA CRUISES,2001479781,ROSTOCK - AM STRANDE 3,AM STRANDE 3,,,ROSTOCK,,18055,GERMANY,No,200300338,Covered,Active,PSRT,PRTNR SS 8X5XNBD,Vendor,Yes,7/25/2021 0:00,7/24/2026 0:00,,USD,522.46,0,4501099794,1033.85,,112272978,13640.57,N/A,N/A,N/A,,-,0,No,No,No,-,No,-,No,-,No,-,Active,-,Include,0,0,Include,14327,NULL,NULL
Demo,75591557,Cisco,-,FVH124101,123457434,Parent,C9120AXI-E,1,C9120AX Internal 802.11ax 4x4:4 MIMO;IOT;BT5;mGig;USB;RHL,,,,No Ship Date Available,00:00.0,4501245478,,C9120AX,WIRELESS,ENT. - WIRELESS,CHASSIS,-,-,-,-,Not Defined,9/16/2032 0:00,DEFAULT GROUP,,1016697150,SOUTHAMPTON - 100 HARBOUR PARADE,100 HARBOUR PARADE,,,SOUTHAMPTON,HAMPSHIRE,SO15 1BA,UNITED KINGDOM,No,206345589,Covered,Active,L1NBD,L1NBD,Vendor,Yes,12/1/2024 0:00,1/30/2027 0:00,30400375,USD,121.9,0,4501605158,121.9,,113848222,2238.28,N/A,N/A,N/A,,-,0,No,No,No,-,No,-,No,-,No,-,Active,-,Include,0,0,Include,14327,NULL,NULL
Demo,75591565,Cisco,-,FVH124102,123457435,Parent,C9120AXI-E,1,C9120AX Internal 802.11ax 4x4:4 MIMO;IOT;BT5;mGig;USB;RHL,,,,No Ship Date Available,00:00.0,4501245478,,C9120AX,WIRELESS,ENT. - WIRELESS,CHASSIS,-,-,-,-,Not Defined,9/16/2032 0:00,DEFAULT GROUP,,1016697150,SOUTHAMPTON - 100 HARBOUR PARADE,100 HARBOUR PARADE,,,SOUTHAMPTON,HAMPSHIRE,SO15 1BA,UNITED KINGDOM,No,206345589,Covered,Active,L1NBD,L1NBD,Vendor,Yes,12/1/2024 0:00,1/30/2027 0:00,30400375,USD,121.9,0,4501605158,121.9,,113848222,2238.28,N/A,N/A,N/A,,-,0,No,No,No,-,No,-,No,-,No,-,Active,-,Include,0,0,Include,14327,NULL,NULL
Demo,75591573,Cisco,-,FVH124103,123457436,Parent,C9120AXI-E,1,C9120AX Internal 802.11ax 4x4:4 MIMO;IOT;BT5;mGig;USB;RHL,,,,No Ship Date Available,00:00.0,4501245478,,C9120AX,WIRELESS,ENT. - WIRELESS,CHASSIS,-,-,-,-,Not Defined,9/16/2032 0:00,DEFAULT GROUP,,1016697150,SOUTHAMPTON - 100 HARBOUR PARADE,100 HARBOUR PARADE,,,SOUTHAMPTON,HAMPSHIRE,SO15 1BA,UNITED KINGDOM,No,206345589,Covered,Active,L1NBD,L1NBD,Vendor,Yes,12/1/2024 0:00,1/30/2027 0:00,30400375,USD,121.9,0,4501605158,121.9,,113848222,2238.28,N/A,N/A,N/A,,-,0,No,No,No,-,No,-,No,-,No,-,Active,-,Include,0,0,Include,14327,NULL,NULL
Demo,75591581,Cisco,-,FVH124104,123457437,Parent,C9120AXI-E,1,C9120AX Internal 802.11ax 4x4:4 MIMO;IOT;BT5;mGig;USB;RHL,,,,No Ship Date Available,00:00.0,4501245478,,C9120AX,WIRELESS,ENT. - WIRELESS,CHASSIS,-,-,-,-,Not Defined,9/16/2032 0:00,DEFAULT GROUP,,1016697150,SOUTHAMPTON - 100 HARBOUR PARADE,100 HARBOUR PARADE,,,SOUTHAMPTON,HAMPSHIRE,SO15 1BA,UNITED KINGDOM,No,206345589,Covered,Active,L1NBD,L1NBD,Vendor,Yes,12/1/2024 0:00,1/30/2027 0:00,30400375,USD,121.9,0,4501605158,121.9,,113848222,2238.28,N/A,N/A,N/A,,-,0,No,No,No,-,No,-,No,-,No,-,Active,-,Include,0,0,Include,14327,NULL,NULL
Demo,75591589,Cisco,-,FVH124105,123457438,Parent,C9120AXI-E,1,C9120AX Internal 802.11ax 4x4:4 MIMO;IOT;BT5;mGig;USB;RHL,,,,No Ship Date Available,00:00.0,4501245478,,C9120AX,WIRELESS,ENT. - WIRELESS,CHASSIS,-,-,-,-,Not Defined,9/16/2032 0:00,DEFAULT GROUP,,1016697150,SOUTHAMPTON - 100 HARBOUR PARADE,100 HARBOUR PARADE,,,SOUTHAMPTON,HAMPSHIRE,SO15 1BA,UNITED KINGDOM,No,206345589,Covered,Active,L1NBD,L1NBD,Vendor,Yes,12/1/2024 0:00,1/30/2027 0:00,30400375,USD,121.9,0,4501605158,121.9,,113848222,2238.28,N/A,N/A,N/A,,-,0,No,No,No,-,No,-,No,-,No,-,Active,-,Include,0,0,Include,14327,NULL,NULL
Demo,75591597,Cisco,-,FVH124106,123457439,Parent,C9120AXI-E,1,C9120AX Internal 802.11ax 4x4:4 MIMO;IOT;BT5;mGig;USB;RHL,,,,No Ship Date Available,00:00.0,4501245478,,C9120AX,WIRELESS,ENT. - WIRELESS,CHASSIS,-,-,-,-,Not Defined,9/16/2032 0:00,DEFAULT GROUP,,1016697150,SOUTHAMPTON - 100 HARBOUR PARADE,100 HARBOUR PARADE,,,SOUTHAMPTON,HAMPSHIRE,SO15 1BA,UNITED KINGDOM,No,206345589,Covered,Active,L1NBD,L1NBD,Vendor,Yes,12/1/2024 0:00,1/30/2027 0:00,30400375,USD,121.9,0,4501605158,121.9,,113848222,2238.28,N/A,N/A,N/A,,-,0,No,No,No,-,No,-,No,-,No,-,Active,-,Include,0,0,Include,14327,NULL,NULL
Demo,75591605,Cisco,-,FVH124107,123457440,Parent,C9120AXI-E,1,C9120AX Internal 802.11ax 4x4:4 MIMO;IOT;BT5;mGig;USB;RHL,,,,No Ship Date Available,00:00.0,4501245478,,C9120AX,WIRELESS,ENT. - WIRELESS,CHASSIS,-,-,-,-,Not Defined,9/16/2032 0:00,DEFAULT GROUP,,1016697150,SOUTHAMPTON - 100 HARBOUR PARADE,100 HARBOUR PARADE,,,SOUTHAMPTON,HAMPSHIRE,SO15 1BA,UNITED KINGDOM,No,206345589,Covered,Active,L1NBD,L1NBD,Vendor,Yes,12/1/2024 0:00,1/30/2027 0:00,30400375,USD,121.9,0,4501605158,121.9,,113848222,2238.28,N/A,N/A,N/A,,-,0,No,No,No,-,No,-,No,-,No,-,Active,-,Include,0,0,Include,14327,NULL,NULL
Demo,75591659,Cisco,-,FVH124108,123457441,Parent,C9120AXI-E,1,C9120AX Internal 802.11ax 4x4:4 MIMO;IOT;BT5;mGig;USB;RHL,,,,No Ship Date Available,00:00.0,4501245478,,C9120AX,WIRELESS,ENT. - WIRELESS,CHASSIS,-,-,-,-,Not Defined,9/16/2032 0:00,DEFAULT GROUP,,1016697150,SOUTHAMPTON - 100 HARBOUR PARADE,100 HARBOUR PARADE,,,SOUTHAMPTON,HAMPSHIRE,SO15 1BA,UNITED KINGDOM,No,206345589,Covered,Active,L1NBD,L1NBD,Vendor,Yes,12/1/2024 0:00,1/30/2027 0:00,30400375,USD,121.9,0,4501605158,121.9,,113848222,2238.28,N/A,N/A,N/A,,-,0,No,No,No,-,No,-,No,-,No,-,Active,-,Include,0,0,Include,14327,NULL,NULL
Demo,75591833,Cisco,-,FVH124109,123457442,Parent,WS-C2960X-48LPD-L,1,"^Catalyst 2960-X 48 GigE PoE 370W, 2 x 10G SFP+ LAN Base",,,,No Ship Date Available,00:00.0,4501226381,,C2960X,ENTERPRISE SWITCHING,ACCESS & AGGREGATION,CHASSIS,Switches,http://www.cisco.com/content/en/us/support/switches/catalyst-2960x-48lpd-l-switch/model.html,10/31/2022,10/31/2027,24-36 Months,10/31/2027 0:00,DEFAULT GROUP,,1016697150,SOUTHAMPTON - 100 HARBOUR PARADE,100 HARBOUR PARADE,,,SOUTHAMPTON,HAMPSHIRE,SO15 1BA,UNITED KINGDOM,No,206345589,Covered,Active,L1NBD,L1NBD,Vendor,Yes,12/1/2024 0:00,1/30/2027 0:00,30400375,USD,841.8,0,4501605158,841.8,,106884071,10937,N/A,N/A,N/A,,-,0,No,No,No,-,No,-,No,-,No,-,Active,-,Include,0,0,Include,14327,NULL,NULL
Demo,75591836,Cisco,-,FVH124110,123457443,Parent,WS-C2960X-48LPD-L,1,"^Catalyst 2960-X 48 GigE PoE 370W, 2 x 10G SFP+ LAN Base",,,,No Ship Date Available,00:00.0,4501226381,,C2960X,ENTERPRISE SWITCHING,ACCESS & AGGREGATION,CHASSIS,Switches,http://www.cisco.com/content/en/us/support/switches/catalyst-2960x-48lpd-l-switch/model.html,10/31/2022,10/31/2027,24-36 Months,10/31/2027 0:00,DEFAULT GROUP,,1016697150,SOUTHAMPTON - 100 HARBOUR PARADE,100 HARBOUR PARADE,,,SOUTHAMPTON,HAMPSHIRE,SO15 1BA,UNITED KINGDOM,No,206345589,Covered,Active,L1NBD,L1NBD,Vendor,Yes,12/1/2024 0:00,1/30/2027 0:00,30400375,USD,841.8,0,4501605158,841.8,,106884071,10937,N/A,N/A,N/A,,-,0,No,No,No,-,No,-,No,-,No,-,Active,-,Include,0,0,Include,14327,NULL,NULL
Demo,75591839,Cisco,-,FVH124111,123457444,Parent,WS-C2960X-48LPD-L,1,"^Catalyst 2960-X 48 GigE PoE 370W, 2 x 10G SFP+ LAN Base",,,,No Ship Date Available,00:00.0,4501226381,,C2960X,ENTERPRISE SWITCHING,ACCESS & AGGREGATION,CHASSIS,Switches,http://www.cisco.com/content/en/us/support/switches/catalyst-2960x-48lpd-l-switch/model.html,10/31/2022,10/31/2027,24-36 Months,10/31/2027 0:00,DEFAULT GROUP,CARNIVAL PLC,1056363584,SOUTHAMPTON - MAJESTIC ROAD,MAJESTIC ROAD,,,SOUTHAMPTON,HAMPSHIRE,SO16 0YT,UNITED KINGDOM,No,206345589,Covered,Active,L1NBD,L1NBD,Vendor,Yes,12/1/2024 0:00,1/30/2027 0:00,30400375,USD,841.8,0,4501616850,841.8,,106884071,10937,N/A,N/A,N/A,,-,0,No,No,No,-,No,-,No,-,No,-,Active,-,Include,0,0,Include,14327,NULL,NULL
Demo,75591914,Cisco,-,FVH124112,123457445,Parent,C9500-48Y4C-A,1,"Catalyst 9500 48-port x 1/10/25G + 4-port 40/100G, Advantage",,,,No Ship Date Available,00:00.0,4501577792,,C9500,ENTERPRISE SWITCHING,ENT. SWITCHING - ACCESS,CHASSIS,-,-,-,-,Not Defined,12/18/2034 0:00,DEFAULT GROUP,,1061032996,HALLE - WALTER-HALSE-STRAAE 1 C/O FRAUNHOFER-INSTITUT IMWS,WALTER-HALSE-STRAAE 1 C/O FRAUNHOFER-INSTITUT IMWS,,,HALLE,,6120,GERMANY,No,200216511,Covered,Active,PSRT,PRTNR SS 8X5XNBD,Vendor,Yes,10/18/2024 0:00,10/17/2025 0:00,,USD,1192.21,0,4501577792,2359.8,,117748733,29611.33,N/A,N/A,N/A,,-,0,No,No,No,-,No,-,No,-,No,-,Active,-,Include,0,0,Include,14327,NULL,NULL
Demo,75591938,Cisco,-,FVH124113,123457446,Parent,C9300-24U-E,1,"Catalyst 9300 24-port UPOE, Network Essentials",,,,No Ship Date Available,00:00.0,4501603898,,C9300,ENTERPRISE SWITCHING,ENT. SWITCHING - ACCESS,CHASSIS,-,-,-,-,Not Defined,3/13/2035 0:00,DEFAULT GROUP,,1063576823,KECSKEMET - DAIMLER UT 1,DAIMLER UT 1,,,KECSKEMET,,6000,HUNGARY,No,200216511,Covered,Active,PSRT,PRTNR SS 8X5XNBD,Vendor,Yes,1/12/2025 0:00,1/11/2026 0:00,,USD,299.07,0,4501603898,592.25,,118097377,7898.7,N/A,N/A,N/A,,-,0,No,No,No,-,No,-,No,-,No,-,Active,-,Include,0,0,Include,14327,NULL,NULL
Demo,75591953,Cisco,-,FVH124114,123457447,Parent,C9300-24U-E,1,"Catalyst 9300 24-port UPOE, Network Essentials",,,,No Ship Date Available,00:00.0,4501603898,,C9300,ENTERPRISE SWITCHING,ENT. SWITCHING - ACCESS,CHASSIS,-,-,-,-,Not Defined,3/13/2035 0:00,DEFAULT GROUP,,1063576823,KECSKEMET - DAIMLER UT 1,DAIMLER UT 1,,,KECSKEMET,,6000,HUNGARY,No,200216511,Covered,Active,PSRT,PRTNR SS 8X5XNBD,Vendor,Yes,1/12/2025 0:00,1/11/2026 0:00,,USD,299.07,0,4501603898,592.25,,118097377,7898.7,N/A,N/A,N/A,,-,0,No,No,No,-,No,-,No,-,No,-,Active,-,Include,0,0,Include,14327,NULL,NULL
Demo,75592030,Cisco,-,FVH124115,123457448,Parent,C9120AXI-E,1,C9120AX Internal 802.11ax 4x4:4 MIMO;IOT;BT5;mGig;USB;RHL,,,,No Ship Date Available,00:00.0,4501245478,,C9120AX,WIRELESS,ENT. - WIRELESS,CHASSIS,-,-,-,-,Not Defined,9/16/2032 0:00,DEFAULT GROUP,,1016697150,SOUTHAMPTON - 100 HARBOUR PARADE,100 HARBOUR PARADE,,,SOUTHAMPTON,HAMPSHIRE,SO15 1BA,UNITED KINGDOM,No,206345589,Covered,Active,L1NBD,L1NBD,Vendor,Yes,12/1/2024 0:00,1/30/2027 0:00,30400375,USD,121.9,0,4501605158,121.9,,113848222,2238.28,N/A,N/A,N/A,,-,0,No,No,No,-,No,-,No,-,No,-,Active,-,Include,0,0,Include,14327,NULL,NULL
Demo,75592038,Cisco,-,FVH124116,123457449,Parent,C9120AXI-E,1,C9120AX Internal 802.11ax 4x4:4 MIMO;IOT;BT5;mGig;USB;RHL,,,,No Ship Date Available,00:00.0,4501245478,,C9120AX,WIRELESS,ENT. - WIRELESS,CHASSIS,-,-,-,-,Not Defined,9/16/2032 0:00,DEFAULT GROUP,,1016697150,SOUTHAMPTON - 100 HARBOUR PARADE,100 HARBOUR PARADE,,,SOUTHAMPTON,HAMPSHIRE,SO15 1BA,UNITED KINGDOM,No,206345589,Covered,Active,L1NBD,L1NBD,Vendor,Yes,12/1/2024 0:00,1/30/2027 0:00,30400375,USD,121.9,0,4501605158,121.9,,113848222,2238.28,N/A,N/A,N/A,,-,0,No,No,No,-,No,-,No,-,No,-,Active,-,Include,0,0,Include,14327,NULL,NULL
Demo,75592046,Cisco,-,FVH124117,123457450,Parent,C9120AXI-E,1,C9120AX Internal 802.11ax 4x4:4 MIMO;IOT;BT5;mGig;USB;RHL,,,,No Ship Date Available,00:00.0,4501245478,,C9120AX,WIRELESS,ENT. - WIRELESS,CHASSIS,-,-,-,-,Not Defined,9/16/2032 0:00,DEFAULT GROUP,,1016697150,SOUTHAMPTON - 100 HARBOUR PARADE,100 HARBOUR PARADE,,,SOUTHAMPTON,HAMPSHIRE,SO15 1BA,UNITED KINGDOM,No,206345589,Covered,Active,L1NBD,L1NBD,Vendor,Yes,12/1/2024 0:00,1/30/2027 0:00,30400375,USD,121.9,0,4501605158,121.9,,113848222,2238.28,N/A,N/A,N/A,,-,0,No,No,No,-,No,-,No,-,No,-,Active,-,Include,0,0,Include,14327,NULL,NULL
Demo,75592054,Cisco,-,FVH124118,123457451,Parent,C9120AXI-E,1,C9120AX Internal 802.11ax 4x4:4 MIMO;IOT;BT5;mGig;USB;RHL,,,,No Ship Date Available,00:00.0,4501245478,,C9120AX,WIRELESS,ENT. - WIRELESS,CHASSIS,-,-,-,-,Not Defined,9/16/2032 0:00,DEFAULT GROUP,,1016697150,SOUTHAMPTON - 100 HARBOUR PARADE,100 HARBOUR PARADE,,,SOUTHAMPTON,HAMPSHIRE,SO15 1BA,UNITED KINGDOM,No,206345589,Covered,Active,L1NBD,L1NBD,Vendor,Yes,12/1/2024 0:00,1/30/2027 0:00,30400375,USD,121.9,0,4501605158,121.9,,113848222,2238.28,N/A,N/A,N/A,,-,0,No,No,No,-,No,-,No,-,No,-,Active,-,Include,0,0,Include,14327,NULL,NULL
Demo,75592062,Cisco,-,FVH124119,123457452,Parent,C9120AXI-E,1,C9120AX Internal 802.11ax 4x4:4 MIMO;IOT;BT5;mGig;USB;RHL,,,,No Ship Date Available,00:00.0,4501245478,,C9120AX,WIRELESS,ENT. - WIRELESS,CHASSIS,-,-,-,-,Not Defined,9/16/2032 0:00,DEFAULT GROUP,,1016697150,SOUTHAMPTON - 100 HARBOUR PARADE,100 HARBOUR PARADE,,,SOUTHAMPTON,HAMPSHIRE,SO15 1BA,UNITED KINGDOM,No,206345589,Covered,Active,L1NBD,L1NBD,Vendor,Yes,12/1/2024 0:00,1/30/2027 0:00,30400375,USD,121.9,0,4501605158,121.9,,113848222,2238.28,N/A,N/A,N/A,,-,0,No,No,No,-,No,-,No,-,No,-,Active,-,Include,0,0,Include,14327,NULL,NULL
Demo,75592070,Cisco,-,FVH124120,123457453,Parent,C9120AXI-E,1,C9120AX Internal 802.11ax 4x4:4 MIMO;IOT;BT5;mGig;USB;RHL,,,,No Ship Date Available,00:00.0,4501245478,,C9120AX,WIRELESS,ENT. - WIRELESS,CHASSIS,-,-,-,-,Not Defined,9/16/2032 0:00,DEFAULT GROUP,,1016697150,SOUTHAMPTON - 100 HARBOUR PARADE,100 HARBOUR PARADE,,,SOUTHAMPTON,HAMPSHIRE,SO15 1BA,UNITED KINGDOM,No,206345589,Covered,Active,L1NBD,L1NBD,Vendor,Yes,12/1/2024 0:00,1/30/2027 0:00,30400375,USD,121.9,0,4501605158,121.9,,113848222,2238.28,N/A,N/A,N/A,,-,0,No,No,No,-,No,-,No,-,No,-,Active,-,Include,0,0,Include,14327,NULL,NULL
Demo,75592078,Cisco,-,FVH124121,123457454,Parent,C9120AXI-E,1,C9120AX Internal 802.11ax 4x4:4 MIMO;IOT;BT5;mGig;USB;RHL,,,,No Ship Date Available,00:00.0,4501245478,,C9120AX,WIRELESS,ENT. - WIRELESS,CHASSIS,-,-,-,-,Not Defined,9/16/2032 0:00,DEFAULT GROUP,,1016697150,SOUTHAMPTON - 100 HARBOUR PARADE,100 HARBOUR PARADE,,,SOUTHAMPTON,HAMPSHIRE,SO15 1BA,UNITED KINGDOM,No,206345589,Covered,Active,L1NBD,L1NBD,Vendor,Yes,12/1/2024 0:00,1/30/2027 0:00,30400375,USD,121.9,0,4501605158,121.9,,113848222,2238.28,N/A,N/A,N/A,,-,0,No,No,No,-,No,-,No,-,No,-,Active,-,Include,0,0,Include,14327,NULL,NULL
Demo,75592174,Cisco,-,FVH124122,123457455,Parent,C9120AXI-E,1,C9120AX Internal 802.11ax 4x4:4 MIMO;IOT;BT5;mGig;USB;RHL,,,,No Ship Date Available,00:00.0,4501245478,,C9120AX,WIRELESS,ENT. - WIRELESS,CHASSIS,-,-,-,-,Not Defined,9/16/2032 0:00,DEFAULT GROUP,,1016697150,SOUTHAMPTON - 100 HARBOUR PARADE,100 HARBOUR PARADE,,,SOUTHAMPTON,HAMPSHIRE,SO15 1BA,UNITED KINGDOM,No,206345589,Covered,Active,L1NBD,L1NBD,Vendor,Yes,12/1/2024 0:00,1/30/2027 0:00,30400375,USD,121.9,0,4501605158,121.9,,113848222,2238.28,N/A,N/A,N/A,,-,0,No,No,No,-,No,-,No,-,No,-,Active,-,Include,0,0,Include,14327,NULL,NULL
Demo,75592182,Cisco,-,FVH124123,123457456,Parent,C9120AXI-E,1,C9120AX Internal 802.11ax 4x4:4 MIMO;IOT;BT5;mGig;USB;RHL,,,,No Ship Date Available,00:00.0,4501245478,,C9120AX,WIRELESS,ENT. - WIRELESS,CHASSIS,-,-,-,-,Not Defined,9/16/2032 0:00,DEFAULT GROUP,,1016697150,SOUTHAMPTON - 100 HARBOUR PARADE,100 HARBOUR PARADE,,,SOUTHAMPTON,HAMPSHIRE,SO15 1BA,UNITED KINGDOM,No,206345589,Covered,Active,L1NBD,L1NBD,Vendor,Yes,12/1/2024 0:00,1/30/2027 0:00,30400375,USD,121.9,0,4501605158,121.9,,113848222,2238.28,N/A,N/A,N/A,,-,0,No,No,No,-,No,-,No,-,No,-,Active,-,Include,0,0,Include,14327,NULL,NULL
Demo,75592190,Cisco,-,FVH124124,123457457,Parent,C9120AXI-E,1,C9120AX Internal 802.11ax 4x4:4 MIMO;IOT;BT5;mGig;USB;RHL,,,,No Ship Date Available,00:00.0,4501245478,,C9120AX,WIRELESS,ENT. - WIRELESS,CHASSIS,-,-,-,-,Not Defined,9/16/2032 0:00,DEFAULT GROUP,,1016697150,SOUTHAMPTON - 100 HARBOUR PARADE,100 HARBOUR PARADE,,,SOUTHAMPTON,HAMPSHIRE,SO15 1BA,UNITED KINGDOM,No,206345589,Covered,Active,L1NBD,L1NBD,Vendor,Yes,12/1/2024 0:00,1/30/2027 0:00,30400375,USD,121.9,0,4501605158,121.9,,113848222,2238.28,N/A,N/A,N/A,,-,0,No,No,No,-,No,-,No,-,No,-,Active,-,Include,0,0,Include,14327,NULL,NULL
Demo,75592198,Cisco,-,FVH124125,123457458,Parent,C9120AXI-E,1,C9120AX Internal 802.11ax 4x4:4 MIMO;IOT;BT5;mGig;USB;RHL,,,,No Ship Date Available,00:00.0,4501245478,,C9120AX,WIRELESS,ENT. - WIRELESS,CHASSIS,-,-,-,-,Not Defined,9/16/2032 0:00,DEFAULT GROUP,,1016697150,SOUTHAMPTON - 100 HARBOUR PARADE,100 HARBOUR PARADE,,,SOUTHAMPTON,HAMPSHIRE,SO15 1BA,UNITED KINGDOM,No,206345589,Covered,Active,L1NBD,L1NBD,Vendor,Yes,12/1/2024 0:00,1/30/2027 0:00,30400375,USD,121.9,0,4501605158,121.9,,113848222,2238.28,N/A,N/A,N/A,,-,0,No,No,No,-,No,-,No,-,No,-,Active,-,Include,0,0,Include,14327,NULL,NULL
Demo,75592206,Cisco,-,FVH124126,123457459,Parent,C9120AXI-E,1,C9120AX Internal 802.11ax 4x4:4 MIMO;IOT;BT5;mGig;USB;RHL,,,,No Ship Date Available,00:00.0,4501245478,,C9120AX,WIRELESS,ENT. - WIRELESS,CHASSIS,-,-,-,-,Not Defined,9/16/2032 0:00,DEFAULT GROUP,,1016697150,SOUTHAMPTON - 100 HARBOUR PARADE,100 HARBOUR PARADE,,,SOUTHAMPTON,HAMPSHIRE,SO15 1BA,UNITED KINGDOM,No,206345589,Covered,Active,L1NBD,L1NBD,Vendor,Yes,12/1/2024 0:00,1/30/2027 0:00,30400375,USD,121.9,0,4501605158,121.9,,113848222,2238.28,N/A,N/A,N/A,,-,0,No,No,No,-,No,-,No,-,No,-,Active,-,Include,0,0,Include,14327,NULL,NULL
Demo,75592214,Cisco,-,FVH124127,123457460,Parent,C9120AXI-E,1,C9120AX Internal 802.11ax 4x4:4 MIMO;IOT;BT5;mGig;USB;RHL,,,,No Ship Date Available,00:00.0,4501245478,,C9120AX,WIRELESS,ENT. - WIRELESS,CHASSIS,-,-,-,-,Not Defined,9/16/2032 0:00,DEFAULT GROUP,,1016697150,SOUTHAMPTON - 100 HARBOUR PARADE,100 HARBOUR PARADE,,,SOUTHAMPTON,HAMPSHIRE,SO15 1BA,UNITED KINGDOM,No,206345589,Covered,Active,L1NBD,L1NBD,Vendor,Yes,12/1/2024 0:00,1/30/2027 0:00,30400375,USD,121.9,0,4501605158,121.9,,113848222,2238.28,N/A,N/A,N/A,,-,0,No,No,No,-,No,-,No,-,No,-,Active,-,Include,0,0,Include,14327,NULL,NULL
Demo,75592222,Cisco,-,FVH124128,123457461,Parent,C9120AXI-E,1,C9120AX Internal 802.11ax 4x4:4 MIMO;IOT;BT5;mGig;USB;RHL,,,,No Ship Date Available,00:00.0,4501245478,,C9120AX,WIRELESS,ENT. - WIRELESS,CHASSIS,-,-,-,-,Not Defined,9/16/2032 0:00,DEFAULT GROUP,,1016697150,SOUTHAMPTON - 100 HARBOUR PARADE,100 HARBOUR PARADE,,,SOUTHAMPTON,HAMPSHIRE,SO15 1BA,UNITED KINGDOM,No,206345589,Covered,Active,L1NBD,L1NBD,Vendor,Yes,12/1/2024 0:00,1/30/2027 0:00,30400375,USD,121.9,0,4501605158,121.9,,113848222,2238.28,N/A,N/A,N/A,,-,0,No,No,No,-,No,-,No,-,No,-,Active,-,Include,0,0,Include,14327,NULL,NULL
Demo,75592230,Cisco,-,FVH124129,123457462,Parent,C9120AXI-E,1,C9120AX Internal 802.11ax 4x4:4 MIMO;IOT;BT5;mGig;USB;RHL,,,,No Ship Date Available,00:00.0,4501245478,,C9120AX,WIRELESS,ENT. - WIRELESS,CHASSIS,-,-,-,-,Not Defined,9/16/2032 0:00,DEFAULT GROUP,,1016697150,SOUTHAMPTON - 100 HARBOUR PARADE,100 HARBOUR PARADE,,,SOUTHAMPTON,HAMPSHIRE,SO15 1BA,UNITED KINGDOM,No,206345589,Covered,Active,L1NBD,L1NBD,Vendor,Yes,12/1/2024 0:00,1/30/2027 0:00,30400375,USD,121.9,0,4501605158,121.9,,113848222,2238.28,N/A,N/A,N/A,,-,0,No,No,No,-,No,-,No,-,No,-,Active,-,Include,0,0,Include,14327,NULL,NULL
Demo,75592365,Cisco,-,FVH124130,123457463,Parent,DN2-HW-APL-U,1,^Cisco Catalyst Center Appliance 44 Core -- Upgrade (Gen 2),,,,No Ship Date Available,00:00.0,4500702037,,DNAHW,COMPUTING SYSTEMS,SERVERS,CHASSIS,-,-,3/30/2024,3/31/2029,>36 Months,11/8/2019 0:00,DEFAULT GROUP,,1016697150,SOUTHAMPTON - 100 HARBOUR PARADE,100 HARBOUR PARADE,,,SOUTHAMPTON,HAMPSHIRE,SO15 1BA,UNITED KINGDOM,No,206345589,Covered,Active,L1NBD,L1NBD,Vendor,Yes,12/1/2024 0:00,1/30/2027 0:00,30400375,USD,7558.95,0,4501605158,-,,108185140,104369,N/A,N/A,N/A,,-,0,No,No,No,-,No,-,No,-,No,-,Active,-,Include,0,0,Include,14327,NULL,NULL
Demo,75592398,Cisco,-,FVH124131,123457464,Parent,C9120AXI-E,1,C9120AX Internal 802.11ax 4x4:4 MIMO;IOT;BT5;mGig;USB;RHL,,,,No Ship Date Available,00:00.0,4501245478,,C9120AX,WIRELESS,ENT. - WIRELESS,CHASSIS,-,-,-,-,Not Defined,10/5/2032 0:00,DEFAULT GROUP,,1016697150,SOUTHAMPTON - 100 HARBOUR PARADE,100 HARBOUR PARADE,,,SOUTHAMPTON,HAMPSHIRE,SO15 1BA,UNITED KINGDOM,No,206345589,Covered,Active,L1NBD,L1NBD,Vendor,Yes,12/1/2024 0:00,1/30/2027 0:00,30400375,USD,121.9,0,4501605158,121.9,,113848222,2238.28,N/A,N/A,N/A,,-,0,No,No,No,-,No,-,No,-,No,-,Active,-,Include,0,0,Include,14327,NULL,NULL
Demo,75592406,Cisco,-,FVH124132,123457465,Parent,C9120AXI-E,1,C9120AX Internal 802.11ax 4x4:4 MIMO;IOT;BT5;mGig;USB;RHL,,,,No Ship Date Available,00:00.0,4501245478,,C9120AX,WIRELESS,ENT. - WIRELESS,CHASSIS,-,-,-,-,Not Defined,10/5/2032 0:00,DEFAULT GROUP,,1016697150,SOUTHAMPTON - 100 HARBOUR PARADE,100 HARBOUR PARADE,,,SOUTHAMPTON,HAMPSHIRE,SO15 1BA,UNITED KINGDOM,No,206345589,Covered,Active,L1NBD,L1NBD,Vendor,Yes,12/1/2024 0:00,1/30/2027 0:00,30400375,USD,121.9,0,4501605158,121.9,,113848222,2238.28,N/A,N/A,N/A,,-,0,No,No,No,-,No,-,No,-,No,-,Active,-,Include,0,0,Include,14327,NULL,NULL
Demo,75592414,Cisco,-,FVH124133,123457466,Parent,C9120AXI-E,1,C9120AX Internal 802.11ax 4x4:4 MIMO;IOT;BT5;mGig;USB;RHL,,,,No Ship Date Available,00:00.0,4501245478,,C9120AX,WIRELESS,ENT. - WIRELESS,CHASSIS,-,-,-,-,Not Defined,10/5/2032 0:00,DEFAULT GROUP,,1016697150,SOUTHAMPTON - 100 HARBOUR PARADE,100 HARBOUR PARADE,,,SOUTHAMPTON,HAMPSHIRE,SO15 1BA,UNITED KINGDOM,No,206345589,Covered,Active,L1NBD,L1NBD,Vendor,Yes,12/1/2024 0:00,1/30/2027 0:00,30400375,USD,121.9,0,4501605158,121.9,,113848222,2238.28,N/A,N/A,N/A,,-,0,No,No,No,-,No,-,No,-,No,-,Active,-,Include,0,0,Include,14327,NULL,NULL
Demo,75592422,Cisco,-,FVH124134,123457467,Parent,C9120AXI-E,1,C9120AX Internal 802.11ax 4x4:4 MIMO;IOT;BT5;mGig;USB;RHL,,,,No Ship Date Available,00:00.0,4501245478,,C9120AX,WIRELESS,ENT. - WIRELESS,CHASSIS,-,-,-,-,Not Defined,10/5/2032 0:00,DEFAULT GROUP,,1016697150,SOUTHAMPTON - 100 HARBOUR PARADE,100 HARBOUR PARADE,,,SOUTHAMPTON,HAMPSHIRE,SO15 1BA,UNITED KINGDOM,No,206345589,Covered,Active,L1NBD,L1NBD,Vendor,Yes,12/1/2024 0:00,1/30/2027 0:00,30400375,USD,121.9,0,4501605158,121.9,,113848222,2238.28,N/A,N/A,N/A,,-,0,No,No,No,-,No,-,No,-,No,-,Active,-,Include,0,0,Include,14327,NULL,NULL
Demo,75592430,Cisco,-,FVH124135,123457468,Parent,C9120AXI-E,1,C9120AX Internal 802.11ax 4x4:4 MIMO;IOT;BT5;mGig;USB;RHL,,,,No Ship Date Available,00:00.0,4501245478,,C9120AX,WIRELESS,ENT. - WIRELESS,CHASSIS,-,-,-,-,Not Defined,10/5/2032 0:00,DEFAULT GROUP,,1016697150,SOUTHAMPTON - 100 HARBOUR PARADE,100 HARBOUR PARADE,,,SOUTHAMPTON,HAMPSHIRE,SO15 1BA,UNITED KINGDOM,No,206345589,Covered,Active,L1NBD,L1NBD,Vendor,Yes,12/1/2024 0:00,1/30/2027 0:00,30400375,USD,121.9,0,4501605158,121.9,,113848222,2238.28,N/A,N/A,N/A,,-,0,No,No,No,-,No,-,No,-,No,-,Active,-,Include,0,0,Include,14327,NULL,NULL
Demo,75592438,Cisco,-,FVH124136,123457469,Parent,C9120AXI-E,1,C9120AX Internal 802.11ax 4x4:4 MIMO;IOT;BT5;mGig;USB;RHL,,,,No Ship Date Available,00:00.0,4501245478,,C9120AX,WIRELESS,ENT. - WIRELESS,CHASSIS,-,-,-,-,Not Defined,10/5/2032 0:00,DEFAULT GROUP,,1016697150,SOUTHAMPTON - 100 HARBOUR PARADE,100 HARBOUR PARADE,,,SOUTHAMPTON,HAMPSHIRE,SO15 1BA,UNITED KINGDOM,No,206345589,Covered,Active,L1NBD,L1NBD,Vendor,Yes,12/1/2024 0:00,1/30/2027 0:00,30400375,USD,121.9,0,4501605158,121.9,,113848222,2238.28,N/A,N/A,N/A,,-,0,No,No,No,-,No,-,No,-,No,-,Active,-,Include,0,0,Include,14327,NULL,NULL
Demo,75592446,Cisco,-,FVH124137,123457470,Parent,C9120AXI-E,1,C9120AX Internal 802.11ax 4x4:4 MIMO;IOT;BT5;mGig;USB;RHL,,,,No Ship Date Available,00:00.0,4501245478,,C9120AX,WIRELESS,ENT. - WIRELESS,CHASSIS,-,-,-,-,Not Defined,10/5/2032 0:00,DEFAULT GROUP,,1016697150,SOUTHAMPTON - 100 HARBOUR PARADE,100 HARBOUR PARADE,,,SOUTHAMPTON,HAMPSHIRE,SO15 1BA,UNITED KINGDOM,No,206345589,Covered,Active,L1NBD,L1NBD,Vendor,Yes,12/1/2024 0:00,1/30/2027 0:00,30400375,USD,121.9,0,4501605158,121.9,,113848222,2238.28,N/A,N/A,N/A,,-,0,No,No,No,-,No,-,No,-,No,-,Active,-,Include,0,0,Include,14327,NULL,NULL
Demo,75592454,Cisco,-,FVH124138,123457471,Parent,C9120AXI-E,1,C9120AX Internal 802.11ax 4x4:4 MIMO;IOT;BT5;mGig;USB;RHL,,,,No Ship Date Available,00:00.0,4501245478,,C9120AX,WIRELESS,ENT. - WIRELESS,CHASSIS,-,-,-,-,Not Defined,10/5/2032 0:00,DEFAULT GROUP,,1016697150,SOUTHAMPTON - 100 HARBOUR PARADE,100 HARBOUR PARADE,,,SOUTHAMPTON,HAMPSHIRE,SO15 1BA,UNITED KINGDOM,No,206345589,Covered,Active,L1NBD,L1NBD,Vendor,Yes,12/1/2024 0:00,1/30/2027 0:00,30400375,USD,121.9,0,4501605158,121.9,,113848222,2238.28,N/A,N/A,N/A,,-,0,No,No,No,-,No,-,No,-,No,-,Active,-,Include,0,0,Include,14327,NULL,NULL
Demo,75592462,Cisco,-,FVH124139,123457472,Parent,C9120AXI-E,1,C9120AX Internal 802.11ax 4x4:4 MIMO;IOT;BT5;mGig;USB;RHL,,,,No Ship Date Available,00:00.0,4501245478,,C9120AX,WIRELESS,ENT. - WIRELESS,CHASSIS,-,-,-,-,Not Defined,10/5/2032 0:00,DEFAULT GROUP,,1016697150,SOUTHAMPTON - 100 HARBOUR PARADE,100 HARBOUR PARADE,,,SOUTHAMPTON,HAMPSHIRE,SO15 1BA,UNITED KINGDOM,No,206345589,Covered,Active,L1NBD,L1NBD,Vendor,Yes,12/1/2024 0:00,1/30/2027 0:00,30400375,USD,121.9,0,4501605158,121.9,,113848222,2238.28,N/A,N/A,N/A,,-,0,No,No,No,-,No,-,No,-,No,-,Active,-,Include,0,0,Include,14327,NULL,NULL
Demo,75592470,Cisco,-,FVH124140,123457473,Parent,C9120AXI-E,1,C9120AX Internal 802.11ax 4x4:4 MIMO;IOT;BT5;mGig;USB;RHL,,,,No Ship Date Available,00:00.0,4501245478,,C9120AX,WIRELESS,ENT. - WIRELESS,CHASSIS,-,-,-,-,Not Defined,10/5/2032 0:00,DEFAULT GROUP,,1016697150,SOUTHAMPTON - 100 HARBOUR PARADE,100 HARBOUR PARADE,,,SOUTHAMPTON,HAMPSHIRE,SO15 1BA,UNITED KINGDOM,No,206345589,Covered,Active,L1NBD,L1NBD,Vendor,Yes,12/1/2024 0:00,1/30/2027 0:00,30400375,USD,121.9,0,4501605158,121.9,,113848222,2238.28,N/A,N/A,N/A,,-,0,No,No,No,-,No,-,No,-,No,-,Active,-,Include,0,0,Include,14327,NULL,NULL
Demo,75592478,Cisco,-,FVH124141,123457474,Parent,C9120AXI-E,1,C9120AX Internal 802.11ax 4x4:4 MIMO;IOT;BT5;mGig;USB;RHL,,,,No Ship Date Available,00:00.0,4501245478,,C9120AX,WIRELESS,ENT. - WIRELESS,CHASSIS,-,-,-,-,Not Defined,10/5/2032 0:00,DEFAULT GROUP,,1016697150,SOUTHAMPTON - 100 HARBOUR PARADE,100 HARBOUR PARADE,,,SOUTHAMPTON,HAMPSHIRE,SO15 1BA,UNITED KINGDOM,No,206345589,Covered,Active,L1NBD,L1NBD,Vendor,Yes,12/1/2024 0:00,1/30/2027 0:00,30400375,USD,121.9,0,4501605158,121.9,,113848222,2238.28,N/A,N/A,N/A,,-,0,No,No,No,-,No,-,No,-,No,-,Active,-,Include,0,0,Include,14327,NULL,NULL
Demo,75592486,Cisco,-,FVH124142,123457475,Parent,C9120AXI-E,1,C9120AX Internal 802.11ax 4x4:4 MIMO;IOT;BT5;mGig;USB;RHL,,,,No Ship Date Available,00:00.0,4501245478,,C9120AX,WIRELESS,ENT. - WIRELESS,CHASSIS,-,-,-,-,Not Defined,10/5/2032 0:00,DEFAULT GROUP,,1016697150,SOUTHAMPTON - 100 HARBOUR PARADE,100 HARBOUR PARADE,,,SOUTHAMPTON,HAMPSHIRE,SO15 1BA,UNITED KINGDOM,No,206345589,Covered,Active,L1NBD,L1NBD,Vendor,Yes,12/1/2024 0:00,1/30/2027 0:00,30400375,USD,121.9,0,4501605158,121.9,,113848222,2238.28,N/A,N/A,N/A,,-,0,No,No,No,-,No,-,No,-,No,-,Active,-,Include,0,0,Include,14327,NULL,NULL
Demo,75592494,Cisco,-,FVH124143,123457476,Parent,C9120AXI-E,1,C9120AX Internal 802.11ax 4x4:4 MIMO;IOT;BT5;mGig;USB;RHL,,,,No Ship Date Available,00:00.0,4501245478,,C9120AX,WIRELESS,ENT. - WIRELESS,CHASSIS,-,-,-,-,Not Defined,10/5/2032 0:00,DEFAULT GROUP,,1016697150,SOUTHAMPTON - 100 HARBOUR PARADE,100 HARBOUR PARADE,,,SOUTHAMPTON,HAMPSHIRE,SO15 1BA,UNITED KINGDOM,No,206345589,Covered,Active,L1NBD,L1NBD,Vendor,Yes,12/1/2024 0:00,1/30/2027 0:00,30400375,USD,121.9,0,4501605158,121.9,,113848222,2238.28,N/A,N/A,N/A,,-,0,No,No,No,-,No,-,No,-,No,-,Active,-,Include,0,0,Include,14327,NULL,NULL
Demo,75592502,Cisco,-,FVH124144,123457477,Parent,C9120AXI-E,1,C9120AX Internal 802.11ax 4x4:4 MIMO;IOT;BT5;mGig;USB;RHL,,,,No Ship Date Available,00:00.0,4501245478,,C9120AX,WIRELESS,ENT. - WIRELESS,CHASSIS,-,-,-,-,Not Defined,10/5/2032 0:00,DEFAULT GROUP,,1016697150,SOUTHAMPTON - 100 HARBOUR PARADE,100 HARBOUR PARADE,,,SOUTHAMPTON,HAMPSHIRE,SO15 1BA,UNITED KINGDOM,No,206345589,Covered,Active,L1NBD,L1NBD,Vendor,Yes,12/1/2024 0:00,1/30/2027 0:00,30400375,USD,121.9,0,4501605158,121.9,,113848222,2238.28,N/A,N/A,N/A,,-,0,No,No,No,-,No,-,No,-,No,-,Active,-,Include,0,0,Include,14327,NULL,NULL
Demo,75592510,Cisco,-,FVH124145,123457478,Parent,C9120AXI-E,1,C9120AX Internal 802.11ax 4x4:4 MIMO;IOT;BT5;mGig;USB;RHL,,,,No Ship Date Available,00:00.0,4501245478,,C9120AX,WIRELESS,ENT. - WIRELESS,CHASSIS,-,-,-,-,Not Defined,10/5/2032 0:00,DEFAULT GROUP,,1016697150,SOUTHAMPTON - 100 HARBOUR PARADE,100 HARBOUR PARADE,,,SOUTHAMPTON,HAMPSHIRE,SO15 1BA,UNITED KINGDOM,No,206345589,Covered,Active,L1NBD,L1NBD,Vendor,Yes,12/1/2024 0:00,1/30/2027 0:00,30400375,USD,121.9,0,4501605158,121.9,,113848222,2238.28,N/A,N/A,N/A,,-,0,No,No,No,-,No,-,No,-,No,-,Active,-,Include,0,0,Include,14327,NULL,NULL
Demo,75592557,Cisco,-,FVH124146,123457479,Parent,C9120AXI-E,1,C9120AX Internal 802.11ax 4x4:4 MIMO;IOT;BT5;mGig;USB;RHL,,,,No Ship Date Available,00:00.0,4501245478,,C9120AX,WIRELESS,ENT. - WIRELESS,CHASSIS,-,-,-,-,Not Defined,9/16/2032 0:00,DEFAULT GROUP,,1016697150,SOUTHAMPTON - 100 HARBOUR PARADE,100 HARBOUR PARADE,,,SOUTHAMPTON,HAMPSHIRE,SO15 1BA,UNITED KINGDOM,No,206345589,Covered,Active,L1NBD,L1NBD,Vendor,Yes,12/1/2024 0:00,1/30/2027 0:00,30400375,USD,121.9,0,4501605158,121.9,,113848222,2238.28,N/A,N/A,N/A,,-,0,No,No,No,-,No,-,No,-,No,-,Active,-,Include,0,0,Include,14327,NULL,NULL
Demo,75592565,Cisco,-,FVH124147,123457480,Parent,C9120AXI-E,1,C9120AX Internal 802.11ax 4x4:4 MIMO;IOT;BT5;mGig;USB;RHL,,,,No Ship Date Available,00:00.0,4501245478,,C9120AX,WIRELESS,ENT. - WIRELESS,CHASSIS,-,-,-,-,Not Defined,9/16/2032 0:00,DEFAULT GROUP,,1016697150,SOUTHAMPTON - 100 HARBOUR PARADE,100 HARBOUR PARADE,,,SOUTHAMPTON,HAMPSHIRE,SO15 1BA,UNITED KINGDOM,No,206345589,Covered,Active,L1NBD,L1NBD,Vendor,Yes,12/1/2024 0:00,1/30/2027 0:00,30400375,USD,121.9,0,4501605158,121.9,,113848222,2238.28,N/A,N/A,N/A,,-,0,No,No,No,-,No,-,No,-,No,-,Active,-,Include,0,0,Include,14327,NULL,NULL
Demo,75592573,Cisco,-,FVH124148,123457481,Parent,C9120AXI-E,1,C9120AX Internal 802.11ax 4x4:4 MIMO;IOT;BT5;mGig;USB;RHL,,,,No Ship Date Available,00:00.0,4501245478,,C9120AX,WIRELESS,ENT. - WIRELESS,CHASSIS,-,-,-,-,Not Defined,9/16/2032 0:00,DEFAULT GROUP,,1016697150,SOUTHAMPTON - 100 HARBOUR PARADE,100 HARBOUR PARADE,,,SOUTHAMPTON,HAMPSHIRE,SO15 1BA,UNITED KINGDOM,No,206345589,Covered,Active,L1NBD,L1NBD,Vendor,Yes,12/1/2024 0:00,1/30/2027 0:00,30400375,USD,121.9,0,4501605158,121.9,,113848222,2238.28,N/A,N/A,N/A,,-,0,No,No,No,-,No,-,No,-,No,-,Active,-,Include,0,0,Include,14327,NULL,NULL
Demo,75592651,Cisco,-,FVH124149,123457482,Parent,C9120AXI-E,1,C9120AX Internal 802.11ax 4x4:4 MIMO;IOT;BT5;mGig;USB;RHL,,,,No Ship Date Available,00:00.0,4501245478,,C9120AX,WIRELESS,ENT. - WIRELESS,CHASSIS,-,-,-,-,Not Defined,9/16/2032 0:00,DEFAULT GROUP,,1016697150,SOUTHAMPTON - 100 HARBOUR PARADE,100 HARBOUR PARADE,,,SOUTHAMPTON,HAMPSHIRE,SO15 1BA,UNITED KINGDOM,No,206345589,Covered,Active,L1NBD,L1NBD,Vendor,Yes,12/1/2024 0:00,1/30/2027 0:00,30400375,USD,121.9,0,4501605158,121.9,,113848222,2238.28,N/A,N/A,N/A,,-,0,No,No,No,-,No,-,No,-,No,-,Active,-,Include,0,0,Include,14327,NULL,NULL
Demo,75592659,Cisco,-,FVH124150,123457483,Parent,C9120AXI-E,1,C9120AX Internal 802.11ax 4x4:4 MIMO;IOT;BT5;mGig;USB;RHL,,,,No Ship Date Available,00:00.0,4501245478,,C9120AX,WIRELESS,ENT. - WIRELESS,CHASSIS,-,-,-,-,Not Defined,9/16/2032 0:00,DEFAULT GROUP,,1016697150,SOUTHAMPTON - 100 HARBOUR PARADE,100 HARBOUR PARADE,,,SOUTHAMPTON,HAMPSHIRE,SO15 1BA,UNITED KINGDOM,No,206345589,Covered,Active,L1NBD,L1NBD,Vendor,Yes,12/1/2024 0:00,1/30/2027 0:00,30400375,USD,121.9,0,4501605158,121.9,,113848222,2238.28,N/A,N/A,N/A,,-,0,No,No,No,-,No,-,No,-,No,-,Active,-,Include,0,0,Include,14327,NULL,NULL
Demo,75592667,Cisco,-,FVH124151,123457484,Parent,C9120AXI-E,1,C9120AX Internal 802.11ax 4x4:4 MIMO;IOT;BT5;mGig;USB;RHL,,,,No Ship Date Available,00:00.0,4501245478,,C9120AX,WIRELESS,ENT. - WIRELESS,CHASSIS,-,-,-,-,Not Defined,9/16/2032 0:00,DEFAULT GROUP,,1016697150,SOUTHAMPTON - 100 HARBOUR PARADE,100 HARBOUR PARADE,,,SOUTHAMPTON,HAMPSHIRE,SO15 1BA,UNITED KINGDOM,No,206345589,Covered,Active,L1NBD,L1NBD,Vendor,Yes,12/1/2024 0:00,1/30/2027 0:00,30400375,USD,121.9,0,4501605158,121.9,,113848222,2238.28,N/A,N/A,N/A,,-,0,No,No,No,-,No,-,No,-,No,-,Active,-,Include,0,0,Include,14327,NULL,NULL
Demo,75592675,Cisco,-,FVH124152,123457485,Parent,C9120AXI-E,1,C9120AX Internal 802.11ax 4x4:4 MIMO;IOT;BT5;mGig;USB;RHL,,,,No Ship Date Available,00:00.0,4501245478,,C9120AX,WIRELESS,ENT. - WIRELESS,CHASSIS,-,-,-,-,Not Defined,9/16/2032 0:00,DEFAULT GROUP,,1016697150,SOUTHAMPTON - 100 HARBOUR PARADE,100 HARBOUR PARADE,,,SOUTHAMPTON,HAMPSHIRE,SO15 1BA,UNITED KINGDOM,No,206345589,Covered,Active,L1NBD,L1NBD,Vendor,Yes,12/1/2024 0:00,1/30/2027 0:00,30400375,USD,121.9,0,4501605158,121.9,,113848222,2238.28,N/A,N/A,N/A,,-,0,No,No,No,-,No,-,No,-,No,-,Active,-,Include,0,0,Include,14327,NULL,NULL
Demo,75592683,Cisco,-,FVH124153,123457486,Parent,C9120AXI-E,1,C9120AX Internal 802.11ax 4x4:4 MIMO;IOT;BT5;mGig;USB;RHL,,,,No Ship Date Available,00:00.0,4501245478,,C9120AX,WIRELESS,ENT. - WIRELESS,CHASSIS,-,-,-,-,Not Defined,9/16/2032 0:00,DEFAULT GROUP,,1016697150,SOUTHAMPTON - 100 HARBOUR PARADE,100 HARBOUR PARADE,,,SOUTHAMPTON,HAMPSHIRE,SO15 1BA,UNITED KINGDOM,No,206345589,Covered,Active,L1NBD,L1NBD,Vendor,Yes,12/1/2024 0:00,1/30/2027 0:00,30400375,USD,121.9,0,4501605158,121.9,,113848222,2238.28,N/A,N/A,N/A,,-,0,No,No,No,-,No,-,No,-,No,-,Active,-,Include,0,0,Include,14327,NULL,NULL
Demo,75592838,Cisco,-,FVH124154,123457487,Parent,C9120AXI-E,1,C9120AX Internal 802.11ax 4x4:4 MIMO;IOT;BT5;mGig;USB;RHL,,,,No Ship Date Available,00:00.0,4501245478,,C9120AX,WIRELESS,ENT. - WIRELESS,CHASSIS,-,-,-,-,Not Defined,10/5/2032 0:00,DEFAULT GROUP,,1016697150,SOUTHAMPTON - 100 HARBOUR PARADE,100 HARBOUR PARADE,,,SOUTHAMPTON,HAMPSHIRE,SO15 1BA,UNITED KINGDOM,No,206345589,Covered,Active,L1NBD,L1NBD,Vendor,Yes,12/1/2024 0:00,1/30/2027 0:00,30400375,USD,121.9,0,4501605158,121.9,,113848222,2238.28,N/A,N/A,N/A,,-,0,No,No,No,-,No,-,No,-,No,-,Active,-,Include,0,0,Include,14327,NULL,NULL
Demo,75592846,Cisco,-,FVH124155,123457488,Parent,C9120AXI-E,1,C9120AX Internal 802.11ax 4x4:4 MIMO;IOT;BT5;mGig;USB;RHL,,,,No Ship Date Available,00:00.0,4501245478,,C9120AX,WIRELESS,ENT. - WIRELESS,CHASSIS,-,-,-,-,Not Defined,10/5/2032 0:00,DEFAULT GROUP,,1016697150,SOUTHAMPTON - 100 HARBOUR PARADE,100 HARBOUR PARADE,,,SOUTHAMPTON,HAMPSHIRE,SO15 1BA,UNITED KINGDOM,No,206345589,Covered,Active,L1NBD,L1NBD,Vendor,Yes,12/1/2024 0:00,1/30/2027 0:00,30400375,USD,121.9,0,4501605158,121.9,,113848222,2238.28,N/A,N/A,N/A,,-,0,No,No,No,-,No,-,No,-,No,-,Active,-,Include,0,0,Include,14327,NULL,NULL
Demo,75592854,Cisco,-,FVH124156,123457489,Parent,C9120AXI-E,1,C9120AX Internal 802.11ax 4x4:4 MIMO;IOT;BT5;mGig;USB;RHL,,,,No Ship Date Available,00:00.0,4501245478,,C9120AX,WIRELESS,ENT. - WIRELESS,CHASSIS,-,-,-,-,Not Defined,10/5/2032 0:00,DEFAULT GROUP,,1016697150,SOUTHAMPTON - 100 HARBOUR PARADE,100 HARBOUR PARADE,,,SOUTHAMPTON,HAMPSHIRE,SO15 1BA,UNITED KINGDOM,No,206345589,Covered,Active,L1NBD,L1NBD,Vendor,Yes,12/1/2024 0:00,1/30/2027 0:00,30400375,USD,121.9,0,4501605158,121.9,,113848222,2238.28,N/A,N/A,N/A,,-,0,No,No,No,-,No,-,No,-,No,-,Active,-,Include,0,0,Include,14327,NULL,NULL
Demo,75592862,Cisco,-,FVH124157,123457490,Parent,C9120AXI-E,1,C9120AX Internal 802.11ax 4x4:4 MIMO;IOT;BT5;mGig;USB;RHL,,,,No Ship Date Available,00:00.0,4501245478,,C9120AX,WIRELESS,ENT. - WIRELESS,CHASSIS,-,-,-,-,Not Defined,10/5/2032 0:00,DEFAULT GROUP,,1016697150,SOUTHAMPTON - 100 HARBOUR PARADE,100 HARBOUR PARADE,,,SOUTHAMPTON,HAMPSHIRE,SO15 1BA,UNITED KINGDOM,No,206345589,Covered,Active,L1NBD,L1NBD,Vendor,Yes,12/1/2024 0:00,1/30/2027 0:00,30400375,USD,121.9,0,4501605158,121.9,,113848222,2238.28,N/A,N/A,N/A,,-,0,No,No,No,-,No,-,No,-,No,-,Active,-,Include,0,0,Include,14327,NULL,NULL
Demo,75592870,Cisco,-,FVH124158,123457491,Parent,C9120AXI-E,1,C9120AX Internal 802.11ax 4x4:4 MIMO;IOT;BT5;mGig;USB;RHL,,,,No Ship Date Available,00:00.0,4501245478,,C9120AX,WIRELESS,ENT. - WIRELESS,CHASSIS,-,-,-,-,Not Defined,10/5/2032 0:00,DEFAULT GROUP,,1016697150,SOUTHAMPTON - 100 HARBOUR PARADE,100 HARBOUR PARADE,,,SOUTHAMPTON,HAMPSHIRE,SO15 1BA,UNITED KINGDOM,No,206345589,Covered,Active,L1NBD,L1NBD,Vendor,Yes,12/1/2024 0:00,1/30/2027 0:00,30400375,USD,121.9,0,4501605158,121.9,,113848222,2238.28,N/A,N/A,N/A,,-,0,No,No,No,-,No,-,No,-,No,-,Active,-,Include,0,0,Include,14327,NULL,NULL
Demo,75592878,Cisco,-,FVH124159,123457492,Parent,C9120AXI-E,1,C9120AX Internal 802.11ax 4x4:4 MIMO;IOT;BT5;mGig;USB;RHL,,,,No Ship Date Available,00:00.0,4501245478,,C9120AX,WIRELESS,ENT. - WIRELESS,CHASSIS,-,-,-,-,Not Defined,10/5/2032 0:00,DEFAULT GROUP,,1016697150,SOUTHAMPTON - 100 HARBOUR PARADE,100 HARBOUR PARADE,,,SOUTHAMPTON,HAMPSHIRE,SO15 1BA,UNITED KINGDOM,No,206345589,Covered,Active,L1NBD,L1NBD,Vendor,Yes,12/1/2024 0:00,1/30/2027 0:00,30400375,USD,121.9,0,4501605158,121.9,,113848222,2238.28,N/A,N/A,N/A,,-,0,No,No,No,-,No,-,No,-,No,-,Active,-,Include,0,0,Include,14327,NULL,NULL
Demo,75592886,Cisco,-,FVH124160,123457493,Parent,C9120AXI-E,1,C9120AX Internal 802.11ax 4x4:4 MIMO;IOT;BT5;mGig;USB;RHL,,,,No Ship Date Available,00:00.0,4501245478,,C9120AX,WIRELESS,ENT. - WIRELESS,CHASSIS,-,-,-,-,Not Defined,10/5/2032 0:00,DEFAULT GROUP,,1016697150,SOUTHAMPTON - 100 HARBOUR PARADE,100 HARBOUR PARADE,,,SOUTHAMPTON,HAMPSHIRE,SO15 1BA,UNITED KINGDOM,No,206345589,Covered,Active,L1NBD,L1NBD,Vendor,Yes,12/1/2024 0:00,1/30/2027 0:00,30400375,USD,121.9,0,4501605158,121.9,,113848222,2238.28,N/A,N/A,N/A,,-,0,No,No,No,-,No,-,No,-,No,-,Active,-,Include,0,0,Include,14327,NULL,NULL
Demo,75592894,Cisco,-,FVH124161,123457494,Parent,C9120AXI-E,1,C9120AX Internal 802.11ax 4x4:4 MIMO;IOT;BT5;mGig;USB;RHL,,,,No Ship Date Available,00:00.0,4501245478,,C9120AX,WIRELESS,ENT. - WIRELESS,CHASSIS,-,-,-,-,Not Defined,10/5/2032 0:00,DEFAULT GROUP,,1016697150,SOUTHAMPTON - 100 HARBOUR PARADE,100 HARBOUR PARADE,,,SOUTHAMPTON,HAMPSHIRE,SO15 1BA,UNITED KINGDOM,No,206345589,Covered,Active,L1NBD,L1NBD,Vendor,Yes,12/1/2024 0:00,1/30/2027 0:00,30400375,USD,121.9,0,4501605158,121.9,,113848222,2238.28,N/A,N/A,N/A,,-,0,No,No,No,-,No,-,No,-,No,-,Active,-,Include,0,0,Include,14327,NULL,NULL
Demo,75592902,Cisco,-,FVH124162,123457495,Parent,C9120AXI-E,1,C9120AX Internal 802.11ax 4x4:4 MIMO;IOT;BT5;mGig;USB;RHL,,,,No Ship Date Available,00:00.0,4501245478,,C9120AX,WIRELESS,ENT. - WIRELESS,CHASSIS,-,-,-,-,Not Defined,10/5/2032 0:00,DEFAULT GROUP,,1016697150,SOUTHAMPTON - 100 HARBOUR PARADE,100 HARBOUR PARADE,,,SOUTHAMPTON,HAMPSHIRE,SO15 1BA,UNITED KINGDOM,No,206345589,Covered,Active,L1NBD,L1NBD,Vendor,Yes,12/1/2024 0:00,1/30/2027 0:00,30400375,USD,121.9,0,4501605158,121.9,,113848222,2238.28,N/A,N/A,N/A,,-,0,No,No,No,-,No,-,No,-,No,-,Active,-,Include,0,0,Include,14327,NULL,NULL
Demo,75592910,Cisco,-,FVH124163,123457496,Parent,C9120AXI-E,1,C9120AX Internal 802.11ax 4x4:4 MIMO;IOT;BT5;mGig;USB;RHL,,,,No Ship Date Available,00:00.0,4501245478,,C9120AX,WIRELESS,ENT. - WIRELESS,CHASSIS,-,-,-,-,Not Defined,10/5/2032 0:00,DEFAULT GROUP,,1016697150,SOUTHAMPTON - 100 HARBOUR PARADE,100 HARBOUR PARADE,,,SOUTHAMPTON,HAMPSHIRE,SO15 1BA,UNITED KINGDOM,No,206345589,Covered,Active,L1NBD,L1NBD,Vendor,Yes,12/1/2024 0:00,1/30/2027 0:00,30400375,USD,121.9,0,4501605158,121.9,,113848222,2238.28,N/A,N/A,N/A,,-,0,No,No,No,-,No,-,No,-,No,-,Active,-,Include,0,0,Include,14327,NULL,NULL
Demo,75592918,Cisco,-,FVH124164,123457497,Parent,C9120AXI-E,1,C9120AX Internal 802.11ax 4x4:4 MIMO;IOT;BT5;mGig;USB;RHL,,,,No Ship Date Available,00:00.0,4501245478,,C9120AX,WIRELESS,ENT. - WIRELESS,CHASSIS,-,-,-,-,Not Defined,10/5/2032 0:00,DEFAULT GROUP,,1016697150,SOUTHAMPTON - 100 HARBOUR PARADE,100 HARBOUR PARADE,,,SOUTHAMPTON,HAMPSHIRE,SO15 1BA,UNITED KINGDOM,No,206345589,Covered,Active,L1NBD,L1NBD,Vendor,Yes,12/1/2024 0:00,1/30/2027 0:00,30400375,USD,121.9,0,4501605158,121.9,,113848222,2238.28,N/A,N/A,N/A,,-,0,No,No,No,-,No,-,No,-,No,-,Active,-,Include,0,0,Include,14327,NULL,NULL
Demo,75592926,Cisco,-,FVH124165,123457498,Parent,C9120AXI-E,1,C9120AX Internal 802.11ax 4x4:4 MIMO;IOT;BT5;mGig;USB;RHL,,,,No Ship Date Available,00:00.0,4501245478,,C9120AX,WIRELESS,ENT. - WIRELESS,CHASSIS,-,-,-,-,Not Defined,10/5/2032 0:00,DEFAULT GROUP,,1016697150,SOUTHAMPTON - 100 HARBOUR PARADE,100 HARBOUR PARADE,,,SOUTHAMPTON,HAMPSHIRE,SO15 1BA,UNITED KINGDOM,No,206345589,Covered,Active,L1NBD,L1NBD,Vendor,Yes,12/1/2024 0:00,1/30/2027 0:00,30400375,USD,121.9,0,4501605158,121.9,,113848222,2238.28,N/A,N/A,N/A,,-,0,No,No,No,-,No,-,No,-,No,-,Active,-,Include,0,0,Include,14327,NULL,NULL
Demo,75592949,Cisco,-,FVH124166,123457499,Parent,C9120AXI-E,1,C9120AX Internal 802.11ax 4x4:4 MIMO;IOT;BT5;mGig;USB;RHL,,,,No Ship Date Available,00:00.0,4501245478,,C9120AX,WIRELESS,ENT. - WIRELESS,CHASSIS,-,-,-,-,Not Defined,9/16/2032 0:00,DEFAULT GROUP,,1016697150,SOUTHAMPTON - 100 HARBOUR PARADE,100 HARBOUR PARADE,,,SOUTHAMPTON,HAMPSHIRE,SO15 1BA,UNITED KINGDOM,No,206345589,Covered,Active,L1NBD,L1NBD,Vendor,Yes,12/1/2024 0:00,1/30/2027 0:00,30400375,USD,121.9,0,4501605158,121.9,,113848222,2238.28,N/A,N/A,N/A,,-,0,No,No,No,-,No,-,No,-,No,-,Active,-,Include,0,0,Include,14327,NULL,NULL
Demo,75592957,Cisco,-,FVH124167,123457500,Parent,C9120AXI-E,1,C9120AX Internal 802.11ax 4x4:4 MIMO;IOT;BT5;mGig;USB;RHL,,,,No Ship Date Available,00:00.0,4501245478,,C9120AX,WIRELESS,ENT. - WIRELESS,CHASSIS,-,-,-,-,Not Defined,9/16/2032 0:00,DEFAULT GROUP,,1016697150,SOUTHAMPTON - 100 HARBOUR PARADE,100 HARBOUR PARADE,,,SOUTHAMPTON,HAMPSHIRE,SO15 1BA,UNITED KINGDOM,No,206345589,Covered,Active,L1NBD,L1NBD,Vendor,Yes,12/1/2024 0:00,1/30/2027 0:00,30400375,USD,121.9,0,4501605158,121.9,,113848222,2238.28,N/A,N/A,N/A,,-,0,No,No,No,-,No,-,No,-,No,-,Active,-,Include,0,0,Include,14327,NULL,NULL
Demo,75592965,Cisco,-,FVH124168,123457501,Parent,C9120AXI-E,1,C9120AX Internal 802.11ax 4x4:4 MIMO;IOT;BT5;mGig;USB;RHL,,,,No Ship Date Available,00:00.0,4501245478,,C9120AX,WIRELESS,ENT. - WIRELESS,CHASSIS,-,-,-,-,Not Defined,9/16/2032 0:00,DEFAULT GROUP,,1016697150,SOUTHAMPTON - 100 HARBOUR PARADE,100 HARBOUR PARADE,,,SOUTHAMPTON,HAMPSHIRE,SO15 1BA,UNITED KINGDOM,No,206345589,Covered,Active,L1NBD,L1NBD,Vendor,Yes,12/1/2024 0:00,1/30/2027 0:00,30400375,USD,121.9,0,4501605158,121.9,,113848222,2238.28,N/A,N/A,N/A,,-,0,No,No,No,-,No,-,No,-,No,-,Active,-,Include,0,0,Include,14327,NULL,NULL
Demo,75593106,Cisco,-,FVH124169,123457502,Parent,C9800-L-F-K9,1,Cisco Catalyst 9800-L Wireless Controller_Fiber Uplink,,,,No Ship Date Available,00:00.0,4501601318,,C9800L,WIRELESS,ENT. - WIRELESS,CHASSIS,Wireless,-,-,-,Not Defined,3/9/2026 0:00,DEFAULT GROUP,,1002949974,NEUTRAUBLING - BOEHMERWALDSTR. 5,BOEHMERWALDSTR. 5,,,NEUTRAUBLING,,93073,GERMANY,No,200216511,Covered,Active,PSRT,PRTNR SS 8X5XNBD,Vendor,Yes,1/8/2025 0:00,1/7/2030 0:00,,USD,933.68,0,4501601318,1848.05,,118071239,12231.03,N/A,N/A,N/A,,-,0,No,No,No,-,No,-,No,-,No,-,Active,-,Include,0,0,Include,14327,NULL,NULL
Demo,75593112,Cisco,-,FVH124170,123457503,Parent,C9800-L-F-K9,1,Cisco Catalyst 9800-L Wireless Controller_Fiber Uplink,,,,No Ship Date Available,00:00.0,4501601318,,C9800L,WIRELESS,ENT. - WIRELESS,CHASSIS,Wireless,-,-,-,Not Defined,3/9/2026 0:00,DEFAULT GROUP,,1002949974,NEUTRAUBLING - BOEHMERWALDSTR. 5,BOEHMERWALDSTR. 5,,,NEUTRAUBLING,,93073,GERMANY,No,200216511,Covered,Active,PSRT,PRTNR SS 8X5XNBD,Vendor,Yes,1/8/2025 0:00,1/7/2030 0:00,,USD,933.68,0,4501601318,1848.05,,118071239,12231.03,N/A,N/A,N/A,,-,0,No,No,No,-,No,-,No,-,No,-,Active,-,Include,0,0,Include,14327,NULL,NULL
Demo,75593118,Cisco,-,FVH124171,123457504,Parent,C9800-L-F-K9,1,Cisco Catalyst 9800-L Wireless Controller_Fiber Uplink,,,,No Ship Date Available,00:00.0,4501601318,,C9800L,WIRELESS,ENT. - WIRELESS,CHASSIS,Wireless,-,-,-,Not Defined,3/9/2026 0:00,DEFAULT GROUP,,1002949974,NEUTRAUBLING - BOEHMERWALDSTR. 5,BOEHMERWALDSTR. 5,,,NEUTRAUBLING,,93073,GERMANY,No,200216511,Covered,Active,PSRT,PRTNR SS 8X5XNBD,Vendor,Yes,1/8/2025 0:00,1/7/2030 0:00,,USD,933.68,0,4501601318,1848.05,,118071239,12231.03,N/A,N/A,N/A,,-,0,No,No,No,-,No,-,No,-,No,-,Active,-,Include,0,0,Include,14327,NULL,NULL
Demo,75593124,Cisco,-,FVH124172,123457505,Parent,C9800-L-F-K9,1,Cisco Catalyst 9800-L Wireless Controller_Fiber Uplink,,,,No Ship Date Available,00:00.0,4501601318,,C9800L,WIRELESS,ENT. - WIRELESS,CHASSIS,Wireless,-,-,-,Not Defined,3/9/2026 0:00,DEFAULT GROUP,,1002949974,NEUTRAUBLING - BOEHMERWALDSTR. 5,BOEHMERWALDSTR. 5,,,NEUTRAUBLING,,93073,GERMANY,No,200216511,Covered,Active,PSRT,PRTNR SS 8X5XNBD,Vendor,Yes,1/8/2025 0:00,1/7/2030 0:00,,USD,933.68,0,4501601318,1848.05,,118071239,12231.03,N/A,N/A,N/A,,-,0,No,No,No,-,No,-,No,-,No,-,Active,-,Include,0,0,Include,14327,NULL,NULL
Demo,75593140,Cisco,-,FVH124173,123457506,Parent,C9120AXI-E,1,C9120AX Internal 802.11ax 4x4:4 MIMO;IOT;BT5;mGig;USB;RHL,,,,No Ship Date Available,00:00.0,4501245478,,C9120AX,WIRELESS,ENT. - WIRELESS,CHASSIS,-,-,-,-,Not Defined,10/5/2032 0:00,DEFAULT GROUP,,1016697150,SOUTHAMPTON - 100 HARBOUR PARADE,100 HARBOUR PARADE,,,SOUTHAMPTON,HAMPSHIRE,SO15 1BA,UNITED KINGDOM,No,206345589,Covered,Active,L1NBD,L1NBD,Vendor,Yes,12/1/2024 0:00,1/30/2027 0:00,30400375,USD,121.9,0,4501605158,121.9,,113848222,2238.28,N/A,N/A,N/A,,-,0,No,No,No,-,No,-,No,-,No,-,Active,-,Include,0,0,Include,14327,NULL,NULL
Demo,75593148,Cisco,-,FVH124174,123457507,Parent,C9120AXI-E,1,C9120AX Internal 802.11ax 4x4:4 MIMO;IOT;BT5;mGig;USB;RHL,,,,No Ship Date Available,00:00.0,4501245478,,C9120AX,WIRELESS,ENT. - WIRELESS,CHASSIS,-,-,-,-,Not Defined,10/5/2032 0:00,DEFAULT GROUP,,1016697150,SOUTHAMPTON - 100 HARBOUR PARADE,100 HARBOUR PARADE,,,SOUTHAMPTON,HAMPSHIRE,SO15 1BA,UNITED KINGDOM,No,206345589,Covered,Active,L1NBD,L1NBD,Vendor,Yes,12/1/2024 0:00,1/30/2027 0:00,30400375,USD,121.9,0,4501605158,121.9,,113848222,2238.28,N/A,N/A,N/A,,-,0,No,No,No,-,No,-,No,-,No,-,Active,-,Include,0,0,Include,14327,NULL,NULL
Demo,75593156,Cisco,-,FVH124175,123457508,Parent,C9120AXI-E,1,C9120AX Internal 802.11ax 4x4:4 MIMO;IOT;BT5;mGig;USB;RHL,,,,No Ship Date Available,00:00.0,4501245478,,C9120AX,WIRELESS,ENT. - WIRELESS,CHASSIS,-,-,-,-,Not Defined,10/5/2032 0:00,DEFAULT GROUP,,1016697150,SOUTHAMPTON - 100 HARBOUR PARADE,100 HARBOUR PARADE,,,SOUTHAMPTON,HAMPSHIRE,SO15 1BA,UNITED KINGDOM,No,206345589,Covered,Active,L1NBD,L1NBD,Vendor,Yes,12/1/2024 0:00,1/30/2027 0:00,30400375,USD,121.9,0,4501605158,121.9,,113848222,2238.28,N/A,N/A,N/A,,-,0,No,No,No,-,No,-,No,-,No,-,Active,-,Include,0,0,Include,14327,NULL,NULL
Demo,75593164,Cisco,-,FVH124176,123457509,Parent,C9120AXI-E,1,C9120AX Internal 802.11ax 4x4:4 MIMO;IOT;BT5;mGig;USB;RHL,,,,No Ship Date Available,00:00.0,4501245478,,C9120AX,WIRELESS,ENT. - WIRELESS,CHASSIS,-,-,-,-,Not Defined,10/5/2032 0:00,DEFAULT GROUP,,1016697150,SOUTHAMPTON - 100 HARBOUR PARADE,100 HARBOUR PARADE,,,SOUTHAMPTON,HAMPSHIRE,SO15 1BA,UNITED KINGDOM,No,206345589,Covered,Active,L1NBD,L1NBD,Vendor,Yes,12/1/2024 0:00,1/30/2027 0:00,30400375,USD,121.9,0,4501605158,121.9,,113848222,2238.28,N/A,N/A,N/A,,-,0,No,No,No,-,No,-,No,-,No,-,Active,-,Include,0,0,Include,14327,NULL,NULL
Demo,75593172,Cisco,-,FVH124177,123457510,Parent,C9120AXI-E,1,C9120AX Internal 802.11ax 4x4:4 MIMO;IOT;BT5;mGig;USB;RHL,,,,No Ship Date Available,00:00.0,4501245478,,C9120AX,WIRELESS,ENT. - WIRELESS,CHASSIS,-,-,-,-,Not Defined,10/5/2032 0:00,DEFAULT GROUP,,1016697150,SOUTHAMPTON - 100 HARBOUR PARADE,100 HARBOUR PARADE,,,SOUTHAMPTON,HAMPSHIRE,SO15 1BA,UNITED KINGDOM,No,206345589,Covered,Active,L1NBD,L1NBD,Vendor,Yes,12/1/2024 0:00,1/30/2027 0:00,30400375,USD,121.9,0,4501605158,121.9,,113848222,2238.28,N/A,N/A,N/A,,-,0,No,No,No,-,No,-,No,-,No,-,Active,-,Include,0,0,Include,14327,NULL,NULL
Demo,75593180,Cisco,-,FVH124178,123457511,Parent,C9120AXI-E,1,C9120AX Internal 802.11ax 4x4:4 MIMO;IOT;BT5;mGig;USB;RHL,,,,No Ship Date Available,00:00.0,4501245478,,C9120AX,WIRELESS,ENT. - WIRELESS,CHASSIS,-,-,-,-,Not Defined,10/5/2032 0:00,DEFAULT GROUP,,1016697150,SOUTHAMPTON - 100 HARBOUR PARADE,100 HARBOUR PARADE,,,SOUTHAMPTON,HAMPSHIRE,SO15 1BA,UNITED KINGDOM,No,206345589,Covered,Active,L1NBD,L1NBD,Vendor,Yes,12/1/2024 0:00,1/30/2027 0:00,30400375,USD,121.9,0,4501605158,121.9,,113848222,2238.28,N/A,N/A,N/A,,-,0,No,No,No,-,No,-,No,-,No,-,Active,-,Include,0,0,Include,14327,NULL,NULL
Demo,75593188,Cisco,-,FVH124179,123457512,Parent,C9120AXI-E,1,C9120AX Internal 802.11ax 4x4:4 MIMO;IOT;BT5;mGig;USB;RHL,,,,No Ship Date Available,00:00.0,4501245478,,C9120AX,WIRELESS,ENT. - WIRELESS,CHASSIS,-,-,-,-,Not Defined,10/5/2032 0:00,DEFAULT GROUP,,1016697150,SOUTHAMPTON - 100 HARBOUR PARADE,100 HARBOUR PARADE,,,SOUTHAMPTON,HAMPSHIRE,SO15 1BA,UNITED KINGDOM,No,206345589,Covered,Active,L1NBD,L1NBD,Vendor,Yes,12/1/2024 0:00,1/30/2027 0:00,30400375,USD,121.9,0,4501605158,121.9,,113848222,2238.28,N/A,N/A,N/A,,-,0,No,No,No,-,No,-,No,-,No,-,Active,-,Include,0,0,Include,14327,NULL,NULL
Demo,75593218,Cisco,-,FVH124180,123457513,Parent,WS-C2960X-48LPD-L,1,"^Catalyst 2960-X 48 GigE PoE 370W, 2 x 10G SFP+ LAN Base",,,,No Ship Date Available,00:00.0,4501195069,,C2960X,ENTERPRISE SWITCHING,ACCESS & AGGREGATION,CHASSIS,Switches,http://www.cisco.com/content/en/us/support/switches/catalyst-2960x-48lpd-l-switch/model.html,10/31/2022,10/31/2027,24-36 Months,10/31/2027 0:00,DEFAULT GROUP,,1016697150,SOUTHAMPTON - 100 HARBOUR PARADE,100 HARBOUR PARADE,,,SOUTHAMPTON,HAMPSHIRE,SO15 1BA,UNITED KINGDOM,No,206345589,Covered,Active,L1NBD,L1NBD,Vendor,Yes,12/1/2024 0:00,1/30/2027 0:00,30400375,USD,841.8,0,4501605158,841.8,,106610677,10937,N/A,N/A,N/A,,-,0,No,No,No,-,No,-,No,-,No,-,Active,-,Include,0,0,Include,14327,NULL,NULL
Demo,75593219,Cisco,-,FVH124181,123457514,Parent,WS-C2960X-48LPD-L,1,"^Catalyst 2960-X 48 GigE PoE 370W, 2 x 10G SFP+ LAN Base",,,,No Ship Date Available,00:00.0,4501195069,,C2960X,ENTERPRISE SWITCHING,ACCESS & AGGREGATION,CHASSIS,Switches,http://www.cisco.com/content/en/us/support/switches/catalyst-2960x-48lpd-l-switch/model.html,10/31/2022,10/31/2027,24-36 Months,10/31/2027 0:00,DEFAULT GROUP,,1016697150,SOUTHAMPTON - 100 HARBOUR PARADE,100 HARBOUR PARADE,,,SOUTHAMPTON,HAMPSHIRE,SO15 1BA,UNITED KINGDOM,No,206345589,Covered,Active,L1NBD,L1NBD,Vendor,Yes,12/1/2024 0:00,1/30/2027 0:00,30400375,USD,841.8,0,4501605158,841.8,,106610677,10937,N/A,N/A,N/A,,-,0,No,No,No,-,No,-,No,-,No,-,Active,-,Include,0,0,Include,14327,NULL,NULL
Demo,75593220,Cisco,-,FVH124182,123457515,Parent,WS-C2960X-48LPD-L,1,"^Catalyst 2960-X 48 GigE PoE 370W, 2 x 10G SFP+ LAN Base",,,,No Ship Date Available,00:00.0,4501195069,,C2960X,ENTERPRISE SWITCHING,ACCESS & AGGREGATION,CHASSIS,Switches,http://www.cisco.com/content/en/us/support/switches/catalyst-2960x-48lpd-l-switch/model.html,10/31/2022,10/31/2027,24-36 Months,10/31/2027 0:00,DEFAULT GROUP,,1016697150,SOUTHAMPTON - 100 HARBOUR PARADE,100 HARBOUR PARADE,,,SOUTHAMPTON,HAMPSHIRE,SO15 1BA,UNITED KINGDOM,No,206345589,Covered,Active,L1NBD,L1NBD,Vendor,Yes,12/1/2024 0:00,1/30/2027 0:00,30400375,USD,841.8,0,4501605158,841.8,,106610677,10937,N/A,N/A,N/A,,-,0,No,No,No,-,No,-,No,-,No,-,Active,-,Include,0,0,Include,14327,NULL,NULL
Demo,75593221,Cisco,-,FVH124183,123457516,Parent,WS-C2960X-48LPD-L,1,"^Catalyst 2960-X 48 GigE PoE 370W, 2 x 10G SFP+ LAN Base",,,,No Ship Date Available,00:00.0,4501195069,,C2960X,ENTERPRISE SWITCHING,ACCESS & AGGREGATION,CHASSIS,Switches,http://www.cisco.com/content/en/us/support/switches/catalyst-2960x-48lpd-l-switch/model.html,10/31/2022,10/31/2027,24-36 Months,10/31/2027 0:00,DEFAULT GROUP,,1016697150,SOUTHAMPTON - 100 HARBOUR PARADE,100 HARBOUR PARADE,,,SOUTHAMPTON,HAMPSHIRE,SO15 1BA,UNITED KINGDOM,No,206345589,Covered,Active,L1NBD,L1NBD,Vendor,Yes,12/1/2024 0:00,1/30/2027 0:00,30400375,USD,841.8,0,4501605158,841.8,,106610677,10937,N/A,N/A,N/A,,-,0,No,No,No,-,No,-,No,-,No,-,Active,-,Include,0,0,Include,14327,NULL,NULL
Demo,75593222,Cisco,-,FVH124184,123457517,Parent,WS-C2960X-48LPD-L,1,"^Catalyst 2960-X 48 GigE PoE 370W, 2 x 10G SFP+ LAN Base",,,,No Ship Date Available,00:00.0,4501195069,,C2960X,ENTERPRISE SWITCHING,ACCESS & AGGREGATION,CHASSIS,Switches,http://www.cisco.com/content/en/us/support/switches/catalyst-2960x-48lpd-l-switch/model.html,10/31/2022,10/31/2027,24-36 Months,10/31/2027 0:00,DEFAULT GROUP,,1016697150,SOUTHAMPTON - 100 HARBOUR PARADE,100 HARBOUR PARADE,,,SOUTHAMPTON,HAMPSHIRE,SO15 1BA,UNITED KINGDOM,No,206345589,Covered,Active,L1NBD,L1NBD,Vendor,Yes,12/1/2024 0:00,1/30/2027 0:00,30400375,USD,841.8,0,4501605158,841.8,,106610677,10937,N/A,N/A,N/A,,-,0,No,No,No,-,No,-,No,-,No,-,Active,-,Include,0,0,Include,14327,NULL,NULL
Demo,75593223,Cisco,-,FVH124185,123457518,Parent,WS-C2960X-48LPD-L,1,"^Catalyst 2960-X 48 GigE PoE 370W, 2 x 10G SFP+ LAN Base",,,,No Ship Date Available,00:00.0,4501195069,,C2960X,ENTERPRISE SWITCHING,ACCESS & AGGREGATION,CHASSIS,Switches,http://www.cisco.com/content/en/us/support/switches/catalyst-2960x-48lpd-l-switch/model.html,10/31/2022,10/31/2027,24-36 Months,10/31/2027 0:00,DEFAULT GROUP,,1016697150,SOUTHAMPTON - 100 HARBOUR PARADE,100 HARBOUR PARADE,,,SOUTHAMPTON,HAMPSHIRE,SO15 1BA,UNITED KINGDOM,No,206345589,Covered,Active,L1NBD,L1NBD,Vendor,Yes,12/1/2024 0:00,1/30/2027 0:00,30400375,USD,841.8,0,4501605158,841.8,,106610677,10937,N/A,N/A,N/A,,-,0,No,No,No,-,No,-,No,-,No,-,Active,-,Include,0,0,Include,14327,NULL,NULL
Demo,75593224,Cisco,-,FVH124186,123457519,Parent,WS-C2960X-48LPD-L,1,"^Catalyst 2960-X 48 GigE PoE 370W, 2 x 10G SFP+ LAN Base",,,,No Ship Date Available,00:00.0,4501195069,,C2960X,ENTERPRISE SWITCHING,ACCESS & AGGREGATION,CHASSIS,Switches,http://www.cisco.com/content/en/us/support/switches/catalyst-2960x-48lpd-l-switch/model.html,10/31/2022,10/31/2027,24-36 Months,10/31/2027 0:00,DEFAULT GROUP,,1016697150,SOUTHAMPTON - 100 HARBOUR PARADE,100 HARBOUR PARADE,,,SOUTHAMPTON,HAMPSHIRE,SO15 1BA,UNITED KINGDOM,No,206345589,Covered,Active,L1NBD,L1NBD,Vendor,Yes,12/1/2024 0:00,1/30/2027 0:00,30400375,USD,841.8,0,4501605158,841.8,,106610677,10937,N/A,N/A,N/A,,-,0,No,No,No,-,No,-,No,-,No,-,Active,-,Include,0,0,Include,14327,NULL,NULL
Demo,75593235,Cisco,-,FVH124187,123457520,Parent,C9120AXI-E,1,C9120AX Internal 802.11ax 4x4:4 MIMO;IOT;BT5;mGig;USB;RHL,,,,No Ship Date Available,00:00.0,4501245478,,C9120AX,WIRELESS,ENT. - WIRELESS,CHASSIS,-,-,-,-,Not Defined,9/16/2032 0:00,DEFAULT GROUP,,1016697150,SOUTHAMPTON - 100 HARBOUR PARADE,100 HARBOUR PARADE,,,SOUTHAMPTON,HAMPSHIRE,SO15 1BA,UNITED KINGDOM,No,206345589,Covered,Active,L1NBD,L1NBD,Vendor,Yes,12/1/2024 0:00,1/30/2027 0:00,30400375,USD,121.9,0,4501605158,121.9,,113848222,2238.28,N/A,N/A,N/A,,-,0,No,No,No,-,No,-,No,-,No,-,Active,-,Include,0,0,Include,14327,NULL,NULL
Demo,75593396,Cisco,-,FVH124188,123457521,Parent,C9300X-24Y-A,1,"Catalyst 9300X  24x25G Fiber Ports, modular uplink Switch",,,,No Ship Date Available,00:00.0,4501289377,,C9300X,ENTERPRISE SWITCHING,ENT. SWITCHING - ACCESS,CHASSIS,-,-,-,-,Not Defined,2/28/2033 0:00,DEFAULT GROUP,,1016697150,SOUTHAMPTON - 100 HARBOUR PARADE,100 HARBOUR PARADE,,,SOUTHAMPTON,HAMPSHIRE,SO15 1BA,UNITED KINGDOM,No,206345589,Covered,Active,L1NBD,L1NBD,Vendor,Yes,12/1/2024 0:00,1/30/2027 0:00,30400375,USD,2777.25,0,4501605158,2777.25,,114305888,30577.58,N/A,N/A,N/A,,-,0,No,No,No,-,No,-,No,-,No,-,Active,-,Include,0,0,Include,14327,NULL,NULL
Demo,75593411,Cisco,-,FVH124189,123457522,Parent,C9300X-24Y-A,1,"Catalyst 9300X  24x25G Fiber Ports, modular uplink Switch",,,,No Ship Date Available,00:00.0,4501289377,,C9300X,ENTERPRISE SWITCHING,ENT. SWITCHING - ACCESS,CHASSIS,-,-,-,-,Not Defined,2/28/2033 0:00,DEFAULT GROUP,,1016697150,SOUTHAMPTON - 100 HARBOUR PARADE,100 HARBOUR PARADE,,,SOUTHAMPTON,HAMPSHIRE,SO15 1BA,UNITED KINGDOM,No,206345589,Covered,Active,L1NBD,L1NBD,Vendor,Yes,12/1/2024 0:00,1/30/2027 0:00,30400375,USD,2777.25,0,4501605158,2777.25,,114305888,30577.58,N/A,N/A,N/A,,-,0,No,No,No,-,No,-,No,-,No,-,Active,-,Include,0,0,Include,14327,NULL,NULL
Demo,75593477,Cisco,-,FVH124190,123457523,Parent,C9120AXI-E,1,C9120AX Internal 802.11ax 4x4:4 MIMO;IOT;BT5;mGig;USB;RHL,,,,No Ship Date Available,00:00.0,4501245478,,C9120AX,WIRELESS,ENT. - WIRELESS,CHASSIS,-,-,-,-,Not Defined,9/16/2032 0:00,DEFAULT GROUP,,1016697150,SOUTHAMPTON - 100 HARBOUR PARADE,100 HARBOUR PARADE,,,SOUTHAMPTON,HAMPSHIRE,SO15 1BA,UNITED KINGDOM,No,206345589,Covered,Active,L1NBD,L1NBD,Vendor,Yes,12/1/2024 0:00,1/30/2027 0:00,30400375,USD,121.9,0,4501605158,121.9,,113848222,2238.28,N/A,N/A,N/A,,-,0,No,No,No,-,No,-,No,-,No,-,Active,-,Include,0,0,Include,14327,NULL,NULL
Demo,75593485,Cisco,-,FVH124191,123457524,Parent,C9120AXI-E,1,C9120AX Internal 802.11ax 4x4:4 MIMO;IOT;BT5;mGig;USB;RHL,,,,No Ship Date Available,00:00.0,4501245478,,C9120AX,WIRELESS,ENT. - WIRELESS,CHASSIS,-,-,-,-,Not Defined,9/16/2032 0:00,DEFAULT GROUP,,1016697150,SOUTHAMPTON - 100 HARBOUR PARADE,100 HARBOUR PARADE,,,SOUTHAMPTON,HAMPSHIRE,SO15 1BA,UNITED KINGDOM,No,206345589,Covered,Active,L1NBD,L1NBD,Vendor,Yes,12/1/2024 0:00,1/30/2027 0:00,30400375,USD,121.9,0,4501605158,121.9,,113848222,2238.28,N/A,N/A,N/A,,-,0,No,No,No,-,No,-,No,-,No,-,Active,-,Include,0,0,Include,14327,NULL,NULL
Demo,75593493,Cisco,-,FVH124192,123457525,Parent,C9120AXI-E,1,C9120AX Internal 802.11ax 4x4:4 MIMO;IOT;BT5;mGig;USB;RHL,,,,No Ship Date Available,00:00.0,4501245478,,C9120AX,WIRELESS,ENT. - WIRELESS,CHASSIS,-,-,-,-,Not Defined,9/16/2032 0:00,DEFAULT GROUP,,1016697150,SOUTHAMPTON - 100 HARBOUR PARADE,100 HARBOUR PARADE,,,SOUTHAMPTON,HAMPSHIRE,SO15 1BA,UNITED KINGDOM,No,206345589,Covered,Active,L1NBD,L1NBD,Vendor,Yes,12/1/2024 0:00,1/30/2027 0:00,30400375,USD,121.9,0,4501605158,121.9,,113848222,2238.28,N/A,N/A,N/A,,-,0,No,No,No,-,No,-,No,-,No,-,Active,-,Include,0,0,Include,14327,NULL,NULL
Demo,75593501,Cisco,-,FVH124193,123457526,Parent,C9120AXI-E,1,C9120AX Internal 802.11ax 4x4:4 MIMO;IOT;BT5;mGig;USB;RHL,,,,No Ship Date Available,00:00.0,4501245478,,C9120AX,WIRELESS,ENT. - WIRELESS,CHASSIS,-,-,-,-,Not Defined,9/16/2032 0:00,DEFAULT GROUP,,1016697150,SOUTHAMPTON - 100 HARBOUR PARADE,100 HARBOUR PARADE,,,SOUTHAMPTON,HAMPSHIRE,SO15 1BA,UNITED KINGDOM,No,206345589,Covered,Active,L1NBD,L1NBD,Vendor,Yes,12/1/2024 0:00,1/30/2027 0:00,30400375,USD,121.9,0,4501605158,121.9,,113848222,2238.28,N/A,N/A,N/A,,-,0,No,No,No,-,No,-,No,-,No,-,Active,-,Include,0,0,Include,14327,NULL,NULL
Demo,75593512,Cisco,-,FVH124194,123457527,Parent,C9120AXI-E,1,C9120AX Internal 802.11ax 4x4:4 MIMO;IOT;BT5;mGig;USB;RHL,,,,No Ship Date Available,00:00.0,4501245478,,C9120AX,WIRELESS,ENT. - WIRELESS,CHASSIS,-,-,-,-,Not Defined,9/16/2032 0:00,DEFAULT GROUP,,1016697150,SOUTHAMPTON - 100 HARBOUR PARADE,100 HARBOUR PARADE,,,SOUTHAMPTON,HAMPSHIRE,SO15 1BA,UNITED KINGDOM,No,206345589,Covered,Active,L1NBD,L1NBD,Vendor,Yes,12/1/2024 0:00,1/30/2027 0:00,30400375,USD,121.9,0,4501605158,121.9,,113848222,2238.28,N/A,N/A,N/A,,-,0,No,No,No,-,No,-,No,-,No,-,Active,-,Include,0,0,Include,14327,NULL,NULL
Demo,75593520,Cisco,-,FVH124195,123457528,Parent,C9120AXI-E,1,C9120AX Internal 802.11ax 4x4:4 MIMO;IOT;BT5;mGig;USB;RHL,,,,No Ship Date Available,00:00.0,4501245478,,C9120AX,WIRELESS,ENT. - WIRELESS,CHASSIS,-,-,-,-,Not Defined,10/5/2032 0:00,DEFAULT GROUP,,1016697150,SOUTHAMPTON - 100 HARBOUR PARADE,100 HARBOUR PARADE,,,SOUTHAMPTON,HAMPSHIRE,SO15 1BA,UNITED KINGDOM,No,206345589,Covered,Active,L1NBD,L1NBD,Vendor,Yes,12/1/2024 0:00,1/30/2027 0:00,30400375,USD,121.9,0,4501605158,121.9,,113848222,2238.28,N/A,N/A,N/A,,-,0,No,No,No,-,No,-,No,-,No,-,Active,-,Include,0,0,Include,14327,NULL,NULL
Demo,75593528,Cisco,-,FVH124196,123457529,Parent,C9120AXI-E,1,C9120AX Internal 802.11ax 4x4:4 MIMO;IOT;BT5;mGig;USB;RHL,,,,No Ship Date Available,00:00.0,4501245478,,C9120AX,WIRELESS,ENT. - WIRELESS,CHASSIS,-,-,-,-,Not Defined,10/5/2032 0:00,DEFAULT GROUP,,1016697150,SOUTHAMPTON - 100 HARBOUR PARADE,100 HARBOUR PARADE,,,SOUTHAMPTON,HAMPSHIRE,SO15 1BA,UNITED KINGDOM,No,206345589,Covered,Active,L1NBD,L1NBD,Vendor,Yes,12/1/2024 0:00,1/30/2027 0:00,30400375,USD,121.9,0,4501605158,121.9,,113848222,2238.28,N/A,N/A,N/A,,-,0,No,No,No,-,No,-,No,-,No,-,Active,-,Include,0,0,Include,14327,NULL,NULL
Demo,75593536,Cisco,-,FVH124197,123457530,Parent,C9120AXI-E,1,C9120AX Internal 802.11ax 4x4:4 MIMO;IOT;BT5;mGig;USB;RHL,,,,No Ship Date Available,00:00.0,4501245478,,C9120AX,WIRELESS,ENT. - WIRELESS,CHASSIS,-,-,-,-,Not Defined,10/5/2032 0:00,DEFAULT GROUP,,1016697150,SOUTHAMPTON - 100 HARBOUR PARADE,100 HARBOUR PARADE,,,SOUTHAMPTON,HAMPSHIRE,SO15 1BA,UNITED KINGDOM,No,206345589,Covered,Active,L1NBD,L1NBD,Vendor,Yes,12/1/2024 0:00,1/30/2027 0:00,30400375,USD,121.9,0,4501605158,121.9,,113848222,2238.28,N/A,N/A,N/A,,-,0,No,No,No,-,No,-,No,-,No,-,Active,-,Include,0,0,Include,14327,NULL,NULL
Demo,75593544,Cisco,-,FVH124198,123457531,Parent,C9120AXI-E,1,C9120AX Internal 802.11ax 4x4:4 MIMO;IOT;BT5;mGig;USB;RHL,,,,No Ship Date Available,00:00.0,4501245478,,C9120AX,WIRELESS,ENT. - WIRELESS,CHASSIS,-,-,-,-,Not Defined,10/5/2032 0:00,DEFAULT GROUP,,1016697150,SOUTHAMPTON - 100 HARBOUR PARADE,100 HARBOUR PARADE,,,SOUTHAMPTON,HAMPSHIRE,SO15 1BA,UNITED KINGDOM,No,206345589,Covered,Active,L1NBD,L1NBD,Vendor,Yes,12/1/2024 0:00,1/30/2027 0:00,30400375,USD,121.9,0,4501605158,121.9,,113848222,2238.28,N/A,N/A,N/A,,-,0,No,No,No,-,No,-,No,-,No,-,Active,-,Include,0,0,Include,14327,NULL,NULL
Demo,75593552,Cisco,-,FVH124199,123457532,Parent,C9120AXI-E,1,C9120AX Internal 802.11ax 4x4:4 MIMO;IOT;BT5;mGig;USB;RHL,,,,No Ship Date Available,00:00.0,4501245478,,C9120AX,WIRELESS,ENT. - WIRELESS,CHASSIS,-,-,-,-,Not Defined,10/5/2032 0:00,DEFAULT GROUP,,1016697150,SOUTHAMPTON - 100 HARBOUR PARADE,100 HARBOUR PARADE,,,SOUTHAMPTON,HAMPSHIRE,SO15 1BA,UNITED KINGDOM,No,206345589,Covered,Active,L1NBD,L1NBD,Vendor,Yes,12/1/2024 0:00,1/30/2027 0:00,30400375,USD,121.9,0,4501605158,121.9,,113848222,2238.28,N/A,N/A,N/A,,-,0,No,No,No,-,No,-,No,-,No,-,Active,-,Include,0,0,Include,14327,NULL,NULL
Demo,75593560,Cisco,-,FVH124200,123457533,Parent,C9120AXI-E,1,C9120AX Internal 802.11ax 4x4:4 MIMO;IOT;BT5;mGig;USB;RHL,,,,No Ship Date Available,00:00.0,4501245478,,C9120AX,WIRELESS,ENT. - WIRELESS,CHASSIS,-,-,-,-,Not Defined,10/5/2032 0:00,DEFAULT GROUP,,1016697150,SOUTHAMPTON - 100 HARBOUR PARADE,100 HARBOUR PARADE,,,SOUTHAMPTON,HAMPSHIRE,SO15 1BA,UNITED KINGDOM,No,206345589,Covered,Active,L1NBD,L1NBD,Vendor,Yes,12/1/2024 0:00,1/30/2027 0:00,30400375,USD,121.9,0,4501605158,121.9,,113848222,2238.28,N/A,N/A,N/A,,-,0,No,No,No,-,No,-,No,-,No,-,Active,-,Include,0,0,Include,14327,NULL,NULL
Demo,75593568,Cisco,-,FVH124201,123457534,Parent,C9120AXI-E,1,C9120AX Internal 802.11ax 4x4:4 MIMO;IOT;BT5;mGig;USB;RHL,,,,No Ship Date Available,00:00.0,4501245478,,C9120AX,WIRELESS,ENT. - WIRELESS,CHASSIS,-,-,-,-,Not Defined,10/5/2032 0:00,DEFAULT GROUP,,1016697150,SOUTHAMPTON - 100 HARBOUR PARADE,100 HARBOUR PARADE,,,SOUTHAMPTON,HAMPSHIRE,SO15 1BA,UNITED KINGDOM,No,206345589,Covered,Active,L1NBD,L1NBD,Vendor,Yes,12/1/2024 0:00,1/30/2027 0:00,30400375,USD,121.9,0,4501605158,121.9,,113848222,2238.28,N/A,N/A,N/A,,-,0,No,No,No,-,No,-,No,-,No,-,Active,-,Include,0,0,Include,14327,NULL,NULL
Demo,75593576,Cisco,-,FVH124202,123457535,Parent,C9120AXI-E,1,C9120AX Internal 802.11ax 4x4:4 MIMO;IOT;BT5;mGig;USB;RHL,,,,No Ship Date Available,00:00.0,4501245478,,C9120AX,WIRELESS,ENT. - WIRELESS,CHASSIS,-,-,-,-,Not Defined,10/5/2032 0:00,DEFAULT GROUP,,1016697150,SOUTHAMPTON - 100 HARBOUR PARADE,100 HARBOUR PARADE,,,SOUTHAMPTON,HAMPSHIRE,SO15 1BA,UNITED KINGDOM,No,206345589,Covered,Active,L1NBD,L1NBD,Vendor,Yes,12/1/2024 0:00,1/30/2027 0:00,30400375,USD,121.9,0,4501605158,121.9,,113848222,2238.28,N/A,N/A,N/A,,-,0,No,No,No,-,No,-,No,-,No,-,Active,-,Include,0,0,Include,14327,NULL,NULL
Demo,75593743,Cisco,-,FVH124203,123457536,Parent,C9120AXI-E,1,C9120AX Internal 802.11ax 4x4:4 MIMO;IOT;BT5;mGig;USB;RHL,,,,No Ship Date Available,00:00.0,4501245478,,C9120AX,WIRELESS,ENT. - WIRELESS,CHASSIS,-,-,-,-,Not Defined,9/16/2032 0:00,DEFAULT GROUP,,1016697150,SOUTHAMPTON - 100 HARBOUR PARADE,100 HARBOUR PARADE,,,SOUTHAMPTON,HAMPSHIRE,SO15 1BA,UNITED KINGDOM,No,206345589,Covered,Active,L1NBD,L1NBD,Vendor,Yes,12/1/2024 0:00,1/30/2027 0:00,30400375,USD,121.9,0,4501605158,121.9,,113848222,2238.28,N/A,N/A,N/A,,-,0,No,No,No,-,No,-,No,-,No,-,Active,-,Include,0,0,Include,14327,NULL,NULL
Demo,75593751,Cisco,-,FVH124204,123457537,Parent,C9120AXI-E,1,C9120AX Internal 802.11ax 4x4:4 MIMO;IOT;BT5;mGig;USB;RHL,,,,No Ship Date Available,00:00.0,4501245478,,C9120AX,WIRELESS,ENT. - WIRELESS,CHASSIS,-,-,-,-,Not Defined,9/16/2032 0:00,DEFAULT GROUP,,1016697150,SOUTHAMPTON - 100 HARBOUR PARADE,100 HARBOUR PARADE,,,SOUTHAMPTON,HAMPSHIRE,SO15 1BA,UNITED KINGDOM,No,206345589,Covered,Active,L1NBD,L1NBD,Vendor,Yes,12/1/2024 0:00,1/30/2027 0:00,30400375,USD,121.9,0,4501605158,121.9,,113848222,2238.28,N/A,N/A,N/A,,-,0,No,No,No,-,No,-,No,-,No,-,Active,-,Include,0,0,Include,14327,NULL,NULL
Demo,75593759,Cisco,-,FVH124205,123457538,Parent,C9120AXI-E,1,C9120AX Internal 802.11ax 4x4:4 MIMO;IOT;BT5;mGig;USB;RHL,,,,No Ship Date Available,00:00.0,4501245478,,C9120AX,WIRELESS,ENT. - WIRELESS,CHASSIS,-,-,-,-,Not Defined,9/16/2032 0:00,DEFAULT GROUP,,1016697150,SOUTHAMPTON - 100 HARBOUR PARADE,100 HARBOUR PARADE,,,SOUTHAMPTON,HAMPSHIRE,SO15 1BA,UNITED KINGDOM,No,206345589,Covered,Active,L1NBD,L1NBD,Vendor,Yes,12/1/2024 0:00,1/30/2027 0:00,30400375,USD,121.9,0,4501605158,121.9,,113848222,2238.28,N/A,N/A,N/A,,-,0,No,No,No,-,No,-,No,-,No,-,Active,-,Include,0,0,Include,14327,NULL,NULL
Demo,75593767,Cisco,-,FVH124206,123457539,Parent,C9120AXI-E,1,C9120AX Internal 802.11ax 4x4:4 MIMO;IOT;BT5;mGig;USB;RHL,,,,No Ship Date Available,00:00.0,4501245478,,C9120AX,WIRELESS,ENT. - WIRELESS,CHASSIS,-,-,-,-,Not Defined,9/16/2032 0:00,DEFAULT GROUP,,1016697150,SOUTHAMPTON - 100 HARBOUR PARADE,100 HARBOUR PARADE,,,SOUTHAMPTON,HAMPSHIRE,SO15 1BA,UNITED KINGDOM,No,206345589,Covered,Active,L1NBD,L1NBD,Vendor,Yes,12/1/2024 0:00,1/30/2027 0:00,30400375,USD,121.9,0,4501605158,121.9,,113848222,2238.28,N/A,N/A,N/A,,-,0,No,No,No,-,No,-,No,-,No,-,Active,-,Include,0,0,Include,14327,NULL,NULL
Demo,75593775,Cisco,-,FVH124207,123457540,Parent,C9120AXI-E,1,C9120AX Internal 802.11ax 4x4:4 MIMO;IOT;BT5;mGig;USB;RHL,,,,No Ship Date Available,00:00.0,4501245478,,C9120AX,WIRELESS,ENT. - WIRELESS,CHASSIS,-,-,-,-,Not Defined,10/5/2032 0:00,DEFAULT GROUP,,1016697150,SOUTHAMPTON - 100 HARBOUR PARADE,100 HARBOUR PARADE,,,SOUTHAMPTON,HAMPSHIRE,SO15 1BA,UNITED KINGDOM,No,206345589,Covered,Active,L1NBD,L1NBD,Vendor,Yes,12/1/2024 0:00,1/30/2027 0:00,30400375,USD,121.9,0,4501605158,121.9,,113848222,2238.28,N/A,N/A,N/A,,-,0,No,No,No,-,No,-,No,-,No,-,Active,-,Include,0,0,Include,14327,NULL,NULL
Demo,75593783,Cisco,-,FVH124208,123457541,Parent,C9120AXI-E,1,C9120AX Internal 802.11ax 4x4:4 MIMO;IOT;BT5;mGig;USB;RHL,,,,No Ship Date Available,00:00.0,4501245478,,C9120AX,WIRELESS,ENT. - WIRELESS,CHASSIS,-,-,-,-,Not Defined,10/5/2032 0:00,DEFAULT GROUP,,1016697150,SOUTHAMPTON - 100 HARBOUR PARADE,100 HARBOUR PARADE,,,SOUTHAMPTON,HAMPSHIRE,SO15 1BA,UNITED KINGDOM,No,206345589,Covered,Active,L1NBD,L1NBD,Vendor,Yes,12/1/2024 0:00,1/30/2027 0:00,30400375,USD,121.9,0,4501605158,121.9,,113848222,2238.28,N/A,N/A,N/A,,-,0,No,No,No,-,No,-,No,-,No,-,Active,-,Include,0,0,Include,14327,NULL,NULL
Demo,75593791,Cisco,-,FVH124209,123457542,Parent,C9120AXI-E,1,C9120AX Internal 802.11ax 4x4:4 MIMO;IOT;BT5;mGig;USB;RHL,,,,No Ship Date Available,00:00.0,4501245478,,C9120AX,WIRELESS,ENT. - WIRELESS,CHASSIS,-,-,-,-,Not Defined,10/5/2032 0:00,DEFAULT GROUP,,1016697150,SOUTHAMPTON - 100 HARBOUR PARADE,100 HARBOUR PARADE,,,SOUTHAMPTON,HAMPSHIRE,SO15 1BA,UNITED KINGDOM,No,206345589,Covered,Active,L1NBD,L1NBD,Vendor,Yes,12/1/2024 0:00,1/30/2027 0:00,30400375,USD,121.9,0,4501605158,121.9,,113848222,2238.28,N/A,N/A,N/A,,-,0,No,No,No,-,No,-,No,-,No,-,Active,-,Include,0,0,Include,14327,NULL,NULL
Demo,75593799,Cisco,-,FVH124210,123457543,Parent,C9120AXI-E,1,C9120AX Internal 802.11ax 4x4:4 MIMO;IOT;BT5;mGig;USB;RHL,,,,No Ship Date Available,00:00.0,4501245478,,C9120AX,WIRELESS,ENT. - WIRELESS,CHASSIS,-,-,-,-,Not Defined,10/5/2032 0:00,DEFAULT GROUP,,1016697150,SOUTHAMPTON - 100 HARBOUR PARADE,100 HARBOUR PARADE,,,SOUTHAMPTON,HAMPSHIRE,SO15 1BA,UNITED KINGDOM,No,206345589,Covered,Active,L1NBD,L1NBD,Vendor,Yes,12/1/2024 0:00,1/30/2027 0:00,30400375,USD,121.9,0,4501605158,121.9,,113848222,2238.28,N/A,N/A,N/A,,-,0,No,No,No,-,No,-,No,-,No,-,Active,-,Include,0,0,Include,14327,NULL,NULL
Demo,75593807,Cisco,-,FVH124211,123457544,Parent,C9120AXI-E,1,C9120AX Internal 802.11ax 4x4:4 MIMO;IOT;BT5;mGig;USB;RHL,,,,No Ship Date Available,00:00.0,4501245478,,C9120AX,WIRELESS,ENT. - WIRELESS,CHASSIS,-,-,-,-,Not Defined,10/5/2032 0:00,DEFAULT GROUP,,1016697150,SOUTHAMPTON - 100 HARBOUR PARADE,100 HARBOUR PARADE,,,SOUTHAMPTON,HAMPSHIRE,SO15 1BA,UNITED KINGDOM,No,206345589,Covered,Active,L1NBD,L1NBD,Vendor,Yes,12/1/2024 0:00,1/30/2027 0:00,30400375,USD,121.9,0,4501605158,121.9,,113848222,2238.28,N/A,N/A,N/A,,-,0,No,No,No,-,No,-,No,-,No,-,Active,-,Include,0,0,Include,14327,NULL,NULL
Demo,75593815,Cisco,-,FVH124212,123457545,Parent,C9120AXI-E,1,C9120AX Internal 802.11ax 4x4:4 MIMO;IOT;BT5;mGig;USB;RHL,,,,No Ship Date Available,00:00.0,4501245478,,C9120AX,WIRELESS,ENT. - WIRELESS,CHASSIS,-,-,-,-,Not Defined,10/5/2032 0:00,DEFAULT GROUP,,1016697150,SOUTHAMPTON - 100 HARBOUR PARADE,100 HARBOUR PARADE,,,SOUTHAMPTON,HAMPSHIRE,SO15 1BA,UNITED KINGDOM,No,206345589,Covered,Active,L1NBD,L1NBD,Vendor,Yes,12/1/2024 0:00,1/30/2027 0:00,30400375,USD,121.9,0,4501605158,121.9,,113848222,2238.28,N/A,N/A,N/A,,-,0,No,No,No,-,No,-,No,-,No,-,Active,-,Include,0,0,Include,14327,NULL,NULL
Demo,75593823,Cisco,-,FVH124213,123457546,Parent,C9120AXI-E,1,C9120AX Internal 802.11ax 4x4:4 MIMO;IOT;BT5;mGig;USB;RHL,,,,No Ship Date Available,00:00.0,4501245478,,C9120AX,WIRELESS,ENT. - WIRELESS,CHASSIS,-,-,-,-,Not Defined,10/5/2032 0:00,DEFAULT GROUP,,1016697150,SOUTHAMPTON - 100 HARBOUR PARADE,100 HARBOUR PARADE,,,SOUTHAMPTON,HAMPSHIRE,SO15 1BA,UNITED KINGDOM,No,206345589,Covered,Active,L1NBD,L1NBD,Vendor,Yes,12/1/2024 0:00,1/30/2027 0:00,30400375,USD,121.9,0,4501605158,121.9,,113848222,2238.28,N/A,N/A,N/A,,-,0,No,No,No,-,No,-,No,-,No,-,Active,-,Include,0,0,Include,14327,NULL,NULL
Demo,75593831,Cisco,-,FVH124214,123457547,Parent,C9120AXI-E,1,C9120AX Internal 802.11ax 4x4:4 MIMO;IOT;BT5;mGig;USB;RHL,,,,No Ship Date Available,00:00.0,4501245478,,C9120AX,WIRELESS,ENT. - WIRELESS,CHASSIS,-,-,-,-,Not Defined,10/5/2032 0:00,DEFAULT GROUP,,1016697150,SOUTHAMPTON - 100 HARBOUR PARADE,100 HARBOUR PARADE,,,SOUTHAMPTON,HAMPSHIRE,SO15 1BA,UNITED KINGDOM,No,206345589,Covered,Active,L1NBD,L1NBD,Vendor,Yes,12/1/2024 0:00,1/30/2027 0:00,30400375,USD,121.9,0,4501605158,121.9,,113848222,2238.28,N/A,N/A,N/A,,-,0,No,No,No,-,No,-,No,-,No,-,Active,-,Include,0,0,Include,14327,NULL,NULL
Demo,75593839,Cisco,-,FVH124215,123457548,Parent,C9120AXI-E,1,C9120AX Internal 802.11ax 4x4:4 MIMO;IOT;BT5;mGig;USB;RHL,,,,No Ship Date Available,00:00.0,4501245478,,C9120AX,WIRELESS,ENT. - WIRELESS,CHASSIS,-,-,-,-,Not Defined,10/5/2032 0:00,DEFAULT GROUP,,1016697150,SOUTHAMPTON - 100 HARBOUR PARADE,100 HARBOUR PARADE,,,SOUTHAMPTON,HAMPSHIRE,SO15 1BA,UNITED KINGDOM,No,206345589,Covered,Active,L1NBD,L1NBD,Vendor,Yes,12/1/2024 0:00,1/30/2027 0:00,30400375,USD,121.9,0,4501605158,121.9,,113848222,2238.28,N/A,N/A,N/A,,-,0,No,No,No,-,No,-,No,-,No,-,Active,-,Include,0,0,Include,14327,NULL,NULL
Demo,75593966,Cisco,-,FVH124216,123457549,Parent,C9120AXI-E,1,C9120AX Internal 802.11ax 4x4:4 MIMO;IOT;BT5;mGig;USB;RHL,,,,No Ship Date Available,00:00.0,4501245478,,C9120AX,WIRELESS,ENT. - WIRELESS,CHASSIS,-,-,-,-,Not Defined,9/16/2032 0:00,DEFAULT GROUP,,1016697150,SOUTHAMPTON - 100 HARBOUR PARADE,100 HARBOUR PARADE,,,SOUTHAMPTON,HAMPSHIRE,SO15 1BA,UNITED KINGDOM,No,206345589,Covered,Active,L1NBD,L1NBD,Vendor,Yes,12/1/2024 0:00,1/30/2027 0:00,30400375,USD,121.9,0,4501605158,121.9,,113848222,2238.28,N/A,N/A,N/A,,-,0,No,No,No,-,No,-,No,-,No,-,Active,-,Include,0,0,Include,14327,NULL,NULL
Demo,75593974,Cisco,-,FVH124217,123457550,Parent,C9120AXI-E,1,C9120AX Internal 802.11ax 4x4:4 MIMO;IOT;BT5;mGig;USB;RHL,,,,No Ship Date Available,00:00.0,4501245478,,C9120AX,WIRELESS,ENT. - WIRELESS,CHASSIS,-,-,-,-,Not Defined,9/16/2032 0:00,DEFAULT GROUP,,1016697150,SOUTHAMPTON - 100 HARBOUR PARADE,100 HARBOUR PARADE,,,SOUTHAMPTON,HAMPSHIRE,SO15 1BA,UNITED KINGDOM,No,206345589,Covered,Active,L1NBD,L1NBD,Vendor,Yes,12/1/2024 0:00,1/30/2027 0:00,30400375,USD,121.9,0,4501605158,121.9,,113848222,2238.28,N/A,N/A,N/A,,-,0,No,No,No,-,No,-,No,-,No,-,Active,-,Include,0,0,Include,14327,NULL,NULL
Demo,75593982,Cisco,-,FVH124218,123457551,Parent,C9120AXI-E,1,C9120AX Internal 802.11ax 4x4:4 MIMO;IOT;BT5;mGig;USB;RHL,,,,No Ship Date Available,00:00.0,4501245478,,C9120AX,WIRELESS,ENT. - WIRELESS,CHASSIS,-,-,-,-,Not Defined,9/16/2032 0:00,DEFAULT GROUP,,1016697150,SOUTHAMPTON - 100 HARBOUR PARADE,100 HARBOUR PARADE,,,SOUTHAMPTON,HAMPSHIRE,SO15 1BA,UNITED KINGDOM,No,206345589,Covered,Active,L1NBD,L1NBD,Vendor,Yes,12/1/2024 0:00,1/30/2027 0:00,30400375,USD,121.9,0,4501605158,121.9,,113848222,2238.28,N/A,N/A,N/A,,-,0,No,No,No,-,No,-,No,-,No,-,Active,-,Include,0,0,Include,14327,NULL,NULL
Demo,75593990,Cisco,-,FVH124219,123457552,Parent,C9120AXI-E,1,C9120AX Internal 802.11ax 4x4:4 MIMO;IOT;BT5;mGig;USB;RHL,,,,No Ship Date Available,00:00.0,4501245478,,C9120AX,WIRELESS,ENT. - WIRELESS,CHASSIS,-,-,-,-,Not Defined,9/16/2032 0:00,DEFAULT GROUP,,1016697150,SOUTHAMPTON - 100 HARBOUR PARADE,100 HARBOUR PARADE,,,SOUTHAMPTON,HAMPSHIRE,SO15 1BA,UNITED KINGDOM,No,206345589,Covered,Active,L1NBD,L1NBD,Vendor,Yes,12/1/2024 0:00,1/30/2027 0:00,30400375,USD,121.9,0,4501605158,121.9,,113848222,2238.28,N/A,N/A,N/A,,-,0,No,No,No,-,No,-,No,-,No,-,Active,-,Include,0,0,Include,14327,NULL,NULL
Demo,75593998,Cisco,-,FVH124220,123457553,Parent,C9120AXI-E,1,C9120AX Internal 802.11ax 4x4:4 MIMO;IOT;BT5;mGig;USB;RHL,,,,No Ship Date Available,00:00.0,4501245478,,C9120AX,WIRELESS,ENT. - WIRELESS,CHASSIS,-,-,-,-,Not Defined,9/16/2032 0:00,DEFAULT GROUP,,1016697150,SOUTHAMPTON - 100 HARBOUR PARADE,100 HARBOUR PARADE,,,SOUTHAMPTON,HAMPSHIRE,SO15 1BA,UNITED KINGDOM,No,206345589,Covered,Active,L1NBD,L1NBD,Vendor,Yes,12/1/2024 0:00,1/30/2027 0:00,30400375,USD,121.9,0,4501605158,121.9,,113848222,2238.28,N/A,N/A,N/A,,-,0,No,No,No,-,No,-,No,-,No,-,Active,-,Include,0,0,Include,14327,NULL,NULL
Demo,75594006,Cisco,-,FVH124221,123457554,Parent,C9120AXI-E,1,C9120AX Internal 802.11ax 4x4:4 MIMO;IOT;BT5;mGig;USB;RHL,,,,No Ship Date Available,00:00.0,4501245478,,C9120AX,WIRELESS,ENT. - WIRELESS,CHASSIS,-,-,-,-,Not Defined,9/16/2032 0:00,DEFAULT GROUP,,1016697150,SOUTHAMPTON - 100 HARBOUR PARADE,100 HARBOUR PARADE,,,SOUTHAMPTON,HAMPSHIRE,SO15 1BA,UNITED KINGDOM,No,206345589,Covered,Active,L1NBD,L1NBD,Vendor,Yes,12/1/2024 0:00,1/30/2027 0:00,30400375,USD,121.9,0,4501605158,121.9,,113848222,2238.28,N/A,N/A,N/A,,-,0,No,No,No,-,No,-,No,-,No,-,Active,-,Include,0,0,Include,14327,NULL,NULL
Demo,75594014,Cisco,-,FVH124222,123457555,Parent,C9120AXI-E,1,C9120AX Internal 802.11ax 4x4:4 MIMO;IOT;BT5;mGig;USB;RHL,,,,No Ship Date Available,00:00.0,4501245478,,C9120AX,WIRELESS,ENT. - WIRELESS,CHASSIS,-,-,-,-,Not Defined,9/16/2032 0:00,DEFAULT GROUP,,1016697150,SOUTHAMPTON - 100 HARBOUR PARADE,100 HARBOUR PARADE,,,SOUTHAMPTON,HAMPSHIRE,SO15 1BA,UNITED KINGDOM,No,206345589,Covered,Active,L1NBD,L1NBD,Vendor,Yes,12/1/2024 0:00,1/30/2027 0:00,30400375,USD,121.9,0,4501605158,121.9,,113848222,2238.28,N/A,N/A,N/A,,-,0,No,No,No,-,No,-,No,-,No,-,Active,-,Include,0,0,Include,14327,NULL,NULL
Demo,75594022,Cisco,-,FVH124223,123457556,Parent,C9120AXI-E,1,C9120AX Internal 802.11ax 4x4:4 MIMO;IOT;BT5;mGig;USB;RHL,,,,No Ship Date Available,00:00.0,4501245478,,C9120AX,WIRELESS,ENT. - WIRELESS,CHASSIS,-,-,-,-,Not Defined,9/16/2032 0:00,DEFAULT GROUP,,1016697150,SOUTHAMPTON - 100 HARBOUR PARADE,100 HARBOUR PARADE,,,SOUTHAMPTON,HAMPSHIRE,SO15 1BA,UNITED KINGDOM,No,206345589,Covered,Active,L1NBD,L1NBD,Vendor,Yes,12/1/2024 0:00,1/30/2027 0:00,30400375,USD,121.9,0,4501605158,121.9,,113848222,2238.28,N/A,N/A,N/A,,-,0,No,No,No,-,No,-,No,-,No,-,Active,-,Include,0,0,Include,14327,NULL,NULL
Demo,75594030,Cisco,-,FVH124224,123457557,Parent,C9120AXI-E,1,C9120AX Internal 802.11ax 4x4:4 MIMO;IOT;BT5;mGig;USB;RHL,,,,No Ship Date Available,00:00.0,4501245478,,C9120AX,WIRELESS,ENT. - WIRELESS,CHASSIS,-,-,-,-,Not Defined,9/16/2032 0:00,DEFAULT GROUP,,1016697150,SOUTHAMPTON - 100 HARBOUR PARADE,100 HARBOUR PARADE,,,SOUTHAMPTON,HAMPSHIRE,SO15 1BA,UNITED KINGDOM,No,206345589,Covered,Active,L1NBD,L1NBD,Vendor,Yes,12/1/2024 0:00,1/30/2027 0:00,30400375,USD,121.9,0,4501605158,121.9,,113848222,2238.28,N/A,N/A,N/A,,-,0,No,No,No,-,No,-,No,-,No,-,Active,-,Include,0,0,Include,14327,NULL,NULL
Demo,75594038,Cisco,-,FVH124225,123457558,Parent,C9120AXI-E,1,C9120AX Internal 802.11ax 4x4:4 MIMO;IOT;BT5;mGig;USB;RHL,,,,No Ship Date Available,00:00.0,4501245478,,C9120AX,WIRELESS,ENT. - WIRELESS,CHASSIS,-,-,-,-,Not Defined,9/16/2032 0:00,DEFAULT GROUP,,1016697150,SOUTHAMPTON - 100 HARBOUR PARADE,100 HARBOUR PARADE,,,SOUTHAMPTON,HAMPSHIRE,SO15 1BA,UNITED KINGDOM,No,206345589,Covered,Active,L1NBD,L1NBD,Vendor,Yes,12/1/2024 0:00,1/30/2027 0:00,30400375,USD,121.9,0,4501605158,121.9,,113848222,2238.28,N/A,N/A,N/A,,-,0,No,No,No,-,No,-,No,-,No,-,Active,-,Include,0,0,Include,14327,NULL,NULL
Demo,75594046,Cisco,-,FVH124226,123457559,Parent,C9120AXI-E,1,C9120AX Internal 802.11ax 4x4:4 MIMO;IOT;BT5;mGig;USB;RHL,,,,No Ship Date Available,00:00.0,4501245478,,C9120AX,WIRELESS,ENT. - WIRELESS,CHASSIS,-,-,-,-,Not Defined,9/16/2032 0:00,DEFAULT GROUP,,1016697150,SOUTHAMPTON - 100 HARBOUR PARADE,100 HARBOUR PARADE,,,SOUTHAMPTON,HAMPSHIRE,SO15 1BA,UNITED KINGDOM,No,206345589,Covered,Active,L1NBD,L1NBD,Vendor,Yes,12/1/2024 0:00,1/30/2027 0:00,30400375,USD,121.9,0,4501605158,121.9,,113848222,2238.28,N/A,N/A,N/A,,-,0,No,No,No,-,No,-,No,-,No,-,Active,-,Include,0,0,Include,14327,NULL,NULL
Demo,75594054,Cisco,-,FVH124227,123457560,Parent,C9120AXI-E,1,C9120AX Internal 802.11ax 4x4:4 MIMO;IOT;BT5;mGig;USB;RHL,,,,No Ship Date Available,00:00.0,4501245478,,C9120AX,WIRELESS,ENT. - WIRELESS,CHASSIS,-,-,-,-,Not Defined,9/16/2032 0:00,DEFAULT GROUP,,1016697150,SOUTHAMPTON - 100 HARBOUR PARADE,100 HARBOUR PARADE,,,SOUTHAMPTON,HAMPSHIRE,SO15 1BA,UNITED KINGDOM,No,206345589,Covered,Active,L1NBD,L1NBD,Vendor,Yes,12/1/2024 0:00,1/30/2027 0:00,30400375,USD,121.9,0,4501605158,121.9,,113848222,2238.28,N/A,N/A,N/A,,-,0,No,No,No,-,No,-,No,-,No,-,Active,-,Include,0,0,Include,14327,NULL,NULL
Demo,75594062,Cisco,-,FVH124228,123457561,Parent,C9120AXI-E,1,C9120AX Internal 802.11ax 4x4:4 MIMO;IOT;BT5;mGig;USB;RHL,,,,No Ship Date Available,00:00.0,4501245478,,C9120AX,WIRELESS,ENT. - WIRELESS,CHASSIS,-,-,-,-,Not Defined,9/16/2032 0:00,DEFAULT GROUP,,1016697150,SOUTHAMPTON - 100 HARBOUR PARADE,100 HARBOUR PARADE,,,SOUTHAMPTON,HAMPSHIRE,SO15 1BA,UNITED KINGDOM,No,206345589,Covered,Active,L1NBD,L1NBD,Vendor,Yes,12/1/2024 0:00,1/30/2027 0:00,30400375,USD,121.9,0,4501605158,121.9,,113848222,2238.28,N/A,N/A,N/A,,-,0,No,No,No,-,No,-,No,-,No,-,Active,-,Include,0,0,Include,14327,NULL,NULL
Demo,75594070,Cisco,-,FVH124229,123457562,Parent,C9120AXI-E,1,C9120AX Internal 802.11ax 4x4:4 MIMO;IOT;BT5;mGig;USB;RHL,,,,No Ship Date Available,00:00.0,4501245478,,C9120AX,WIRELESS,ENT. - WIRELESS,CHASSIS,-,-,-,-,Not Defined,9/16/2032 0:00,DEFAULT GROUP,,1016697150,SOUTHAMPTON - 100 HARBOUR PARADE,100 HARBOUR PARADE,,,SOUTHAMPTON,HAMPSHIRE,SO15 1BA,UNITED KINGDOM,No,206345589,Covered,Active,L1NBD,L1NBD,Vendor,Yes,12/1/2024 0:00,1/30/2027 0:00,30400375,USD,121.9,0,4501605158,121.9,,113848222,2238.28,N/A,N/A,N/A,,-,0,No,No,No,-,No,-,No,-,No,-,Active,-,Include,0,0,Include,14327,NULL,NULL
Demo,75594078,Cisco,-,FVH124230,123457563,Parent,C9120AXI-E,1,C9120AX Internal 802.11ax 4x4:4 MIMO;IOT;BT5;mGig;USB;RHL,,,,No Ship Date Available,00:00.0,4501245478,,C9120AX,WIRELESS,ENT. - WIRELESS,CHASSIS,-,-,-,-,Not Defined,9/16/2032 0:00,DEFAULT GROUP,,1016697150,SOUTHAMPTON - 100 HARBOUR PARADE,100 HARBOUR PARADE,,,SOUTHAMPTON,HAMPSHIRE,SO15 1BA,UNITED KINGDOM,No,206345589,Covered,Active,L1NBD,L1NBD,Vendor,Yes,12/1/2024 0:00,1/30/2027 0:00,30400375,USD,121.9,0,4501605158,121.9,,113848222,2238.28,N/A,N/A,N/A,,-,0,No,No,No,-,No,-,No,-,No,-,Active,-,Include,0,0,Include,14327,NULL,NULL
Demo,75594086,Cisco,-,FVH124231,123457564,Parent,C9120AXI-E,1,C9120AX Internal 802.11ax 4x4:4 MIMO;IOT;BT5;mGig;USB;RHL,,,,No Ship Date Available,00:00.0,4501245478,,C9120AX,WIRELESS,ENT. - WIRELESS,CHASSIS,-,-,-,-,Not Defined,9/16/2032 0:00,DEFAULT GROUP,,1016697150,SOUTHAMPTON - 100 HARBOUR PARADE,100 HARBOUR PARADE,,,SOUTHAMPTON,HAMPSHIRE,SO15 1BA,UNITED KINGDOM,No,206345589,Covered,Active,L1NBD,L1NBD,Vendor,Yes,12/1/2024 0:00,1/30/2027 0:00,30400375,USD,121.9,0,4501605158,121.9,,113848222,2238.28,N/A,N/A,N/A,,-,0,No,No,No,-,No,-,No,-,No,-,Active,-,Include,0,0,Include,14327,NULL,NULL
Demo,75594094,Cisco,-,FVH124232,123457565,Parent,C9120AXI-E,1,C9120AX Internal 802.11ax 4x4:4 MIMO;IOT;BT5;mGig;USB;RHL,,,,No Ship Date Available,00:00.0,4501245478,,C9120AX,WIRELESS,ENT. - WIRELESS,CHASSIS,-,-,-,-,Not Defined,9/16/2032 0:00,DEFAULT GROUP,,1016697150,SOUTHAMPTON - 100 HARBOUR PARADE,100 HARBOUR PARADE,,,SOUTHAMPTON,HAMPSHIRE,SO15 1BA,UNITED KINGDOM,No,206345589,Covered,Active,L1NBD,L1NBD,Vendor,Yes,12/1/2024 0:00,1/30/2027 0:00,30400375,USD,121.9,0,4501605158,121.9,,113848222,2238.28,N/A,N/A,N/A,,-,0,No,No,No,-,No,-,No,-,No,-,Active,-,Include,0,0,Include,14327,NULL,NULL
Demo,75594102,Cisco,-,FVH124233,123457566,Parent,C9120AXI-E,1,C9120AX Internal 802.11ax 4x4:4 MIMO;IOT;BT5;mGig;USB;RHL,,,,No Ship Date Available,00:00.0,4501245478,,C9120AX,WIRELESS,ENT. - WIRELESS,CHASSIS,-,-,-,-,Not Defined,9/16/2032 0:00,DEFAULT GROUP,,1016697150,SOUTHAMPTON - 100 HARBOUR PARADE,100 HARBOUR PARADE,,,SOUTHAMPTON,HAMPSHIRE,SO15 1BA,UNITED KINGDOM,No,206345589,Covered,Active,L1NBD,L1NBD,Vendor,Yes,12/1/2024 0:00,1/30/2027 0:00,30400375,USD,121.9,0,4501605158,121.9,,113848222,2238.28,N/A,N/A,N/A,,-,0,No,No,No,-,No,-,No,-,No,-,Active,-,Include,0,0,Include,14327,NULL,NULL
Demo,75594110,Cisco,-,FVH124234,123457567,Parent,C9120AXI-E,1,C9120AX Internal 802.11ax 4x4:4 MIMO;IOT;BT5;mGig;USB;RHL,,,,No Ship Date Available,00:00.0,4501245478,,C9120AX,WIRELESS,ENT. - WIRELESS,CHASSIS,-,-,-,-,Not Defined,9/16/2032 0:00,DEFAULT GROUP,,1016697150,SOUTHAMPTON - 100 HARBOUR PARADE,100 HARBOUR PARADE,,,SOUTHAMPTON,HAMPSHIRE,SO15 1BA,UNITED KINGDOM,No,206345589,Covered,Active,L1NBD,L1NBD,Vendor,Yes,12/1/2024 0:00,1/30/2027 0:00,30400375,USD,121.9,0,4501605158,121.9,,113848222,2238.28,N/A,N/A,N/A,,-,0,No,No,No,-,No,-,No,-,No,-,Active,-,Include,0,0,Include,14327,NULL,NULL
Demo,75594118,Cisco,-,FVH124235,123457568,Parent,C9120AXI-E,1,C9120AX Internal 802.11ax 4x4:4 MIMO;IOT;BT5;mGig;USB;RHL,,,,No Ship Date Available,00:00.0,4501245478,,C9120AX,WIRELESS,ENT. - WIRELESS,CHASSIS,-,-,-,-,Not Defined,9/16/2032 0:00,DEFAULT GROUP,,1016697150,SOUTHAMPTON - 100 HARBOUR PARADE,100 HARBOUR PARADE,,,SOUTHAMPTON,HAMPSHIRE,SO15 1BA,UNITED KINGDOM,No,206345589,Covered,Active,L1NBD,L1NBD,Vendor,Yes,12/1/2024 0:00,1/30/2027 0:00,30400375,USD,121.9,0,4501605158,121.9,,113848222,2238.28,N/A,N/A,N/A,,-,0,No,No,No,-,No,-,No,-,No,-,Active,-,Include,0,0,Include,14327,NULL,NULL
Demo,75594126,Cisco,-,FVH124236,123457569,Parent,C9120AXI-E,1,C9120AX Internal 802.11ax 4x4:4 MIMO;IOT;BT5;mGig;USB;RHL,,,,No Ship Date Available,00:00.0,4501245478,,C9120AX,WIRELESS,ENT. - WIRELESS,CHASSIS,-,-,-,-,Not Defined,9/16/2032 0:00,DEFAULT GROUP,,1016697150,SOUTHAMPTON - 100 HARBOUR PARADE,100 HARBOUR PARADE,,,SOUTHAMPTON,HAMPSHIRE,SO15 1BA,UNITED KINGDOM,No,206345589,Covered,Active,L1NBD,L1NBD,Vendor,Yes,12/1/2024 0:00,1/30/2027 0:00,30400375,USD,121.9,0,4501605158,121.9,,113848222,2238.28,N/A,N/A,N/A,,-,0,No,No,No,-,No,-,No,-,No,-,Active,-,Include,0,0,Include,14327,NULL,NULL
Demo,75594134,Cisco,-,FVH124237,123457570,Parent,C9120AXI-E,1,C9120AX Internal 802.11ax 4x4:4 MIMO;IOT;BT5;mGig;USB;RHL,,,,No Ship Date Available,00:00.0,4501245478,,C9120AX,WIRELESS,ENT. - WIRELESS,CHASSIS,-,-,-,-,Not Defined,9/16/2032 0:00,DEFAULT GROUP,,1016697150,SOUTHAMPTON - 100 HARBOUR PARADE,100 HARBOUR PARADE,,,SOUTHAMPTON,HAMPSHIRE,SO15 1BA,UNITED KINGDOM,No,206345589,Covered,Active,L1NBD,L1NBD,Vendor,Yes,12/1/2024 0:00,1/30/2027 0:00,30400375,USD,121.9,0,4501605158,121.9,,113848222,2238.28,N/A,N/A,N/A,,-,0,No,No,No,-,No,-,No,-,No,-,Active,-,Include,0,0,Include,14327,NULL,NULL
Demo,75594142,Cisco,-,FVH124238,123457571,Parent,C9120AXI-E,1,C9120AX Internal 802.11ax 4x4:4 MIMO;IOT;BT5;mGig;USB;RHL,,,,No Ship Date Available,00:00.0,4501245478,,C9120AX,WIRELESS,ENT. - WIRELESS,CHASSIS,-,-,-,-,Not Defined,10/5/2032 0:00,DEFAULT GROUP,,1016697150,SOUTHAMPTON - 100 HARBOUR PARADE,100 HARBOUR PARADE,,,SOUTHAMPTON,HAMPSHIRE,SO15 1BA,UNITED KINGDOM,No,206345589,Covered,Active,L1NBD,L1NBD,Vendor,Yes,12/1/2024 0:00,1/30/2027 0:00,30400375,USD,121.9,0,4501605158,121.9,,113848222,2238.28,N/A,N/A,N/A,,-,0,No,No,No,-,No,-,No,-,No,-,Active,-,Include,0,0,Include,14327,NULL,NULL
Demo,75594150,Cisco,-,FVH124239,123457572,Parent,C9120AXI-E,1,C9120AX Internal 802.11ax 4x4:4 MIMO;IOT;BT5;mGig;USB;RHL,,,,No Ship Date Available,00:00.0,4501245478,,C9120AX,WIRELESS,ENT. - WIRELESS,CHASSIS,-,-,-,-,Not Defined,10/5/2032 0:00,DEFAULT GROUP,,1016697150,SOUTHAMPTON - 100 HARBOUR PARADE,100 HARBOUR PARADE,,,SOUTHAMPTON,HAMPSHIRE,SO15 1BA,UNITED KINGDOM,No,206345589,Covered,Active,L1NBD,L1NBD,Vendor,Yes,12/1/2024 0:00,1/30/2027 0:00,30400375,USD,121.9,0,4501605158,121.9,,113848222,2238.28,N/A,N/A,N/A,,-,0,No,No,No,-,No,-,No,-,No,-,Active,-,Include,0,0,Include,14327,NULL,NULL
Demo,75594158,Cisco,-,FVH124240,123457573,Parent,C9120AXI-E,1,C9120AX Internal 802.11ax 4x4:4 MIMO;IOT;BT5;mGig;USB;RHL,,,,No Ship Date Available,00:00.0,4501245478,,C9120AX,WIRELESS,ENT. - WIRELESS,CHASSIS,-,-,-,-,Not Defined,10/5/2032 0:00,DEFAULT GROUP,,1016697150,SOUTHAMPTON - 100 HARBOUR PARADE,100 HARBOUR PARADE,,,SOUTHAMPTON,HAMPSHIRE,SO15 1BA,UNITED KINGDOM,No,206345589,Covered,Active,L1NBD,L1NBD,Vendor,Yes,12/1/2024 0:00,1/30/2027 0:00,30400375,USD,121.9,0,4501605158,121.9,,113848222,2238.28,N/A,N/A,N/A,,-,0,No,No,No,-,No,-,No,-,No,-,Active,-,Include,0,0,Include,14327,NULL,NULL
Demo,75594166,Cisco,-,FVH124241,123457574,Parent,C9120AXI-E,1,C9120AX Internal 802.11ax 4x4:4 MIMO;IOT;BT5;mGig;USB;RHL,,,,No Ship Date Available,00:00.0,4501245478,,C9120AX,WIRELESS,ENT. - WIRELESS,CHASSIS,-,-,-,-,Not Defined,10/5/2032 0:00,DEFAULT GROUP,,1016697150,SOUTHAMPTON - 100 HARBOUR PARADE,100 HARBOUR PARADE,,,SOUTHAMPTON,HAMPSHIRE,SO15 1BA,UNITED KINGDOM,No,206345589,Covered,Active,L1NBD,L1NBD,Vendor,Yes,12/1/2024 0:00,1/30/2027 0:00,30400375,USD,121.9,0,4501605158,121.9,,113848222,2238.28,N/A,N/A,N/A,,-,0,No,No,No,-,No,-,No,-,No,-,Active,-,Include,0,0,Include,14327,NULL,NULL
Demo,75594174,Cisco,-,FVH124242,123457575,Parent,C9120AXI-E,1,C9120AX Internal 802.11ax 4x4:4 MIMO;IOT;BT5;mGig;USB;RHL,,,,No Ship Date Available,00:00.0,4501245478,,C9120AX,WIRELESS,ENT. - WIRELESS,CHASSIS,-,-,-,-,Not Defined,10/5/2032 0:00,DEFAULT GROUP,,1016697150,SOUTHAMPTON - 100 HARBOUR PARADE,100 HARBOUR PARADE,,,SOUTHAMPTON,HAMPSHIRE,SO15 1BA,UNITED KINGDOM,No,206345589,Covered,Active,L1NBD,L1NBD,Vendor,Yes,12/1/2024 0:00,1/30/2027 0:00,30400375,USD,121.9,0,4501605158,121.9,,113848222,2238.28,N/A,N/A,N/A,,-,0,No,No,No,-,No,-,No,-,No,-,Active,-,Include,0,0,Include,14327,NULL,NULL
Demo,75594200,Cisco,-,FVH124243,123457576,Parent,C9120AXI-E,1,C9120AX Internal 802.11ax 4x4:4 MIMO;IOT;BT5;mGig;USB;RHL,,,,No Ship Date Available,00:00.0,4501245478,,C9120AX,WIRELESS,ENT. - WIRELESS,CHASSIS,-,-,-,-,Not Defined,9/16/2032 0:00,DEFAULT GROUP,,1016697150,SOUTHAMPTON - 100 HARBOUR PARADE,100 HARBOUR PARADE,,,SOUTHAMPTON,HAMPSHIRE,SO15 1BA,UNITED KINGDOM,No,206345589,Covered,Active,L1NBD,L1NBD,Vendor,Yes,12/1/2024 0:00,1/30/2027 0:00,30400375,USD,121.9,0,4501605158,121.9,,113848222,2238.28,N/A,N/A,N/A,,-,0,No,No,No,-,No,-,No,-,No,-,Active,-,Include,0,0,Include,14327,NULL,NULL
Demo,75594208,Cisco,-,FVH124244,123457577,Parent,C9120AXI-E,1,C9120AX Internal 802.11ax 4x4:4 MIMO;IOT;BT5;mGig;USB;RHL,,,,No Ship Date Available,00:00.0,4501245478,,C9120AX,WIRELESS,ENT. - WIRELESS,CHASSIS,-,-,-,-,Not Defined,9/16/2032 0:00,DEFAULT GROUP,,1016697150,SOUTHAMPTON - 100 HARBOUR PARADE,100 HARBOUR PARADE,,,SOUTHAMPTON,HAMPSHIRE,SO15 1BA,UNITED KINGDOM,No,206345589,Covered,Active,L1NBD,L1NBD,Vendor,Yes,12/1/2024 0:00,1/30/2027 0:00,30400375,USD,121.9,0,4501605158,121.9,,113848222,2238.28,N/A,N/A,N/A,,-,0,No,No,No,-,No,-,No,-,No,-,Active,-,Include,0,0,Include,14327,NULL,NULL
Demo,75594216,Cisco,-,FVH124245,123457578,Parent,C9120AXI-E,1,C9120AX Internal 802.11ax 4x4:4 MIMO;IOT;BT5;mGig;USB;RHL,,,,No Ship Date Available,00:00.0,4501245478,,C9120AX,WIRELESS,ENT. - WIRELESS,CHASSIS,-,-,-,-,Not Defined,9/16/2032 0:00,DEFAULT GROUP,,1016697150,SOUTHAMPTON - 100 HARBOUR PARADE,100 HARBOUR PARADE,,,SOUTHAMPTON,HAMPSHIRE,SO15 1BA,UNITED KINGDOM,No,206345589,Covered,Active,L1NBD,L1NBD,Vendor,Yes,12/1/2024 0:00,1/30/2027 0:00,30400375,USD,121.9,0,4501605158,121.9,,113848222,2238.28,N/A,N/A,N/A,,-,0,No,No,No,-,No,-,No,-,No,-,Active,-,Include,0,0,Include,14327,NULL,NULL
Demo,75594224,Cisco,-,FVH124246,123457579,Parent,C9120AXI-E,1,C9120AX Internal 802.11ax 4x4:4 MIMO;IOT;BT5;mGig;USB;RHL,,,,No Ship Date Available,00:00.0,4501245478,,C9120AX,WIRELESS,ENT. - WIRELESS,CHASSIS,-,-,-,-,Not Defined,9/16/2032 0:00,DEFAULT GROUP,,1016697150,SOUTHAMPTON - 100 HARBOUR PARADE,100 HARBOUR PARADE,,,SOUTHAMPTON,HAMPSHIRE,SO15 1BA,UNITED KINGDOM,No,206345589,Covered,Active,L1NBD,L1NBD,Vendor,Yes,12/1/2024 0:00,1/30/2027 0:00,30400375,USD,121.9,0,4501605158,121.9,,113848222,2238.28,N/A,N/A,N/A,,-,0,No,No,No,-,No,-,No,-,No,-,Active,-,Include,0,0,Include,14327,NULL,NULL
Demo,75594232,Cisco,-,FVH124247,123457580,Parent,C9120AXI-E,1,C9120AX Internal 802.11ax 4x4:4 MIMO;IOT;BT5;mGig;USB;RHL,,,,No Ship Date Available,00:00.0,4501245478,,C9120AX,WIRELESS,ENT. - WIRELESS,CHASSIS,-,-,-,-,Not Defined,9/16/2032 0:00,DEFAULT GROUP,,1016697150,SOUTHAMPTON - 100 HARBOUR PARADE,100 HARBOUR PARADE,,,SOUTHAMPTON,HAMPSHIRE,SO15 1BA,UNITED KINGDOM,No,206345589,Covered,Active,L1NBD,L1NBD,Vendor,Yes,12/1/2024 0:00,1/30/2027 0:00,30400375,USD,121.9,0,4501605158,121.9,,113848222,2238.28,N/A,N/A,N/A,,-,0,No,No,No,-,No,-,No,-,No,-,Active,-,Include,0,0,Include,14327,NULL,NULL
Demo,75594240,Cisco,-,FVH124248,123457581,Parent,C9120AXI-E,1,C9120AX Internal 802.11ax 4x4:4 MIMO;IOT;BT5;mGig;USB;RHL,,,,No Ship Date Available,00:00.0,4501245478,,C9120AX,WIRELESS,ENT. - WIRELESS,CHASSIS,-,-,-,-,Not Defined,9/16/2032 0:00,DEFAULT GROUP,,1016697150,SOUTHAMPTON - 100 HARBOUR PARADE,100 HARBOUR PARADE,,,SOUTHAMPTON,HAMPSHIRE,SO15 1BA,UNITED KINGDOM,No,206345589,Covered,Active,L1NBD,L1NBD,Vendor,Yes,12/1/2024 0:00,1/30/2027 0:00,30400375,USD,121.9,0,4501605158,121.9,,113848222,2238.28,N/A,N/A,N/A,,-,0,No,No,No,-,No,-,No,-,No,-,Active,-,Include,0,0,Include,14327,NULL,NULL
Demo,75594248,Cisco,-,FVH124249,123457582,Parent,C9120AXI-E,1,C9120AX Internal 802.11ax 4x4:4 MIMO;IOT;BT5;mGig;USB;RHL,,,,No Ship Date Available,00:00.0,4501245478,,C9120AX,WIRELESS,ENT. - WIRELESS,CHASSIS,-,-,-,-,Not Defined,9/16/2032 0:00,DEFAULT GROUP,,1016697150,SOUTHAMPTON - 100 HARBOUR PARADE,100 HARBOUR PARADE,,,SOUTHAMPTON,HAMPSHIRE,SO15 1BA,UNITED KINGDOM,No,206345589,Covered,Active,L1NBD,L1NBD,Vendor,Yes,12/1/2024 0:00,1/30/2027 0:00,30400375,USD,121.9,0,4501605158,121.9,,113848222,2238.28,N/A,N/A,N/A,,-,0,No,No,No,-,No,-,No,-,No,-,Active,-,Include,0,0,Include,14327,NULL,NULL
Demo,75594256,Cisco,-,FVH124250,123457583,Parent,C9120AXI-E,1,C9120AX Internal 802.11ax 4x4:4 MIMO;IOT;BT5;mGig;USB;RHL,,,,No Ship Date Available,00:00.0,4501245478,,C9120AX,WIRELESS,ENT. - WIRELESS,CHASSIS,-,-,-,-,Not Defined,9/16/2032 0:00,DEFAULT GROUP,,1016697150,SOUTHAMPTON - 100 HARBOUR PARADE,100 HARBOUR PARADE,,,SOUTHAMPTON,HAMPSHIRE,SO15 1BA,UNITED KINGDOM,No,206345589,Covered,Active,L1NBD,L1NBD,Vendor,Yes,12/1/2024 0:00,1/30/2027 0:00,30400375,USD,121.9,0,4501605158,121.9,,113848222,2238.28,N/A,N/A,N/A,,-,0,No,No,No,-,No,-,No,-,No,-,Active,-,Include,0,0,Include,14327,NULL,NULL
Demo,75594264,Cisco,-,FVH124251,123457584,Parent,C9120AXI-E,1,C9120AX Internal 802.11ax 4x4:4 MIMO;IOT;BT5;mGig;USB;RHL,,,,No Ship Date Available,00:00.0,4501245478,,C9120AX,WIRELESS,ENT. - WIRELESS,CHASSIS,-,-,-,-,Not Defined,9/16/2032 0:00,DEFAULT GROUP,,1016697150,SOUTHAMPTON - 100 HARBOUR PARADE,100 HARBOUR PARADE,,,SOUTHAMPTON,HAMPSHIRE,SO15 1BA,UNITED KINGDOM,No,206345589,Covered,Active,L1NBD,L1NBD,Vendor,Yes,12/1/2024 0:00,1/30/2027 0:00,30400375,USD,121.9,0,4501605158,121.9,,113848222,2238.28,N/A,N/A,N/A,,-,0,No,No,No,-,No,-,No,-,No,-,Active,-,Include,0,0,Include,14327,NULL,NULL
Demo,75594272,Cisco,-,FVH124252,123457585,Parent,C9120AXI-E,1,C9120AX Internal 802.11ax 4x4:4 MIMO;IOT;BT5;mGig;USB;RHL,,,,No Ship Date Available,00:00.0,4501245478,,C9120AX,WIRELESS,ENT. - WIRELESS,CHASSIS,-,-,-,-,Not Defined,9/16/2032 0:00,DEFAULT GROUP,,1016697150,SOUTHAMPTON - 100 HARBOUR PARADE,100 HARBOUR PARADE,,,SOUTHAMPTON,HAMPSHIRE,SO15 1BA,UNITED KINGDOM,No,206345589,Covered,Active,L1NBD,L1NBD,Vendor,Yes,12/1/2024 0:00,1/30/2027 0:00,30400375,USD,121.9,0,4501605158,121.9,,113848222,2238.28,N/A,N/A,N/A,,-,0,No,No,No,-,No,-,No,-,No,-,Active,-,Include,0,0,Include,14327,NULL,NULL
Demo,75594280,Cisco,-,FVH124253,123457586,Parent,C9120AXI-E,1,C9120AX Internal 802.11ax 4x4:4 MIMO;IOT;BT5;mGig;USB;RHL,,,,No Ship Date Available,00:00.0,4501245478,,C9120AX,WIRELESS,ENT. - WIRELESS,CHASSIS,-,-,-,-,Not Defined,9/16/2032 0:00,DEFAULT GROUP,,1016697150,SOUTHAMPTON - 100 HARBOUR PARADE,100 HARBOUR PARADE,,,SOUTHAMPTON,HAMPSHIRE,SO15 1BA,UNITED KINGDOM,No,206345589,Covered,Active,L1NBD,L1NBD,Vendor,Yes,12/1/2024 0:00,1/30/2027 0:00,30400375,USD,121.9,0,4501605158,121.9,,113848222,2238.28,N/A,N/A,N/A,,-,0,No,No,No,-,No,-,No,-,No,-,Active,-,Include,0,0,Include,14327,NULL,NULL
Demo,75594288,Cisco,-,FVH124254,123457587,Parent,C9120AXI-E,1,C9120AX Internal 802.11ax 4x4:4 MIMO;IOT;BT5;mGig;USB;RHL,,,,No Ship Date Available,00:00.0,4501245478,,C9120AX,WIRELESS,ENT. - WIRELESS,CHASSIS,-,-,-,-,Not Defined,9/16/2032 0:00,DEFAULT GROUP,,1016697150,SOUTHAMPTON - 100 HARBOUR PARADE,100 HARBOUR PARADE,,,SOUTHAMPTON,HAMPSHIRE,SO15 1BA,UNITED KINGDOM,No,206345589,Covered,Active,L1NBD,L1NBD,Vendor,Yes,12/1/2024 0:00,1/30/2027 0:00,30400375,USD,121.9,0,4501605158,121.9,,113848222,2238.28,N/A,N/A,N/A,,-,0,No,No,No,-,No,-,No,-,No,-,Active,-,Include,0,0,Include,14327,NULL,NULL
Demo,75594296,Cisco,-,FVH124255,123457588,Parent,C9120AXI-E,1,C9120AX Internal 802.11ax 4x4:4 MIMO;IOT;BT5;mGig;USB;RHL,,,,No Ship Date Available,00:00.0,4501245478,,C9120AX,WIRELESS,ENT. - WIRELESS,CHASSIS,-,-,-,-,Not Defined,9/16/2032 0:00,DEFAULT GROUP,,1016697150,SOUTHAMPTON - 100 HARBOUR PARADE,100 HARBOUR PARADE,,,SOUTHAMPTON,HAMPSHIRE,SO15 1BA,UNITED KINGDOM,No,206345589,Covered,Active,L1NBD,L1NBD,Vendor,Yes,12/1/2024 0:00,1/30/2027 0:00,30400375,USD,121.9,0,4501605158,121.9,,113848222,2238.28,N/A,N/A,N/A,,-,0,No,No,No,-,No,-,No,-,No,-,Active,-,Include,0,0,Include,14327,NULL,NULL
Demo,75594304,Cisco,-,FVH124256,123457589,Parent,C9120AXI-E,1,C9120AX Internal 802.11ax 4x4:4 MIMO;IOT;BT5;mGig;USB;RHL,,,,No Ship Date Available,00:00.0,4501245478,,C9120AX,WIRELESS,ENT. - WIRELESS,CHASSIS,-,-,-,-,Not Defined,9/16/2032 0:00,DEFAULT GROUP,,1016697150,SOUTHAMPTON - 100 HARBOUR PARADE,100 HARBOUR PARADE,,,SOUTHAMPTON,HAMPSHIRE,SO15 1BA,UNITED KINGDOM,No,206345589,Covered,Active,L1NBD,L1NBD,Vendor,Yes,12/1/2024 0:00,1/30/2027 0:00,30400375,USD,121.9,0,4501605158,121.9,,113848222,2238.28,N/A,N/A,N/A,,-,0,No,No,No,-,No,-,No,-,No,-,Active,-,Include,0,0,Include,14327,NULL,NULL
Demo,75594312,Cisco,-,FVH124257,123457590,Parent,C9120AXI-E,1,C9120AX Internal 802.11ax 4x4:4 MIMO;IOT;BT5;mGig;USB;RHL,,,,No Ship Date Available,00:00.0,4501245478,,C9120AX,WIRELESS,ENT. - WIRELESS,CHASSIS,-,-,-,-,Not Defined,9/16/2032 0:00,DEFAULT GROUP,,1016697150,SOUTHAMPTON - 100 HARBOUR PARADE,100 HARBOUR PARADE,,,SOUTHAMPTON,HAMPSHIRE,SO15 1BA,UNITED KINGDOM,No,206345589,Covered,Active,L1NBD,L1NBD,Vendor,Yes,12/1/2024 0:00,1/30/2027 0:00,30400375,USD,121.9,0,4501605158,121.9,,113848222,2238.28,N/A,N/A,N/A,,-,0,No,No,No,-,No,-,No,-,No,-,Active,-,Include,0,0,Include,14327,NULL,NULL
Demo,75594320,Cisco,-,FVH124258,123457591,Parent,C9120AXI-E,1,C9120AX Internal 802.11ax 4x4:4 MIMO;IOT;BT5;mGig;USB;RHL,,,,No Ship Date Available,00:00.0,4501245478,,C9120AX,WIRELESS,ENT. - WIRELESS,CHASSIS,-,-,-,-,Not Defined,9/16/2032 0:00,DEFAULT GROUP,,1016697150,SOUTHAMPTON - 100 HARBOUR PARADE,100 HARBOUR PARADE,,,SOUTHAMPTON,HAMPSHIRE,SO15 1BA,UNITED KINGDOM,No,206345589,Covered,Active,L1NBD,L1NBD,Vendor,Yes,12/1/2024 0:00,1/30/2027 0:00,30400375,USD,121.9,0,4501605158,121.9,,113848222,2238.28,N/A,N/A,N/A,,-,0,No,No,No,-,No,-,No,-,No,-,Active,-,Include,0,0,Include,14327,NULL,NULL
Demo,75594328,Cisco,-,FVH124259,123457592,Parent,C9120AXI-E,1,C9120AX Internal 802.11ax 4x4:4 MIMO;IOT;BT5;mGig;USB;RHL,,,,No Ship Date Available,00:00.0,4501245478,,C9120AX,WIRELESS,ENT. - WIRELESS,CHASSIS,-,-,-,-,Not Defined,9/16/2032 0:00,DEFAULT GROUP,,1016697150,SOUTHAMPTON - 100 HARBOUR PARADE,100 HARBOUR PARADE,,,SOUTHAMPTON,HAMPSHIRE,SO15 1BA,UNITED KINGDOM,No,206345589,Covered,Active,L1NBD,L1NBD,Vendor,Yes,12/1/2024 0:00,1/30/2027 0:00,30400375,USD,121.9,0,4501605158,121.9,,113848222,2238.28,N/A,N/A,N/A,,-,0,No,No,No,-,No,-,No,-,No,-,Active,-,Include,0,0,Include,14327,NULL,NULL
Demo,75594336,Cisco,-,FVH124260,123457593,Parent,C9120AXI-E,1,C9120AX Internal 802.11ax 4x4:4 MIMO;IOT;BT5;mGig;USB;RHL,,,,No Ship Date Available,00:00.0,4501245478,,C9120AX,WIRELESS,ENT. - WIRELESS,CHASSIS,-,-,-,-,Not Defined,9/16/2032 0:00,DEFAULT GROUP,,1016697150,SOUTHAMPTON - 100 HARBOUR PARADE,100 HARBOUR PARADE,,,SOUTHAMPTON,HAMPSHIRE,SO15 1BA,UNITED KINGDOM,No,206345589,Covered,Active,L1NBD,L1NBD,Vendor,Yes,12/1/2024 0:00,1/30/2027 0:00,30400375,USD,121.9,0,4501605158,121.9,,113848222,2238.28,N/A,N/A,N/A,,-,0,No,No,No,-,No,-,No,-,No,-,Active,-,Include,0,0,Include,14327,NULL,NULL
Demo,75594344,Cisco,-,FVH124261,123457594,Parent,C9120AXI-E,1,C9120AX Internal 802.11ax 4x4:4 MIMO;IOT;BT5;mGig;USB;RHL,,,,No Ship Date Available,00:00.0,4501245478,,C9120AX,WIRELESS,ENT. - WIRELESS,CHASSIS,-,-,-,-,Not Defined,9/16/2032 0:00,DEFAULT GROUP,,1016697150,SOUTHAMPTON - 100 HARBOUR PARADE,100 HARBOUR PARADE,,,SOUTHAMPTON,HAMPSHIRE,SO15 1BA,UNITED KINGDOM,No,206345589,Covered,Active,L1NBD,L1NBD,Vendor,Yes,12/1/2024 0:00,1/30/2027 0:00,30400375,USD,121.9,0,4501605158,121.9,,113848222,2238.28,N/A,N/A,N/A,,-,0,No,No,No,-,No,-,No,-,No,-,Active,-,Include,0,0,Include,14327,NULL,NULL
Demo,75594352,Cisco,-,FVH124262,123457595,Parent,C9120AXI-E,1,C9120AX Internal 802.11ax 4x4:4 MIMO;IOT;BT5;mGig;USB;RHL,,,,No Ship Date Available,00:00.0,4501245478,,C9120AX,WIRELESS,ENT. - WIRELESS,CHASSIS,-,-,-,-,Not Defined,10/5/2032 0:00,DEFAULT GROUP,,1016697150,SOUTHAMPTON - 100 HARBOUR PARADE,100 HARBOUR PARADE,,,SOUTHAMPTON,HAMPSHIRE,SO15 1BA,UNITED KINGDOM,No,206345589,Covered,Active,L1NBD,L1NBD,Vendor,Yes,12/1/2024 0:00,1/30/2027 0:00,30400375,USD,121.9,0,4501605158,121.9,,113848222,2238.28,N/A,N/A,N/A,,-,0,No,No,No,-,No,-,No,-,No,-,Active,-,Include,0,0,Include,14327,NULL,NULL
Demo,75594360,Cisco,-,FVH124263,123457596,Parent,C9120AXI-E,1,C9120AX Internal 802.11ax 4x4:4 MIMO;IOT;BT5;mGig;USB;RHL,,,,No Ship Date Available,00:00.0,4501245478,,C9120AX,WIRELESS,ENT. - WIRELESS,CHASSIS,-,-,-,-,Not Defined,10/5/2032 0:00,DEFAULT GROUP,,1016697150,SOUTHAMPTON - 100 HARBOUR PARADE,100 HARBOUR PARADE,,,SOUTHAMPTON,HAMPSHIRE,SO15 1BA,UNITED KINGDOM,No,206345589,Covered,Active,L1NBD,L1NBD,Vendor,Yes,12/1/2024 0:00,1/30/2027 0:00,30400375,USD,121.9,0,4501605158,121.9,,113848222,2238.28,N/A,N/A,N/A,,-,0,No,No,No,-,No,-,No,-,No,-,Active,-,Include,0,0,Include,14327,NULL,NULL
Demo,75594389,Cisco,-,FVH124264,123457597,Parent,C9120AXI-E,1,C9120AX Internal 802.11ax 4x4:4 MIMO;IOT;BT5;mGig;USB;RHL,,,,No Ship Date Available,00:00.0,4501245478,,C9120AX,WIRELESS,ENT. - WIRELESS,CHASSIS,-,-,-,-,Not Defined,9/16/2032 0:00,DEFAULT GROUP,,1016697150,SOUTHAMPTON - 100 HARBOUR PARADE,100 HARBOUR PARADE,,,SOUTHAMPTON,HAMPSHIRE,SO15 1BA,UNITED KINGDOM,No,206345589,Covered,Active,L1NBD,L1NBD,Vendor,Yes,12/1/2024 0:00,1/30/2027 0:00,30400375,USD,121.9,0,4501605158,121.9,,113848222,2238.28,N/A,N/A,N/A,,-,0,No,No,No,-,No,-,No,-,No,-,Active,-,Include,0,0,Include,14327,NULL,NULL
Demo,75594418,Cisco,-,FVH124265,123457598,Parent,C9300-48UXM-A,1,"Catalyst 9300 48-port(12 mGig, 36 2.5Gbps) Network Advantage",,,,No Ship Date Available,00:00.0,4500702037,,C9300,ENTERPRISE SWITCHING,ENT. SWITCHING - ACCESS,CHASSIS,-,-,-,-,Not Defined,7/3/2029 0:00,DEFAULT GROUP,,1016697150,SOUTHAMPTON - 100 HARBOUR PARADE,100 HARBOUR PARADE,,,SOUTHAMPTON,HAMPSHIRE,SO15 1BA,UNITED KINGDOM,No,206345589,Covered,Active,L1NBD,L1NBD,Vendor,Yes,12/1/2024 0:00,1/30/2027 0:00,30400375,USD,1404.15,0,4501605158,1404.15,,108185140,16589.09,N/A,N/A,N/A,,-,0,No,No,No,-,No,-,No,-,No,-,Active,-,Include,0,0,Include,14327,NULL,NULL
Demo,75594433,Cisco,-,FVH124266,123457599,Parent,C9120AXI-E,1,C9120AX Internal 802.11ax 4x4:4 MIMO;IOT;BT5;mGig;USB;RHL,,,,No Ship Date Available,00:00.0,4501245478,,C9120AX,WIRELESS,ENT. - WIRELESS,CHASSIS,-,-,-,-,Not Defined,9/16/2032 0:00,DEFAULT GROUP,,1016697150,SOUTHAMPTON - 100 HARBOUR PARADE,100 HARBOUR PARADE,,,SOUTHAMPTON,HAMPSHIRE,SO15 1BA,UNITED KINGDOM,No,206345589,Covered,Active,L1NBD,L1NBD,Vendor,Yes,12/1/2024 0:00,1/30/2027 0:00,30400375,USD,121.9,0,4501605158,121.9,,113848222,2238.28,N/A,N/A,N/A,,-,0,No,No,No,-,No,-,No,-,No,-,Active,-,Include,0,0,Include,14327,NULL,NULL
Demo,75594441,Cisco,-,FVH124267,123457600,Parent,C9120AXI-E,1,C9120AX Internal 802.11ax 4x4:4 MIMO;IOT;BT5;mGig;USB;RHL,,,,No Ship Date Available,00:00.0,4501245478,,C9120AX,WIRELESS,ENT. - WIRELESS,CHASSIS,-,-,-,-,Not Defined,9/16/2032 0:00,DEFAULT GROUP,,1016697150,SOUTHAMPTON - 100 HARBOUR PARADE,100 HARBOUR PARADE,,,SOUTHAMPTON,HAMPSHIRE,SO15 1BA,UNITED KINGDOM,No,206345589,Covered,Active,L1NBD,L1NBD,Vendor,Yes,12/1/2024 0:00,1/30/2027 0:00,30400375,USD,121.9,0,4501605158,121.9,,113848222,2238.28,N/A,N/A,N/A,,-,0,No,No,No,-,No,-,No,-,No,-,Active,-,Include,0,0,Include,14327,NULL,NULL
Demo,75594449,Cisco,-,FVH124268,123457601,Parent,C9120AXI-E,1,C9120AX Internal 802.11ax 4x4:4 MIMO;IOT;BT5;mGig;USB;RHL,,,,No Ship Date Available,00:00.0,4501245478,,C9120AX,WIRELESS,ENT. - WIRELESS,CHASSIS,-,-,-,-,Not Defined,9/16/2032 0:00,DEFAULT GROUP,,1016697150,SOUTHAMPTON - 100 HARBOUR PARADE,100 HARBOUR PARADE,,,SOUTHAMPTON,HAMPSHIRE,SO15 1BA,UNITED KINGDOM,No,206345589,Covered,Active,L1NBD,L1NBD,Vendor,Yes,12/1/2024 0:00,1/30/2027 0:00,30400375,USD,121.9,0,4501605158,121.9,,113848222,2238.28,N/A,N/A,N/A,,-,0,No,No,No,-,No,-,No,-,No,-,Active,-,Include,0,0,Include,14327,NULL,NULL
Demo,75594457,Cisco,-,FVH124269,123457602,Parent,C9120AXI-E,1,C9120AX Internal 802.11ax 4x4:4 MIMO;IOT;BT5;mGig;USB;RHL,,,,No Ship Date Available,00:00.0,4501245478,,C9120AX,WIRELESS,ENT. - WIRELESS,CHASSIS,-,-,-,-,Not Defined,9/16/2032 0:00,DEFAULT GROUP,,1016697150,SOUTHAMPTON - 100 HARBOUR PARADE,100 HARBOUR PARADE,,,SOUTHAMPTON,HAMPSHIRE,SO15 1BA,UNITED KINGDOM,No,206345589,Covered,Active,L1NBD,L1NBD,Vendor,Yes,12/1/2024 0:00,1/30/2027 0:00,30400375,USD,121.9,0,4501605158,121.9,,113848222,2238.28,N/A,N/A,N/A,,-,0,No,No,No,-,No,-,No,-,No,-,Active,-,Include,0,0,Include,14327,NULL,NULL
Demo,75594465,Cisco,-,FVH124270,123457603,Parent,C9120AXI-E,1,C9120AX Internal 802.11ax 4x4:4 MIMO;IOT;BT5;mGig;USB;RHL,,,,No Ship Date Available,00:00.0,4501245478,,C9120AX,WIRELESS,ENT. - WIRELESS,CHASSIS,-,-,-,-,Not Defined,9/16/2032 0:00,DEFAULT GROUP,,1016697150,SOUTHAMPTON - 100 HARBOUR PARADE,100 HARBOUR PARADE,,,SOUTHAMPTON,HAMPSHIRE,SO15 1BA,UNITED KINGDOM,No,206345589,Covered,Active,L1NBD,L1NBD,Vendor,Yes,12/1/2024 0:00,1/30/2027 0:00,30400375,USD,121.9,0,4501605158,121.9,,113848222,2238.28,N/A,N/A,N/A,,-,0,No,No,No,-,No,-,No,-,No,-,Active,-,Include,0,0,Include,14327,NULL,NULL
Demo,75594473,Cisco,-,FVH124271,123457604,Parent,C9120AXI-E,1,C9120AX Internal 802.11ax 4x4:4 MIMO;IOT;BT5;mGig;USB;RHL,,,,No Ship Date Available,00:00.0,4501245478,,C9120AX,WIRELESS,ENT. - WIRELESS,CHASSIS,-,-,-,-,Not Defined,9/16/2032 0:00,DEFAULT GROUP,,1016697150,SOUTHAMPTON - 100 HARBOUR PARADE,100 HARBOUR PARADE,,,SOUTHAMPTON,HAMPSHIRE,SO15 1BA,UNITED KINGDOM,No,206345589,Covered,Active,L1NBD,L1NBD,Vendor,Yes,12/1/2024 0:00,1/30/2027 0:00,30400375,USD,121.9,0,4501605158,121.9,,113848222,2238.28,N/A,N/A,N/A,,-,0,No,No,No,-,No,-,No,-,No,-,Active,-,Include,0,0,Include,14327,NULL,NULL
Demo,75594481,Cisco,-,FVH124272,123457605,Parent,C9120AXI-E,1,C9120AX Internal 802.11ax 4x4:4 MIMO;IOT;BT5;mGig;USB;RHL,,,,No Ship Date Available,00:00.0,4501245478,,C9120AX,WIRELESS,ENT. - WIRELESS,CHASSIS,-,-,-,-,Not Defined,9/16/2032 0:00,DEFAULT GROUP,,1016697150,SOUTHAMPTON - 100 HARBOUR PARADE,100 HARBOUR PARADE,,,SOUTHAMPTON,HAMPSHIRE,SO15 1BA,UNITED KINGDOM,No,206345589,Covered,Active,L1NBD,L1NBD,Vendor,Yes,12/1/2024 0:00,1/30/2027 0:00,30400375,USD,121.9,0,4501605158,121.9,,113848222,2238.28,N/A,N/A,N/A,,-,0,No,No,No,-,No,-,No,-,No,-,Active,-,Include,0,0,Include,14327,NULL,NULL
Demo,75594489,Cisco,-,FVH124273,123457606,Parent,C9120AXI-E,1,C9120AX Internal 802.11ax 4x4:4 MIMO;IOT;BT5;mGig;USB;RHL,,,,No Ship Date Available,00:00.0,4501245478,,C9120AX,WIRELESS,ENT. - WIRELESS,CHASSIS,-,-,-,-,Not Defined,9/16/2032 0:00,DEFAULT GROUP,,1016697150,SOUTHAMPTON - 100 HARBOUR PARADE,100 HARBOUR PARADE,,,SOUTHAMPTON,HAMPSHIRE,SO15 1BA,UNITED KINGDOM,No,206345589,Covered,Active,L1NBD,L1NBD,Vendor,Yes,12/1/2024 0:00,1/30/2027 0:00,30400375,USD,121.9,0,4501605158,121.9,,113848222,2238.28,N/A,N/A,N/A,,-,0,No,No,No,-,No,-,No,-,No,-,Active,-,Include,0,0,Include,14327,NULL,NULL
Demo,75594497,Cisco,-,FVH124274,123457607,Parent,C9120AXI-E,1,C9120AX Internal 802.11ax 4x4:4 MIMO;IOT;BT5;mGig;USB;RHL,,,,No Ship Date Available,00:00.0,4501245478,,C9120AX,WIRELESS,ENT. - WIRELESS,CHASSIS,-,-,-,-,Not Defined,9/16/2032 0:00,DEFAULT GROUP,,1016697150,SOUTHAMPTON - 100 HARBOUR PARADE,100 HARBOUR PARADE,,,SOUTHAMPTON,HAMPSHIRE,SO15 1BA,UNITED KINGDOM,No,206345589,Covered,Active,L1NBD,L1NBD,Vendor,Yes,12/1/2024 0:00,1/30/2027 0:00,30400375,USD,121.9,0,4501605158,121.9,,113848222,2238.28,N/A,N/A,N/A,,-,0,No,No,No,-,No,-,No,-,No,-,Active,-,Include,0,0,Include,14327,NULL,NULL
Demo,75594505,Cisco,-,FVH124275,123457608,Parent,C9120AXI-E,1,C9120AX Internal 802.11ax 4x4:4 MIMO;IOT;BT5;mGig;USB;RHL,,,,No Ship Date Available,00:00.0,4501245478,,C9120AX,WIRELESS,ENT. - WIRELESS,CHASSIS,-,-,-,-,Not Defined,9/16/2032 0:00,DEFAULT GROUP,,1016697150,SOUTHAMPTON - 100 HARBOUR PARADE,100 HARBOUR PARADE,,,SOUTHAMPTON,HAMPSHIRE,SO15 1BA,UNITED KINGDOM,No,206345589,Covered,Active,L1NBD,L1NBD,Vendor,Yes,12/1/2024 0:00,1/30/2027 0:00,30400375,USD,121.9,0,4501605158,121.9,,113848222,2238.28,N/A,N/A,N/A,,-,0,No,No,No,-,No,-,No,-,No,-,Active,-,Include,0,0,Include,14327,NULL,NULL
Demo,75594513,Cisco,-,FVH124276,123457609,Parent,C9120AXI-E,1,C9120AX Internal 802.11ax 4x4:4 MIMO;IOT;BT5;mGig;USB;RHL,,,,No Ship Date Available,00:00.0,4501245478,,C9120AX,WIRELESS,ENT. - WIRELESS,CHASSIS,-,-,-,-,Not Defined,9/16/2032 0:00,DEFAULT GROUP,,1016697150,SOUTHAMPTON - 100 HARBOUR PARADE,100 HARBOUR PARADE,,,SOUTHAMPTON,HAMPSHIRE,SO15 1BA,UNITED KINGDOM,No,206345589,Covered,Active,L1NBD,L1NBD,Vendor,Yes,12/1/2024 0:00,1/30/2027 0:00,30400375,USD,121.9,0,4501605158,121.9,,113848222,2238.28,N/A,N/A,N/A,,-,0,No,No,No,-,No,-,No,-,No,-,Active,-,Include,0,0,Include,14327,NULL,NULL
Demo,75594521,Cisco,-,FVH124277,123457610,Parent,C9120AXI-E,1,C9120AX Internal 802.11ax 4x4:4 MIMO;IOT;BT5;mGig;USB;RHL,,,,No Ship Date Available,00:00.0,4501245478,,C9120AX,WIRELESS,ENT. - WIRELESS,CHASSIS,-,-,-,-,Not Defined,9/16/2032 0:00,DEFAULT GROUP,,1016697150,SOUTHAMPTON - 100 HARBOUR PARADE,100 HARBOUR PARADE,,,SOUTHAMPTON,HAMPSHIRE,SO15 1BA,UNITED KINGDOM,No,206345589,Covered,Active,L1NBD,L1NBD,Vendor,Yes,12/1/2024 0:00,1/30/2027 0:00,30400375,USD,121.9,0,4501605158,121.9,,113848222,2238.28,N/A,N/A,N/A,,-,0,No,No,No,-,No,-,No,-,No,-,Active,-,Include,0,0,Include,14327,NULL,NULL
Demo,75594529,Cisco,-,FVH124278,123457611,Parent,C9120AXI-E,1,C9120AX Internal 802.11ax 4x4:4 MIMO;IOT;BT5;mGig;USB;RHL,,,,No Ship Date Available,00:00.0,4501245478,,C9120AX,WIRELESS,ENT. - WIRELESS,CHASSIS,-,-,-,-,Not Defined,9/16/2032 0:00,DEFAULT GROUP,,1016697150,SOUTHAMPTON - 100 HARBOUR PARADE,100 HARBOUR PARADE,,,SOUTHAMPTON,HAMPSHIRE,SO15 1BA,UNITED KINGDOM,No,206345589,Covered,Active,L1NBD,L1NBD,Vendor,Yes,12/1/2024 0:00,1/30/2027 0:00,30400375,USD,121.9,0,4501605158,121.9,,113848222,2238.28,N/A,N/A,N/A,,-,0,No,No,No,-,No,-,No,-,No,-,Active,-,Include,0,0,Include,14327,NULL,NULL
Demo,75594537,Cisco,-,FVH124279,123457612,Parent,C9120AXI-E,1,C9120AX Internal 802.11ax 4x4:4 MIMO;IOT;BT5;mGig;USB;RHL,,,,No Ship Date Available,00:00.0,4501245478,,C9120AX,WIRELESS,ENT. - WIRELESS,CHASSIS,-,-,-,-,Not Defined,9/16/2032 0:00,DEFAULT GROUP,,1016697150,SOUTHAMPTON - 100 HARBOUR PARADE,100 HARBOUR PARADE,,,SOUTHAMPTON,HAMPSHIRE,SO15 1BA,UNITED KINGDOM,No,206345589,Covered,Active,L1NBD,L1NBD,Vendor,Yes,12/1/2024 0:00,1/30/2027 0:00,30400375,USD,121.9,0,4501605158,121.9,,113848222,2238.28,N/A,N/A,N/A,,-,0,No,No,No,-,No,-,No,-,No,-,Active,-,Include,0,0,Include,14327,NULL,NULL
Demo,75594545,Cisco,-,FVH124280,123457613,Parent,C9120AXI-E,1,C9120AX Internal 802.11ax 4x4:4 MIMO;IOT;BT5;mGig;USB;RHL,,,,No Ship Date Available,00:00.0,4501245478,,C9120AX,WIRELESS,ENT. - WIRELESS,CHASSIS,-,-,-,-,Not Defined,10/5/2032 0:00,DEFAULT GROUP,,1016697150,SOUTHAMPTON - 100 HARBOUR PARADE,100 HARBOUR PARADE,,,SOUTHAMPTON,HAMPSHIRE,SO15 1BA,UNITED KINGDOM,No,206345589,Covered,Active,L1NBD,L1NBD,Vendor,Yes,12/1/2024 0:00,1/30/2027 0:00,30400375,USD,121.9,0,4501605158,121.9,,113848222,2238.28,N/A,N/A,N/A,,-,0,No,No,No,-,No,-,No,-,No,-,Active,-,Include,0,0,Include,14327,NULL,NULL
Demo,75594553,Cisco,-,FVH124281,123457614,Parent,C9120AXI-E,1,C9120AX Internal 802.11ax 4x4:4 MIMO;IOT;BT5;mGig;USB;RHL,,,,No Ship Date Available,00:00.0,4501245478,,C9120AX,WIRELESS,ENT. - WIRELESS,CHASSIS,-,-,-,-,Not Defined,10/5/2032 0:00,DEFAULT GROUP,,1016697150,SOUTHAMPTON - 100 HARBOUR PARADE,100 HARBOUR PARADE,,,SOUTHAMPTON,HAMPSHIRE,SO15 1BA,UNITED KINGDOM,No,206345589,Covered,Active,L1NBD,L1NBD,Vendor,Yes,12/1/2024 0:00,1/30/2027 0:00,30400375,USD,121.9,0,4501605158,121.9,,113848222,2238.28,N/A,N/A,N/A,,-,0,No,No,No,-,No,-,No,-,No,-,Active,-,Include,0,0,Include,14327,NULL,NULL
Demo,75594561,Cisco,-,FVH124282,123457615,Parent,C9120AXI-E,1,C9120AX Internal 802.11ax 4x4:4 MIMO;IOT;BT5;mGig;USB;RHL,,,,No Ship Date Available,00:00.0,4501245478,,C9120AX,WIRELESS,ENT. - WIRELESS,CHASSIS,-,-,-,-,Not Defined,10/5/2032 0:00,DEFAULT GROUP,,1016697150,SOUTHAMPTON - 100 HARBOUR PARADE,100 HARBOUR PARADE,,,SOUTHAMPTON,HAMPSHIRE,SO15 1BA,UNITED KINGDOM,No,206345589,Covered,Active,L1NBD,L1NBD,Vendor,Yes,12/1/2024 0:00,1/30/2027 0:00,30400375,USD,121.9,0,4501605158,121.9,,113848222,2238.28,N/A,N/A,N/A,,-,0,No,No,No,-,No,-,No,-,No,-,Active,-,Include,0,0,Include,14327,NULL,NULL
Demo,75594569,Cisco,-,FVH124283,123457616,Parent,C9120AXI-E,1,C9120AX Internal 802.11ax 4x4:4 MIMO;IOT;BT5;mGig;USB;RHL,,,,No Ship Date Available,00:00.0,4501245478,,C9120AX,WIRELESS,ENT. - WIRELESS,CHASSIS,-,-,-,-,Not Defined,10/5/2032 0:00,DEFAULT GROUP,,1016697150,SOUTHAMPTON - 100 HARBOUR PARADE,100 HARBOUR PARADE,,,SOUTHAMPTON,HAMPSHIRE,SO15 1BA,UNITED KINGDOM,No,206345589,Covered,Active,L1NBD,L1NBD,Vendor,Yes,12/1/2024 0:00,1/30/2027 0:00,30400375,USD,121.9,0,4501605158,121.9,,113848222,2238.28,N/A,N/A,N/A,,-,0,No,No,No,-,No,-,No,-,No,-,Active,-,Include,0,0,Include,14327,NULL,NULL
Demo,75594577,Cisco,-,FVH124284,123457617,Parent,C9120AXI-E,1,C9120AX Internal 802.11ax 4x4:4 MIMO;IOT;BT5;mGig;USB;RHL,,,,No Ship Date Available,00:00.0,4501245478,,C9120AX,WIRELESS,ENT. - WIRELESS,CHASSIS,-,-,-,-,Not Defined,10/5/2032 0:00,DEFAULT GROUP,,1016697150,SOUTHAMPTON - 100 HARBOUR PARADE,100 HARBOUR PARADE,,,SOUTHAMPTON,HAMPSHIRE,SO15 1BA,UNITED KINGDOM,No,206345589,Covered,Active,L1NBD,L1NBD,Vendor,Yes,12/1/2024 0:00,1/30/2027 0:00,30400375,USD,121.9,0,4501605158,121.9,,113848222,2238.28,N/A,N/A,N/A,,-,0,No,No,No,-,No,-,No,-,No,-,Active,-,Include,0,0,Include,14327,NULL,NULL
Demo,75594585,Cisco,-,FVH124285,123457618,Parent,C9120AXI-E,1,C9120AX Internal 802.11ax 4x4:4 MIMO;IOT;BT5;mGig;USB;RHL,,,,No Ship Date Available,00:00.0,4501245478,,C9120AX,WIRELESS,ENT. - WIRELESS,CHASSIS,-,-,-,-,Not Defined,10/5/2032 0:00,DEFAULT GROUP,,1016697150,SOUTHAMPTON - 100 HARBOUR PARADE,100 HARBOUR PARADE,,,SOUTHAMPTON,HAMPSHIRE,SO15 1BA,UNITED KINGDOM,No,206345589,Covered,Active,L1NBD,L1NBD,Vendor,Yes,12/1/2024 0:00,1/30/2027 0:00,30400375,USD,121.9,0,4501605158,121.9,,113848222,2238.28,N/A,N/A,N/A,,-,0,No,No,No,-,No,-,No,-,No,-,Active,-,Include,0,0,Include,14327,NULL,NULL
Demo,75594593,Cisco,-,FVH124286,123457619,Parent,C9120AXI-E,1,C9120AX Internal 802.11ax 4x4:4 MIMO;IOT;BT5;mGig;USB;RHL,,,,No Ship Date Available,00:00.0,4501245478,,C9120AX,WIRELESS,ENT. - WIRELESS,CHASSIS,-,-,-,-,Not Defined,10/5/2032 0:00,DEFAULT GROUP,,1016697150,SOUTHAMPTON - 100 HARBOUR PARADE,100 HARBOUR PARADE,,,SOUTHAMPTON,HAMPSHIRE,SO15 1BA,UNITED KINGDOM,No,206345589,Covered,Active,L1NBD,L1NBD,Vendor,Yes,12/1/2024 0:00,1/30/2027 0:00,30400375,USD,121.9,0,4501605158,121.9,,113848222,2238.28,N/A,N/A,N/A,,-,0,No,No,No,-,No,-,No,-,No,-,Active,-,Include,0,0,Include,14327,NULL,NULL
Demo,75594601,Cisco,-,FVH124287,123457620,Parent,C9120AXI-E,1,C9120AX Internal 802.11ax 4x4:4 MIMO;IOT;BT5;mGig;USB;RHL,,,,No Ship Date Available,00:00.0,4501245478,,C9120AX,WIRELESS,ENT. - WIRELESS,CHASSIS,-,-,-,-,Not Defined,10/5/2032 0:00,DEFAULT GROUP,,1016697150,SOUTHAMPTON - 100 HARBOUR PARADE,100 HARBOUR PARADE,,,SOUTHAMPTON,HAMPSHIRE,SO15 1BA,UNITED KINGDOM,No,206345589,Covered,Active,L1NBD,L1NBD,Vendor,Yes,12/1/2024 0:00,1/30/2027 0:00,30400375,USD,121.9,0,4501605158,121.9,,113848222,2238.28,N/A,N/A,N/A,,-,0,No,No,No,-,No,-,No,-,No,-,Active,-,Include,0,0,Include,14327,NULL,NULL
Demo,75594609,Cisco,-,FVH124288,123457621,Parent,C9120AXI-E,1,C9120AX Internal 802.11ax 4x4:4 MIMO;IOT;BT5;mGig;USB;RHL,,,,No Ship Date Available,00:00.0,4501245478,,C9120AX,WIRELESS,ENT. - WIRELESS,CHASSIS,-,-,-,-,Not Defined,10/5/2032 0:00,DEFAULT GROUP,,1016697150,SOUTHAMPTON - 100 HARBOUR PARADE,100 HARBOUR PARADE,,,SOUTHAMPTON,HAMPSHIRE,SO15 1BA,UNITED KINGDOM,No,206345589,Covered,Active,L1NBD,L1NBD,Vendor,Yes,12/1/2024 0:00,1/30/2027 0:00,30400375,USD,121.9,0,4501605158,121.9,,113848222,2238.28,N/A,N/A,N/A,,-,0,No,No,No,-,No,-,No,-,No,-,Active,-,Include,0,0,Include,14327,NULL,NULL
Demo,75594617,Cisco,-,FVH124289,123457622,Parent,C9120AXI-E,1,C9120AX Internal 802.11ax 4x4:4 MIMO;IOT;BT5;mGig;USB;RHL,,,,No Ship Date Available,00:00.0,4501245478,,C9120AX,WIRELESS,ENT. - WIRELESS,CHASSIS,-,-,-,-,Not Defined,10/5/2032 0:00,DEFAULT GROUP,,1016697150,SOUTHAMPTON - 100 HARBOUR PARADE,100 HARBOUR PARADE,,,SOUTHAMPTON,HAMPSHIRE,SO15 1BA,UNITED KINGDOM,No,206345589,Covered,Active,L1NBD,L1NBD,Vendor,Yes,12/1/2024 0:00,1/30/2027 0:00,30400375,USD,121.9,0,4501605158,121.9,,113848222,2238.28,N/A,N/A,N/A,,-,0,No,No,No,-,No,-,No,-,No,-,Active,-,Include,0,0,Include,14327,NULL,NULL
Demo,75594625,Cisco,-,FVH124290,123457623,Parent,C9120AXI-E,1,C9120AX Internal 802.11ax 4x4:4 MIMO;IOT;BT5;mGig;USB;RHL,,,,No Ship Date Available,00:00.0,4501245478,,C9120AX,WIRELESS,ENT. - WIRELESS,CHASSIS,-,-,-,-,Not Defined,10/5/2032 0:00,DEFAULT GROUP,,1016697150,SOUTHAMPTON - 100 HARBOUR PARADE,100 HARBOUR PARADE,,,SOUTHAMPTON,HAMPSHIRE,SO15 1BA,UNITED KINGDOM,No,206345589,Covered,Active,L1NBD,L1NBD,Vendor,Yes,12/1/2024 0:00,1/30/2027 0:00,30400375,USD,121.9,0,4501605158,121.9,,113848222,2238.28,N/A,N/A,N/A,,-,0,No,No,No,-,No,-,No,-,No,-,Active,-,Include,0,0,Include,14327,NULL,NULL
Demo,75594633,Cisco,-,FVH124291,123457624,Parent,C9120AXI-E,1,C9120AX Internal 802.11ax 4x4:4 MIMO;IOT;BT5;mGig;USB;RHL,,,,No Ship Date Available,00:00.0,4501245478,,C9120AX,WIRELESS,ENT. - WIRELESS,CHASSIS,-,-,-,-,Not Defined,10/5/2032 0:00,DEFAULT GROUP,,1016697150,SOUTHAMPTON - 100 HARBOUR PARADE,100 HARBOUR PARADE,,,SOUTHAMPTON,HAMPSHIRE,SO15 1BA,UNITED KINGDOM,No,206345589,Covered,Active,L1NBD,L1NBD,Vendor,Yes,12/1/2024 0:00,1/30/2027 0:00,30400375,USD,121.9,0,4501605158,121.9,,113848222,2238.28,N/A,N/A,N/A,,-,0,No,No,No,-,No,-,No,-,No,-,Active,-,Include,0,0,Include,14327,NULL,NULL
Demo,75594641,Cisco,-,FVH124292,123457625,Parent,C9120AXI-E,1,C9120AX Internal 802.11ax 4x4:4 MIMO;IOT;BT5;mGig;USB;RHL,,,,No Ship Date Available,00:00.0,4501245478,,C9120AX,WIRELESS,ENT. - WIRELESS,CHASSIS,-,-,-,-,Not Defined,10/5/2032 0:00,DEFAULT GROUP,,1016697150,SOUTHAMPTON - 100 HARBOUR PARADE,100 HARBOUR PARADE,,,SOUTHAMPTON,HAMPSHIRE,SO15 1BA,UNITED KINGDOM,No,206345589,Covered,Active,L1NBD,L1NBD,Vendor,Yes,12/1/2024 0:00,1/30/2027 0:00,30400375,USD,121.9,0,4501605158,121.9,,113848222,2238.28,N/A,N/A,N/A,,-,0,No,No,No,-,No,-,No,-,No,-,Active,-,Include,0,0,Include,14327,NULL,NULL
Demo,75594649,Cisco,-,FVH124293,123457626,Parent,C9120AXI-E,1,C9120AX Internal 802.11ax 4x4:4 MIMO;IOT;BT5;mGig;USB;RHL,,,,No Ship Date Available,00:00.0,4501245478,,C9120AX,WIRELESS,ENT. - WIRELESS,CHASSIS,-,-,-,-,Not Defined,10/5/2032 0:00,DEFAULT GROUP,,1016697150,SOUTHAMPTON - 100 HARBOUR PARADE,100 HARBOUR PARADE,,,SOUTHAMPTON,HAMPSHIRE,SO15 1BA,UNITED KINGDOM,No,206345589,Covered,Active,L1NBD,L1NBD,Vendor,Yes,12/1/2024 0:00,1/30/2027 0:00,30400375,USD,121.9,0,4501605158,121.9,,113848222,2238.28,N/A,N/A,N/A,,-,0,No,No,No,-,No,-,No,-,No,-,Active,-,Include,0,0,Include,14327,NULL,NULL
Demo,75594657,Cisco,-,FVH124294,123457627,Parent,C9300-48UXM-A,1,"Catalyst 9300 48-port(12 mGig, 36 2.5Gbps) Network Advantage",,,,No Ship Date Available,00:00.0,4500702037,,C9300,ENTERPRISE SWITCHING,ENT. SWITCHING - ACCESS,CHASSIS,-,-,-,-,Not Defined,7/3/2029 0:00,DEFAULT GROUP,,1016697150,SOUTHAMPTON - 100 HARBOUR PARADE,100 HARBOUR PARADE,,,SOUTHAMPTON,HAMPSHIRE,SO15 1BA,UNITED KINGDOM,No,206345589,Covered,Active,L1NBD,L1NBD,Vendor,Yes,12/1/2024 0:00,1/30/2027 0:00,30400375,USD,1404.15,0,4501605158,1404.15,,108185140,16589.09,N/A,N/A,N/A,,-,0,No,No,No,-,No,-,No,-,No,-,Active,-,Include,0,0,Include,14327,NULL,NULL
Demo,75594667,Cisco,-,FVH124295,123457628,Parent,C9300-48UXM-A,1,"Catalyst 9300 48-port(12 mGig, 36 2.5Gbps) Network Advantage",,,,No Ship Date Available,00:00.0,4500702037,,C9300,ENTERPRISE SWITCHING,ENT. SWITCHING - ACCESS,CHASSIS,-,-,-,-,Not Defined,7/3/2029 0:00,DEFAULT GROUP,,1016697150,SOUTHAMPTON - 100 HARBOUR PARADE,100 HARBOUR PARADE,,,SOUTHAMPTON,HAMPSHIRE,SO15 1BA,UNITED KINGDOM,No,206345589,Covered,Active,L1NBD,L1NBD,Vendor,Yes,12/1/2024 0:00,1/30/2027 0:00,30400375,USD,1404.15,0,4501605158,1404.15,,108185140,16589.09,N/A,N/A,N/A,,-,0,No,No,No,-,No,-,No,-,No,-,Active,-,Include,0,0,Include,14327,NULL,NULL
Demo,75594677,Cisco,-,FVH124296,123457629,Parent,C9300-48UXM-A,1,"Catalyst 9300 48-port(12 mGig, 36 2.5Gbps) Network Advantage",,,,No Ship Date Available,00:00.0,4500702037,,C9300,ENTERPRISE SWITCHING,ENT. SWITCHING - ACCESS,CHASSIS,-,-,-,-,Not Defined,7/3/2029 0:00,DEFAULT GROUP,,1016697150,SOUTHAMPTON - 100 HARBOUR PARADE,100 HARBOUR PARADE,,,SOUTHAMPTON,HAMPSHIRE,SO15 1BA,UNITED KINGDOM,No,206345589,Covered,Active,L1NBD,L1NBD,Vendor,Yes,12/1/2024 0:00,1/30/2027 0:00,30400375,USD,1404.15,0,4501605158,1404.15,,108185140,16589.09,N/A,N/A,N/A,,-,0,No,No,No,-,No,-,No,-,No,-,Active,-,Include,0,0,Include,14327,NULL,NULL
Demo,75594707,Cisco,-,FVH124297,123457630,Parent,C9120AXI-E,1,C9120AX Internal 802.11ax 4x4:4 MIMO;IOT;BT5;mGig;USB;RHL,,,,No Ship Date Available,00:00.0,4501245478,,C9120AX,WIRELESS,ENT. - WIRELESS,CHASSIS,-,-,-,-,Not Defined,10/5/2032 0:00,DEFAULT GROUP,,1016697150,SOUTHAMPTON - 100 HARBOUR PARADE,100 HARBOUR PARADE,,,SOUTHAMPTON,HAMPSHIRE,SO15 1BA,UNITED KINGDOM,No,206345589,Covered,Active,L1NBD,L1NBD,Vendor,Yes,12/1/2024 0:00,1/30/2027 0:00,30400375,USD,121.9,0,4501605158,121.9,,113848222,2238.28,N/A,N/A,N/A,,-,0,No,No,No,-,No,-,No,-,No,-,Active,-,Include,0,0,Include,14327,NULL,NULL
Demo,75594715,Cisco,-,FVH124298,123457631,Parent,C9120AXI-E,1,C9120AX Internal 802.11ax 4x4:4 MIMO;IOT;BT5;mGig;USB;RHL,,,,No Ship Date Available,00:00.0,4501245478,,C9120AX,WIRELESS,ENT. - WIRELESS,CHASSIS,-,-,-,-,Not Defined,10/5/2032 0:00,DEFAULT GROUP,,1016697150,SOUTHAMPTON - 100 HARBOUR PARADE,100 HARBOUR PARADE,,,SOUTHAMPTON,HAMPSHIRE,SO15 1BA,UNITED KINGDOM,No,206345589,Covered,Active,L1NBD,L1NBD,Vendor,Yes,12/1/2024 0:00,1/30/2027 0:00,30400375,USD,121.9,0,4501605158,121.9,,113848222,2238.28,N/A,N/A,N/A,,-,0,No,No,No,-,No,-,No,-,No,-,Active,-,Include,0,0,Include,14327,NULL,NULL
Demo,75594723,Cisco,-,FVH124299,123457632,Parent,C9120AXI-E,1,C9120AX Internal 802.11ax 4x4:4 MIMO;IOT;BT5;mGig;USB;RHL,,,,No Ship Date Available,00:00.0,4501245478,,C9120AX,WIRELESS,ENT. - WIRELESS,CHASSIS,-,-,-,-,Not Defined,10/5/2032 0:00,DEFAULT GROUP,,1016697150,SOUTHAMPTON - 100 HARBOUR PARADE,100 HARBOUR PARADE,,,SOUTHAMPTON,HAMPSHIRE,SO15 1BA,UNITED KINGDOM,No,206345589,Covered,Active,L1NBD,L1NBD,Vendor,Yes,12/1/2024 0:00,1/30/2027 0:00,30400375,USD,121.9,0,4501605158,121.9,,113848222,2238.28,N/A,N/A,N/A,,-,0,No,No,No,-,No,-,No,-,No,-,Active,-,Include,0,0,Include,14327,NULL,NULL
Demo,75594731,Cisco,-,FVH124300,123457633,Parent,C9120AXI-E,1,C9120AX Internal 802.11ax 4x4:4 MIMO;IOT;BT5;mGig;USB;RHL,,,,No Ship Date Available,00:00.0,4501245478,,C9120AX,WIRELESS,ENT. - WIRELESS,CHASSIS,-,-,-,-,Not Defined,10/5/2032 0:00,DEFAULT GROUP,,1016697150,SOUTHAMPTON - 100 HARBOUR PARADE,100 HARBOUR PARADE,,,SOUTHAMPTON,HAMPSHIRE,SO15 1BA,UNITED KINGDOM,No,206345589,Covered,Active,L1NBD,L1NBD,Vendor,Yes,12/1/2024 0:00,1/30/2027 0:00,30400375,USD,121.9,0,4501605158,121.9,,113848222,2238.28,N/A,N/A,N/A,,-,0,No,No,No,-,No,-,No,-,No,-,Active,-,Include,0,0,Include,14327,NULL,NULL
Demo,75594739,Cisco,-,FVH124301,123457634,Parent,C9120AXI-E,1,C9120AX Internal 802.11ax 4x4:4 MIMO;IOT;BT5;mGig;USB;RHL,,,,No Ship Date Available,00:00.0,4501245478,,C9120AX,WIRELESS,ENT. - WIRELESS,CHASSIS,-,-,-,-,Not Defined,10/5/2032 0:00,DEFAULT GROUP,,1016697150,SOUTHAMPTON - 100 HARBOUR PARADE,100 HARBOUR PARADE,,,SOUTHAMPTON,HAMPSHIRE,SO15 1BA,UNITED KINGDOM,No,206345589,Covered,Active,L1NBD,L1NBD,Vendor,Yes,12/1/2024 0:00,1/30/2027 0:00,30400375,USD,121.9,0,4501605158,121.9,,113848222,2238.28,N/A,N/A,N/A,,-,0,No,No,No,-,No,-,No,-,No,-,Active,-,Include,0,0,Include,14327,NULL,NULL
Demo,75594747,Cisco,-,FVH124302,123457635,Parent,C9120AXI-E,1,C9120AX Internal 802.11ax 4x4:4 MIMO;IOT;BT5;mGig;USB;RHL,,,,No Ship Date Available,00:00.0,4501245478,,C9120AX,WIRELESS,ENT. - WIRELESS,CHASSIS,-,-,-,-,Not Defined,10/5/2032 0:00,DEFAULT GROUP,,1016697150,SOUTHAMPTON - 100 HARBOUR PARADE,100 HARBOUR PARADE,,,SOUTHAMPTON,HAMPSHIRE,SO15 1BA,UNITED KINGDOM,No,206345589,Covered,Active,L1NBD,L1NBD,Vendor,Yes,12/1/2024 0:00,1/30/2027 0:00,30400375,USD,121.9,0,4501605158,121.9,,113848222,2238.28,N/A,N/A,N/A,,-,0,No,No,No,-,No,-,No,-,No,-,Active,-,Include,0,0,Include,14327,NULL,NULL
Demo,75594755,Cisco,-,FVH124303,123457636,Parent,C9120AXI-E,1,C9120AX Internal 802.11ax 4x4:4 MIMO;IOT;BT5;mGig;USB;RHL,,,,No Ship Date Available,00:00.0,4501245478,,C9120AX,WIRELESS,ENT. - WIRELESS,CHASSIS,-,-,-,-,Not Defined,10/5/2032 0:00,DEFAULT GROUP,,1016697150,SOUTHAMPTON - 100 HARBOUR PARADE,100 HARBOUR PARADE,,,SOUTHAMPTON,HAMPSHIRE,SO15 1BA,UNITED KINGDOM,No,206345589,Covered,Active,L1NBD,L1NBD,Vendor,Yes,12/1/2024 0:00,1/30/2027 0:00,30400375,USD,121.9,0,4501605158,121.9,,113848222,2238.28,N/A,N/A,N/A,,-,0,No,No,No,-,No,-,No,-,No,-,Active,-,Include,0,0,Include,14327,NULL,NULL
Demo,75594763,Cisco,-,FVH124304,123457637,Parent,C9120AXI-E,1,C9120AX Internal 802.11ax 4x4:4 MIMO;IOT;BT5;mGig;USB;RHL,,,,No Ship Date Available,00:00.0,4501245478,,C9120AX,WIRELESS,ENT. - WIRELESS,CHASSIS,-,-,-,-,Not Defined,10/5/2032 0:00,DEFAULT GROUP,,1016697150,SOUTHAMPTON - 100 HARBOUR PARADE,100 HARBOUR PARADE,,,SOUTHAMPTON,HAMPSHIRE,SO15 1BA,UNITED KINGDOM,No,206345589,Covered,Active,L1NBD,L1NBD,Vendor,Yes,12/1/2024 0:00,1/30/2027 0:00,30400375,USD,121.9,0,4501605158,121.9,,113848222,2238.28,N/A,N/A,N/A,,-,0,No,No,No,-,No,-,No,-,No,-,Active,-,Include,0,0,Include,14327,NULL,NULL
Demo,75594771,Cisco,-,FVH124305,123457638,Parent,C9120AXI-E,1,C9120AX Internal 802.11ax 4x4:4 MIMO;IOT;BT5;mGig;USB;RHL,,,,No Ship Date Available,00:00.0,4501245478,,C9120AX,WIRELESS,ENT. - WIRELESS,CHASSIS,-,-,-,-,Not Defined,10/5/2032 0:00,DEFAULT GROUP,,1016697150,SOUTHAMPTON - 100 HARBOUR PARADE,100 HARBOUR PARADE,,,SOUTHAMPTON,HAMPSHIRE,SO15 1BA,UNITED KINGDOM,No,206345589,Covered,Active,L1NBD,L1NBD,Vendor,Yes,12/1/2024 0:00,1/30/2027 0:00,30400375,USD,121.9,0,4501605158,121.9,,113848222,2238.28,N/A,N/A,N/A,,-,0,No,No,No,-,No,-,No,-,No,-,Active,-,Include,0,0,Include,14327,NULL,NULL
Demo,75594779,Cisco,-,FVH124306,123457639,Parent,C9120AXI-E,1,C9120AX Internal 802.11ax 4x4:4 MIMO;IOT;BT5;mGig;USB;RHL,,,,No Ship Date Available,00:00.0,4501245478,,C9120AX,WIRELESS,ENT. - WIRELESS,CHASSIS,-,-,-,-,Not Defined,10/5/2032 0:00,DEFAULT GROUP,,1016697150,SOUTHAMPTON - 100 HARBOUR PARADE,100 HARBOUR PARADE,,,SOUTHAMPTON,HAMPSHIRE,SO15 1BA,UNITED KINGDOM,No,206345589,Covered,Active,L1NBD,L1NBD,Vendor,Yes,12/1/2024 0:00,1/30/2027 0:00,30400375,USD,121.9,0,4501605158,121.9,,113848222,2238.28,N/A,N/A,N/A,,-,0,No,No,No,-,No,-,No,-,No,-,Active,-,Include,0,0,Include,14327,NULL,NULL
Demo,75594787,Cisco,-,FVH124307,123457640,Parent,C9120AXI-E,1,C9120AX Internal 802.11ax 4x4:4 MIMO;IOT;BT5;mGig;USB;RHL,,,,No Ship Date Available,00:00.0,4501245478,,C9120AX,WIRELESS,ENT. - WIRELESS,CHASSIS,-,-,-,-,Not Defined,10/5/2032 0:00,DEFAULT GROUP,,1016697150,SOUTHAMPTON - 100 HARBOUR PARADE,100 HARBOUR PARADE,,,SOUTHAMPTON,HAMPSHIRE,SO15 1BA,UNITED KINGDOM,No,206345589,Covered,Active,L1NBD,L1NBD,Vendor,Yes,12/1/2024 0:00,1/30/2027 0:00,30400375,USD,121.9,0,4501605158,121.9,,113848222,2238.28,N/A,N/A,N/A,,-,0,No,No,No,-,No,-,No,-,No,-,Active,-,Include,0,0,Include,14327,NULL,NULL
Demo,75594795,Cisco,-,FVH124308,123457641,Parent,C9120AXI-E,1,C9120AX Internal 802.11ax 4x4:4 MIMO;IOT;BT5;mGig;USB;RHL,,,,No Ship Date Available,00:00.0,4501245478,,C9120AX,WIRELESS,ENT. - WIRELESS,CHASSIS,-,-,-,-,Not Defined,10/5/2032 0:00,DEFAULT GROUP,,1016697150,SOUTHAMPTON - 100 HARBOUR PARADE,100 HARBOUR PARADE,,,SOUTHAMPTON,HAMPSHIRE,SO15 1BA,UNITED KINGDOM,No,206345589,Covered,Active,L1NBD,L1NBD,Vendor,Yes,12/1/2024 0:00,1/30/2027 0:00,30400375,USD,121.9,0,4501605158,121.9,,113848222,2238.28,N/A,N/A,N/A,,-,0,No,No,No,-,No,-,No,-,No,-,Active,-,Include,0,0,Include,14327,NULL,NULL
Demo,75594803,Cisco,-,FVH124309,123457642,Parent,C9120AXI-E,1,C9120AX Internal 802.11ax 4x4:4 MIMO;IOT;BT5;mGig;USB;RHL,,,,No Ship Date Available,00:00.0,4501245478,,C9120AX,WIRELESS,ENT. - WIRELESS,CHASSIS,-,-,-,-,Not Defined,10/5/2032 0:00,DEFAULT GROUP,,1016697150,SOUTHAMPTON - 100 HARBOUR PARADE,100 HARBOUR PARADE,,,SOUTHAMPTON,HAMPSHIRE,SO15 1BA,UNITED KINGDOM,No,206345589,Covered,Active,L1NBD,L1NBD,Vendor,Yes,12/1/2024 0:00,1/30/2027 0:00,30400375,USD,121.9,0,4501605158,121.9,,113848222,2238.28,N/A,N/A,N/A,,-,0,No,No,No,-,No,-,No,-,No,-,Active,-,Include,0,0,Include,14327,NULL,NULL
Demo,75594811,Cisco,-,FVH124310,123457643,Parent,C9120AXI-E,1,C9120AX Internal 802.11ax 4x4:4 MIMO;IOT;BT5;mGig;USB;RHL,,,,No Ship Date Available,00:00.0,4501245478,,C9120AX,WIRELESS,ENT. - WIRELESS,CHASSIS,-,-,-,-,Not Defined,10/5/2032 0:00,DEFAULT GROUP,,1016697150,SOUTHAMPTON - 100 HARBOUR PARADE,100 HARBOUR PARADE,,,SOUTHAMPTON,HAMPSHIRE,SO15 1BA,UNITED KINGDOM,No,206345589,Covered,Active,L1NBD,L1NBD,Vendor,Yes,12/1/2024 0:00,1/30/2027 0:00,30400375,USD,121.9,0,4501605158,121.9,,113848222,2238.28,N/A,N/A,N/A,,-,0,No,No,No,-,No,-,No,-,No,-,Active,-,Include,0,0,Include,14327,NULL,NULL
Demo,75594819,Cisco,-,FVH124311,123457644,Parent,C9120AXI-E,1,C9120AX Internal 802.11ax 4x4:4 MIMO;IOT;BT5;mGig;USB;RHL,,,,No Ship Date Available,00:00.0,4501245478,,C9120AX,WIRELESS,ENT. - WIRELESS,CHASSIS,-,-,-,-,Not Defined,10/5/2032 0:00,DEFAULT GROUP,,1016697150,SOUTHAMPTON - 100 HARBOUR PARADE,100 HARBOUR PARADE,,,SOUTHAMPTON,HAMPSHIRE,SO15 1BA,UNITED KINGDOM,No,206345589,Covered,Active,L1NBD,L1NBD,Vendor,Yes,12/1/2024 0:00,1/30/2027 0:00,30400375,USD,121.9,0,4501605158,121.9,,113848222,2238.28,N/A,N/A,N/A,,-,0,No,No,No,-,No,-,No,-,No,-,Active,-,Include,0,0,Include,14327,NULL,NULL
Demo,75594838,Cisco,-,FVH124312,123457645,Parent,C9200-48T-E,1,"Catalyst 9200 48-port data only, Network Essentials",,,,No Ship Date Available,00:00.0,4501568805,,C9200,ENTERPRISE SWITCHING,ENT. SWITCHING - ACCESS,CHASSIS,-,-,-,-,Not Defined,12/5/2034 0:00,DEFAULT GROUP,,1060300516,BERLIN - HILDEGARD-KNEF-PLATZ 2,HILDEGARD-KNEF-PLATZ 2,,,BERLIN,,10829,GERMANY,No,200216511,Covered,Active,PSUP,PRTNR SUP 24X7X4,Vendor,Yes,10/5/2024 0:00,10/4/2029 0:00,,USD,377.89,0,4501568805,747.5,,117628510,5278.98,N/A,N/A,N/A,,-,0,No,No,No,-,No,-,No,-,No,-,Active,-,Include,0,0,Include,14327,NULL,NULL
Demo,75594927,Cisco,-,FVH124313,123457646,Parent,C9200-48T-E,1,"Catalyst 9200 48-port data only, Network Essentials",,,,No Ship Date Available,00:00.0,4501568805,,C9200,ENTERPRISE SWITCHING,ENT. SWITCHING - ACCESS,CHASSIS,-,-,-,-,Not Defined,12/5/2034 0:00,DEFAULT GROUP,,1060300516,BERLIN - HILDEGARD-KNEF-PLATZ 2,HILDEGARD-KNEF-PLATZ 2,,,BERLIN,,10829,GERMANY,No,200216511,Covered,Active,PSUP,PRTNR SUP 24X7X4,Vendor,Yes,10/5/2024 0:00,10/4/2029 0:00,,USD,377.89,0,4501568805,747.5,,117628510,5278.98,N/A,N/A,N/A,,-,0,No,No,No,-,No,-,No,-,No,-,Active,-,Include,0,0,Include,14327,NULL,NULL
Demo,75594950,Cisco,-,FVH124314,123457647,Parent,C9120AXI-E,1,C9120AX Internal 802.11ax 4x4:4 MIMO;IOT;BT5;mGig;USB;RHL,,,,No Ship Date Available,00:00.0,4501245478,,C9120AX,WIRELESS,ENT. - WIRELESS,CHASSIS,-,-,-,-,Not Defined,9/16/2032 0:00,DEFAULT GROUP,,1016697150,SOUTHAMPTON - 100 HARBOUR PARADE,100 HARBOUR PARADE,,,SOUTHAMPTON,HAMPSHIRE,SO15 1BA,UNITED KINGDOM,No,206345589,Covered,Active,L1NBD,L1NBD,Vendor,Yes,12/1/2024 0:00,1/30/2027 0:00,30400375,USD,121.9,0,4501605158,121.9,,113848222,2238.28,N/A,N/A,N/A,,-,0,No,No,No,-,No,-,No,-,No,-,Active,-,Include,0,0,Include,14327,NULL,NULL
Demo,75594958,Cisco,-,FVH124315,123457648,Parent,C9120AXI-E,1,C9120AX Internal 802.11ax 4x4:4 MIMO;IOT;BT5;mGig;USB;RHL,,,,No Ship Date Available,00:00.0,4501245478,,C9120AX,WIRELESS,ENT. - WIRELESS,CHASSIS,-,-,-,-,Not Defined,9/16/2032 0:00,DEFAULT GROUP,,1016697150,SOUTHAMPTON - 100 HARBOUR PARADE,100 HARBOUR PARADE,,,SOUTHAMPTON,HAMPSHIRE,SO15 1BA,UNITED KINGDOM,No,206345589,Covered,Active,L1NBD,L1NBD,Vendor,Yes,12/1/2024 0:00,1/30/2027 0:00,30400375,USD,121.9,0,4501605158,121.9,,113848222,2238.28,N/A,N/A,N/A,,-,0,No,No,No,-,No,-,No,-,No,-,Active,-,Include,0,0,Include,14327,NULL,NULL
Demo,75594966,Cisco,-,FVH124316,123457649,Parent,C9120AXI-E,1,C9120AX Internal 802.11ax 4x4:4 MIMO;IOT;BT5;mGig;USB;RHL,,,,No Ship Date Available,00:00.0,4501245478,,C9120AX,WIRELESS,ENT. - WIRELESS,CHASSIS,-,-,-,-,Not Defined,9/16/2032 0:00,DEFAULT GROUP,,1016697150,SOUTHAMPTON - 100 HARBOUR PARADE,100 HARBOUR PARADE,,,SOUTHAMPTON,HAMPSHIRE,SO15 1BA,UNITED KINGDOM,No,206345589,Covered,Active,L1NBD,L1NBD,Vendor,Yes,12/1/2024 0:00,1/30/2027 0:00,30400375,USD,121.9,0,4501605158,121.9,,113848222,2238.28,N/A,N/A,N/A,,-,0,No,No,No,-,No,-,No,-,No,-,Active,-,Include,0,0,Include,14327,NULL,NULL
Demo,75594974,Cisco,-,FVH124317,123457650,Parent,C9120AXI-E,1,C9120AX Internal 802.11ax 4x4:4 MIMO;IOT;BT5;mGig;USB;RHL,,,,No Ship Date Available,00:00.0,4501245478,,C9120AX,WIRELESS,ENT. - WIRELESS,CHASSIS,-,-,-,-,Not Defined,9/16/2032 0:00,DEFAULT GROUP,,1016697150,SOUTHAMPTON - 100 HARBOUR PARADE,100 HARBOUR PARADE,,,SOUTHAMPTON,HAMPSHIRE,SO15 1BA,UNITED KINGDOM,No,206345589,Covered,Active,L1NBD,L1NBD,Vendor,Yes,12/1/2024 0:00,1/30/2027 0:00,30400375,USD,121.9,0,4501605158,121.9,,113848222,2238.28,N/A,N/A,N/A,,-,0,No,No,No,-,No,-,No,-,No,-,Active,-,Include,0,0,Include,14327,NULL,NULL
Demo,75594982,Cisco,-,FVH124318,123457651,Parent,C9120AXI-E,1,C9120AX Internal 802.11ax 4x4:4 MIMO;IOT;BT5;mGig;USB;RHL,,,,No Ship Date Available,00:00.0,4501245478,,C9120AX,WIRELESS,ENT. - WIRELESS,CHASSIS,-,-,-,-,Not Defined,9/16/2032 0:00,DEFAULT GROUP,,1016697150,SOUTHAMPTON - 100 HARBOUR PARADE,100 HARBOUR PARADE,,,SOUTHAMPTON,HAMPSHIRE,SO15 1BA,UNITED KINGDOM,No,206345589,Covered,Active,L1NBD,L1NBD,Vendor,Yes,12/1/2024 0:00,1/30/2027 0:00,30400375,USD,121.9,0,4501605158,121.9,,113848222,2238.28,N/A,N/A,N/A,,-,0,No,No,No,-,No,-,No,-,No,-,Active,-,Include,0,0,Include,14327,NULL,NULL
Demo,75594990,Cisco,-,FVH124319,123457652,Parent,C9120AXI-E,1,C9120AX Internal 802.11ax 4x4:4 MIMO;IOT;BT5;mGig;USB;RHL,,,,No Ship Date Available,00:00.0,4501245478,,C9120AX,WIRELESS,ENT. - WIRELESS,CHASSIS,-,-,-,-,Not Defined,9/16/2032 0:00,DEFAULT GROUP,,1016697150,SOUTHAMPTON - 100 HARBOUR PARADE,100 HARBOUR PARADE,,,SOUTHAMPTON,HAMPSHIRE,SO15 1BA,UNITED KINGDOM,No,206345589,Covered,Active,L1NBD,L1NBD,Vendor,Yes,12/1/2024 0:00,1/30/2027 0:00,30400375,USD,121.9,0,4501605158,121.9,,113848222,2238.28,N/A,N/A,N/A,,-,0,No,No,No,-,No,-,No,-,No,-,Active,-,Include,0,0,Include,14327,NULL,NULL
Demo,75594998,Cisco,-,FVH124320,123457653,Parent,C9120AXI-E,1,C9120AX Internal 802.11ax 4x4:4 MIMO;IOT;BT5;mGig;USB;RHL,,,,No Ship Date Available,00:00.0,4501245478,,C9120AX,WIRELESS,ENT. - WIRELESS,CHASSIS,-,-,-,-,Not Defined,9/16/2032 0:00,DEFAULT GROUP,,1016697150,SOUTHAMPTON - 100 HARBOUR PARADE,100 HARBOUR PARADE,,,SOUTHAMPTON,HAMPSHIRE,SO15 1BA,UNITED KINGDOM,No,206345589,Covered,Active,L1NBD,L1NBD,Vendor,Yes,12/1/2024 0:00,1/30/2027 0:00,30400375,USD,121.9,0,4501605158,121.9,,113848222,2238.28,N/A,N/A,N/A,,-,0,No,No,No,-,No,-,No,-,No,-,Active,-,Include,0,0,Include,14327,NULL,NULL
Demo,75595006,Cisco,-,FVH124321,123457654,Parent,C9120AXI-E,1,C9120AX Internal 802.11ax 4x4:4 MIMO;IOT;BT5;mGig;USB;RHL,,,,No Ship Date Available,00:00.0,4501245478,,C9120AX,WIRELESS,ENT. - WIRELESS,CHASSIS,-,-,-,-,Not Defined,9/16/2032 0:00,DEFAULT GROUP,,1016697150,SOUTHAMPTON - 100 HARBOUR PARADE,100 HARBOUR PARADE,,,SOUTHAMPTON,HAMPSHIRE,SO15 1BA,UNITED KINGDOM,No,206345589,Covered,Active,L1NBD,L1NBD,Vendor,Yes,12/1/2024 0:00,1/30/2027 0:00,30400375,USD,121.9,0,4501605158,121.9,,113848222,2238.28,N/A,N/A,N/A,,-,0,No,No,No,-,No,-,No,-,No,-,Active,-,Include,0,0,Include,14327,NULL,NULL
Demo,75595014,Cisco,-,FVH124322,123457655,Parent,C9120AXI-E,1,C9120AX Internal 802.11ax 4x4:4 MIMO;IOT;BT5;mGig;USB;RHL,,,,No Ship Date Available,00:00.0,4501245478,,C9120AX,WIRELESS,ENT. - WIRELESS,CHASSIS,-,-,-,-,Not Defined,9/16/2032 0:00,DEFAULT GROUP,,1016697150,SOUTHAMPTON - 100 HARBOUR PARADE,100 HARBOUR PARADE,,,SOUTHAMPTON,HAMPSHIRE,SO15 1BA,UNITED KINGDOM,No,206345589,Covered,Active,L1NBD,L1NBD,Vendor,Yes,12/1/2024 0:00,1/30/2027 0:00,30400375,USD,121.9,0,4501605158,121.9,,113848222,2238.28,N/A,N/A,N/A,,-,0,No,No,No,-,No,-,No,-,No,-,Active,-,Include,0,0,Include,14327,NULL,NULL
Demo,75595022,Cisco,-,FVH124323,123457656,Parent,C9120AXI-E,1,C9120AX Internal 802.11ax 4x4:4 MIMO;IOT;BT5;mGig;USB;RHL,,,,No Ship Date Available,00:00.0,4501245478,,C9120AX,WIRELESS,ENT. - WIRELESS,CHASSIS,-,-,-,-,Not Defined,9/16/2032 0:00,DEFAULT GROUP,,1016697150,SOUTHAMPTON - 100 HARBOUR PARADE,100 HARBOUR PARADE,,,SOUTHAMPTON,HAMPSHIRE,SO15 1BA,UNITED KINGDOM,No,206345589,Covered,Active,L1NBD,L1NBD,Vendor,Yes,12/1/2024 0:00,1/30/2027 0:00,30400375,USD,121.9,0,4501605158,121.9,,113848222,2238.28,N/A,N/A,N/A,,-,0,No,No,No,-,No,-,No,-,No,-,Active,-,Include,0,0,Include,14327,NULL,NULL
Demo,75595030,Cisco,-,FVH124324,123457657,Parent,C9120AXI-E,1,C9120AX Internal 802.11ax 4x4:4 MIMO;IOT;BT5;mGig;USB;RHL,,,,No Ship Date Available,00:00.0,4501245478,,C9120AX,WIRELESS,ENT. - WIRELESS,CHASSIS,-,-,-,-,Not Defined,9/16/2032 0:00,DEFAULT GROUP,,1016697150,SOUTHAMPTON - 100 HARBOUR PARADE,100 HARBOUR PARADE,,,SOUTHAMPTON,HAMPSHIRE,SO15 1BA,UNITED KINGDOM,No,206345589,Covered,Active,L1NBD,L1NBD,Vendor,Yes,12/1/2024 0:00,1/30/2027 0:00,30400375,USD,121.9,0,4501605158,121.9,,113848222,2238.28,N/A,N/A,N/A,,-,0,No,No,No,-,No,-,No,-,No,-,Active,-,Include,0,0,Include,14327,NULL,NULL
Demo,75595038,Cisco,-,FVH124325,123457658,Parent,C9120AXI-E,1,C9120AX Internal 802.11ax 4x4:4 MIMO;IOT;BT5;mGig;USB;RHL,,,,No Ship Date Available,00:00.0,4501245478,,C9120AX,WIRELESS,ENT. - WIRELESS,CHASSIS,-,-,-,-,Not Defined,9/16/2032 0:00,DEFAULT GROUP,,1016697150,SOUTHAMPTON - 100 HARBOUR PARADE,100 HARBOUR PARADE,,,SOUTHAMPTON,HAMPSHIRE,SO15 1BA,UNITED KINGDOM,No,206345589,Covered,Active,L1NBD,L1NBD,Vendor,Yes,12/1/2024 0:00,1/30/2027 0:00,30400375,USD,121.9,0,4501605158,121.9,,113848222,2238.28,N/A,N/A,N/A,,-,0,No,No,No,-,No,-,No,-,No,-,Active,-,Include,0,0,Include,14327,NULL,NULL
Demo,75595046,Cisco,-,FVH124326,123457659,Parent,C9120AXI-E,1,C9120AX Internal 802.11ax 4x4:4 MIMO;IOT;BT5;mGig;USB;RHL,,,,No Ship Date Available,00:00.0,4501245478,,C9120AX,WIRELESS,ENT. - WIRELESS,CHASSIS,-,-,-,-,Not Defined,9/16/2032 0:00,DEFAULT GROUP,,1016697150,SOUTHAMPTON - 100 HARBOUR PARADE,100 HARBOUR PARADE,,,SOUTHAMPTON,HAMPSHIRE,SO15 1BA,UNITED KINGDOM,No,206345589,Covered,Active,L1NBD,L1NBD,Vendor,Yes,12/1/2024 0:00,1/30/2027 0:00,30400375,USD,121.9,0,4501605158,121.9,,113848222,2238.28,N/A,N/A,N/A,,-,0,No,No,No,-,No,-,No,-,No,-,Active,-,Include,0,0,Include,14327,NULL,NULL
Demo,75595054,Cisco,-,FVH124327,123457660,Parent,C9120AXI-E,1,C9120AX Internal 802.11ax 4x4:4 MIMO;IOT;BT5;mGig;USB;RHL,,,,No Ship Date Available,00:00.0,4501245478,,C9120AX,WIRELESS,ENT. - WIRELESS,CHASSIS,-,-,-,-,Not Defined,9/16/2032 0:00,DEFAULT GROUP,,1016697150,SOUTHAMPTON - 100 HARBOUR PARADE,100 HARBOUR PARADE,,,SOUTHAMPTON,HAMPSHIRE,SO15 1BA,UNITED KINGDOM,No,206345589,Covered,Active,L1NBD,L1NBD,Vendor,Yes,12/1/2024 0:00,1/30/2027 0:00,30400375,USD,121.9,0,4501605158,121.9,,113848222,2238.28,N/A,N/A,N/A,,-,0,No,No,No,-,No,-,No,-,No,-,Active,-,Include,0,0,Include,14327,NULL,NULL
Demo,75595062,Cisco,-,FVH124328,123457661,Parent,C9300-48UXM-A,1,"Catalyst 9300 48-port(12 mGig, 36 2.5Gbps) Network Advantage",,,,No Ship Date Available,00:00.0,4500702037,,C9300,ENTERPRISE SWITCHING,ENT. SWITCHING - ACCESS,CHASSIS,-,-,-,-,Not Defined,7/3/2029 0:00,DEFAULT GROUP,,1016697150,SOUTHAMPTON - 100 HARBOUR PARADE,100 HARBOUR PARADE,,,SOUTHAMPTON,HAMPSHIRE,SO15 1BA,UNITED KINGDOM,No,206345589,Covered,Active,L1NBD,L1NBD,Vendor,Yes,12/1/2024 0:00,1/30/2027 0:00,30400375,USD,1404.15,0,4501605158,1404.15,,108185140,16589.09,N/A,N/A,N/A,,-,0,No,No,No,-,No,-,No,-,No,-,Active,-,Include,0,0,Include,14327,NULL,NULL
Demo,75595072,Cisco,-,FVH124329,123457662,Parent,C9300-48UXM-A,1,"Catalyst 9300 48-port(12 mGig, 36 2.5Gbps) Network Advantage",,,,No Ship Date Available,00:00.0,4500702037,,C9300,ENTERPRISE SWITCHING,ENT. SWITCHING - ACCESS,CHASSIS,-,-,-,-,Not Defined,7/3/2029 0:00,DEFAULT GROUP,,1016697150,SOUTHAMPTON - 100 HARBOUR PARADE,100 HARBOUR PARADE,,,SOUTHAMPTON,HAMPSHIRE,SO15 1BA,UNITED KINGDOM,No,206345589,Covered,Active,L1NBD,L1NBD,Vendor,Yes,12/1/2024 0:00,1/30/2027 0:00,30400375,USD,1404.15,0,4501605158,1404.15,,108185140,16589.09,N/A,N/A,N/A,,-,0,No,No,No,-,No,-,No,-,No,-,Active,-,Include,0,0,Include,14327,NULL,NULL
Demo,75595136,Cisco,-,FVH124330,123457663,Parent,C9120AXI-E,1,C9120AX Internal 802.11ax 4x4:4 MIMO;IOT;BT5;mGig;USB;RHL,,,,No Ship Date Available,00:00.0,4501245478,,C9120AX,WIRELESS,ENT. - WIRELESS,CHASSIS,-,-,-,-,Not Defined,10/5/2032 0:00,DEFAULT GROUP,,1016697150,SOUTHAMPTON - 100 HARBOUR PARADE,100 HARBOUR PARADE,,,SOUTHAMPTON,HAMPSHIRE,SO15 1BA,UNITED KINGDOM,No,206345589,Covered,Active,L1NBD,L1NBD,Vendor,Yes,12/1/2024 0:00,1/30/2027 0:00,30400375,USD,121.9,0,4501605158,121.9,,113848222,2238.28,N/A,N/A,N/A,,-,0,No,No,No,-,No,-,No,-,No,-,Active,-,Include,0,0,Include,14327,NULL,NULL
Demo,75595144,Cisco,-,FVH124331,123457664,Parent,C9120AXI-E,1,C9120AX Internal 802.11ax 4x4:4 MIMO;IOT;BT5;mGig;USB;RHL,,,,No Ship Date Available,00:00.0,4501245478,,C9120AX,WIRELESS,ENT. - WIRELESS,CHASSIS,-,-,-,-,Not Defined,10/5/2032 0:00,DEFAULT GROUP,,1016697150,SOUTHAMPTON - 100 HARBOUR PARADE,100 HARBOUR PARADE,,,SOUTHAMPTON,HAMPSHIRE,SO15 1BA,UNITED KINGDOM,No,206345589,Covered,Active,L1NBD,L1NBD,Vendor,Yes,12/1/2024 0:00,1/30/2027 0:00,30400375,USD,121.9,0,4501605158,121.9,,113848222,2238.28,N/A,N/A,N/A,,-,0,No,No,No,-,No,-,No,-,No,-,Active,-,Include,0,0,Include,14327,NULL,NULL
Demo,75595152,Cisco,-,FVH124332,123457665,Parent,C9120AXI-E,1,C9120AX Internal 802.11ax 4x4:4 MIMO;IOT;BT5;mGig;USB;RHL,,,,No Ship Date Available,00:00.0,4501245478,,C9120AX,WIRELESS,ENT. - WIRELESS,CHASSIS,-,-,-,-,Not Defined,10/5/2032 0:00,DEFAULT GROUP,,1016697150,SOUTHAMPTON - 100 HARBOUR PARADE,100 HARBOUR PARADE,,,SOUTHAMPTON,HAMPSHIRE,SO15 1BA,UNITED KINGDOM,No,206345589,Covered,Active,L1NBD,L1NBD,Vendor,Yes,12/1/2024 0:00,1/30/2027 0:00,30400375,USD,121.9,0,4501605158,121.9,,113848222,2238.28,N/A,N/A,N/A,,-,0,No,No,No,-,No,-,No,-,No,-,Active,-,Include,0,0,Include,14327,NULL,NULL
Demo,75595160,Cisco,-,FVH124333,123457666,Parent,C9120AXI-E,1,C9120AX Internal 802.11ax 4x4:4 MIMO;IOT;BT5;mGig;USB;RHL,,,,No Ship Date Available,00:00.0,4501245478,,C9120AX,WIRELESS,ENT. - WIRELESS,CHASSIS,-,-,-,-,Not Defined,10/5/2032 0:00,DEFAULT GROUP,,1016697150,SOUTHAMPTON - 100 HARBOUR PARADE,100 HARBOUR PARADE,,,SOUTHAMPTON,HAMPSHIRE,SO15 1BA,UNITED KINGDOM,No,206345589,Covered,Active,L1NBD,L1NBD,Vendor,Yes,12/1/2024 0:00,1/30/2027 0:00,30400375,USD,121.9,0,4501605158,121.9,,113848222,2238.28,N/A,N/A,N/A,,-,0,No,No,No,-,No,-,No,-,No,-,Active,-,Include,0,0,Include,14327,NULL,NULL
Demo,75595168,Cisco,-,FVH124334,123457667,Parent,C9120AXI-E,1,C9120AX Internal 802.11ax 4x4:4 MIMO;IOT;BT5;mGig;USB;RHL,,,,No Ship Date Available,00:00.0,4501245478,,C9120AX,WIRELESS,ENT. - WIRELESS,CHASSIS,-,-,-,-,Not Defined,10/5/2032 0:00,DEFAULT GROUP,,1016697150,SOUTHAMPTON - 100 HARBOUR PARADE,100 HARBOUR PARADE,,,SOUTHAMPTON,HAMPSHIRE,SO15 1BA,UNITED KINGDOM,No,206345589,Covered,Active,L1NBD,L1NBD,Vendor,Yes,12/1/2024 0:00,1/30/2027 0:00,30400375,USD,121.9,0,4501605158,121.9,,113848222,2238.28,N/A,N/A,N/A,,-,0,No,No,No,-,No,-,No,-,No,-,Active,-,Include,0,0,Include,14327,NULL,NULL
Demo,75595176,Cisco,-,FVH124335,123457668,Parent,C9120AXI-E,1,C9120AX Internal 802.11ax 4x4:4 MIMO;IOT;BT5;mGig;USB;RHL,,,,No Ship Date Available,00:00.0,4501245478,,C9120AX,WIRELESS,ENT. - WIRELESS,CHASSIS,-,-,-,-,Not Defined,10/5/2032 0:00,DEFAULT GROUP,,1016697150,SOUTHAMPTON - 100 HARBOUR PARADE,100 HARBOUR PARADE,,,SOUTHAMPTON,HAMPSHIRE,SO15 1BA,UNITED KINGDOM,No,206345589,Covered,Active,L1NBD,L1NBD,Vendor,Yes,12/1/2024 0:00,1/30/2027 0:00,30400375,USD,121.9,0,4501605158,121.9,,113848222,2238.28,N/A,N/A,N/A,,-,0,No,No,No,-,No,-,No,-,No,-,Active,-,Include,0,0,Include,14327,NULL,NULL
Demo,75595184,Cisco,-,FVH124336,123457669,Parent,C9120AXI-E,1,C9120AX Internal 802.11ax 4x4:4 MIMO;IOT;BT5;mGig;USB;RHL,,,,No Ship Date Available,00:00.0,4501245478,,C9120AX,WIRELESS,ENT. - WIRELESS,CHASSIS,-,-,-,-,Not Defined,10/5/2032 0:00,DEFAULT GROUP,,1016697150,SOUTHAMPTON - 100 HARBOUR PARADE,100 HARBOUR PARADE,,,SOUTHAMPTON,HAMPSHIRE,SO15 1BA,UNITED KINGDOM,No,206345589,Covered,Active,L1NBD,L1NBD,Vendor,Yes,12/1/2024 0:00,1/30/2027 0:00,30400375,USD,121.9,0,4501605158,121.9,,113848222,2238.28,N/A,N/A,N/A,,-,0,No,No,No,-,No,-,No,-,No,-,Active,-,Include,0,0,Include,14327,NULL,NULL
Demo,75595192,Cisco,-,FVH124337,123457670,Parent,C9120AXI-E,1,C9120AX Internal 802.11ax 4x4:4 MIMO;IOT;BT5;mGig;USB;RHL,,,,No Ship Date Available,00:00.0,4501245478,,C9120AX,WIRELESS,ENT. - WIRELESS,CHASSIS,-,-,-,-,Not Defined,10/5/2032 0:00,DEFAULT GROUP,,1016697150,SOUTHAMPTON - 100 HARBOUR PARADE,100 HARBOUR PARADE,,,SOUTHAMPTON,HAMPSHIRE,SO15 1BA,UNITED KINGDOM,No,206345589,Covered,Active,L1NBD,L1NBD,Vendor,Yes,12/1/2024 0:00,1/30/2027 0:00,30400375,USD,121.9,0,4501605158,121.9,,113848222,2238.28,N/A,N/A,N/A,,-,0,No,No,No,-,No,-,No,-,No,-,Active,-,Include,0,0,Include,14327,NULL,NULL
Demo,75595200,Cisco,-,FVH124338,123457671,Parent,C9120AXI-E,1,C9120AX Internal 802.11ax 4x4:4 MIMO;IOT;BT5;mGig;USB;RHL,,,,No Ship Date Available,00:00.0,-1,,C9120AX,WIRELESS,ENT. - WIRELESS,CHASSIS,-,-,-,-,Not Defined,9/16/2032 0:00,DEFAULT GROUP,,1016697150,SOUTHAMPTON - 100 HARBOUR PARADE,100 HARBOUR PARADE,,,SOUTHAMPTON,HAMPSHIRE,SO15 1BA,UNITED KINGDOM,No,206345589,Covered,Active,L1NBD,L1NBD,Vendor,Yes,12/1/2024 0:00,1/30/2027 0:00,30400375,USD,121.9,0,4501605158,121.9,,803058976,2238.28,N/A,N/A,N/A,,-,0,No,No,No,-,No,-,No,-,No,-,Active,-,Include,0,0,Include,14327,NULL,NULL
Demo,75595255,Cisco,-,FVH124339,123457672,Parent,WS-C3850-48P-S,1,^^Cisco Catalyst 3850 48 Port PoE IP Base,,,,No Ship Date Available,00:00.0,81-EYG56-S,,C3850,ENTERPRISE SWITCHING,ENT. SWITCHING - ACCESS,CHASSIS,Switches,http://www.cisco.com/content/en/us/support/switches/catalyst-3850-48p-s-switch/model.html,10/30/2020,10/31/2025,0-3 Months,10/31/2025 0:00,DEFAULT GROUP,,1016697150,SOUTHAMPTON - 100 HARBOUR PARADE,100 HARBOUR PARADE,,,SOUTHAMPTON,HAMPSHIRE,SO15 1BA,UNITED KINGDOM,No,206345589,Covered,Active,L1NBD,L1NBD,Vendor,Yes,12/1/2024 0:00,10/31/2025 0:00,30400375,USD,1984.9,0,4501605158,1984.9,,109458492,20171,N/A,N/A,N/A,,-,0,No,No,No,-,No,-,No,-,No,-,Active,-,Include,0,0,Include,14327,NULL,NULL
Demo,75595394,Cisco,-,FVH124340,123457673,Parent,C9120AXI-E,1,C9120AX Internal 802.11ax 4x4:4 MIMO;IOT;BT5;mGig;USB;RHL,,,,No Ship Date Available,00:00.0,4501245478,,C9120AX,WIRELESS,ENT. - WIRELESS,CHASSIS,-,-,-,-,Not Defined,9/16/2032 0:00,DEFAULT GROUP,,1016697150,SOUTHAMPTON - 100 HARBOUR PARADE,100 HARBOUR PARADE,,,SOUTHAMPTON,HAMPSHIRE,SO15 1BA,UNITED KINGDOM,No,206345589,Covered,Active,L1NBD,L1NBD,Vendor,Yes,12/1/2024 0:00,1/30/2027 0:00,30400375,USD,121.9,0,4501605158,121.9,,113848222,2238.28,N/A,N/A,N/A,,-,0,No,No,No,-,No,-,No,-,No,-,Active,-,Include,0,0,Include,14327,NULL,NULL
Demo,75595402,Cisco,-,FVH124341,123457674,Parent,C9120AXI-E,1,C9120AX Internal 802.11ax 4x4:4 MIMO;IOT;BT5;mGig;USB;RHL,,,,No Ship Date Available,00:00.0,4501245478,,C9120AX,WIRELESS,ENT. - WIRELESS,CHASSIS,-,-,-,-,Not Defined,9/16/2032 0:00,DEFAULT GROUP,,1016697150,SOUTHAMPTON - 100 HARBOUR PARADE,100 HARBOUR PARADE,,,SOUTHAMPTON,HAMPSHIRE,SO15 1BA,UNITED KINGDOM,No,206345589,Covered,Active,L1NBD,L1NBD,Vendor,Yes,12/1/2024 0:00,1/30/2027 0:00,30400375,USD,121.9,0,4501605158,121.9,,113848222,2238.28,N/A,N/A,N/A,,-,0,No,No,No,-,No,-,No,-,No,-,Active,-,Include,0,0,Include,14327,NULL,NULL
Demo,75595410,Cisco,-,FVH124342,123457675,Parent,C9120AXI-E,1,C9120AX Internal 802.11ax 4x4:4 MIMO;IOT;BT5;mGig;USB;RHL,,,,No Ship Date Available,00:00.0,4501245478,,C9120AX,WIRELESS,ENT. - WIRELESS,CHASSIS,-,-,-,-,Not Defined,9/16/2032 0:00,DEFAULT GROUP,,1016697150,SOUTHAMPTON - 100 HARBOUR PARADE,100 HARBOUR PARADE,,,SOUTHAMPTON,HAMPSHIRE,SO15 1BA,UNITED KINGDOM,No,206345589,Covered,Active,L1NBD,L1NBD,Vendor,Yes,12/1/2024 0:00,1/30/2027 0:00,30400375,USD,121.9,0,4501605158,121.9,,113848222,2238.28,N/A,N/A,N/A,,-,0,No,No,No,-,No,-,No,-,No,-,Active,-,Include,0,0,Include,14327,NULL,NULL
Demo,75595418,Cisco,-,FVH124343,123457676,Parent,C9120AXI-E,1,C9120AX Internal 802.11ax 4x4:4 MIMO;IOT;BT5;mGig;USB;RHL,,,,No Ship Date Available,00:00.0,4501245478,,C9120AX,WIRELESS,ENT. - WIRELESS,CHASSIS,-,-,-,-,Not Defined,9/16/2032 0:00,DEFAULT GROUP,,1016697150,SOUTHAMPTON - 100 HARBOUR PARADE,100 HARBOUR PARADE,,,SOUTHAMPTON,HAMPSHIRE,SO15 1BA,UNITED KINGDOM,No,206345589,Covered,Active,L1NBD,L1NBD,Vendor,Yes,12/1/2024 0:00,1/30/2027 0:00,30400375,USD,121.9,0,4501605158,121.9,,113848222,2238.28,N/A,N/A,N/A,,-,0,No,No,No,-,No,-,No,-,No,-,Active,-,Include,0,0,Include,14327,NULL,NULL
Demo,75595426,Cisco,-,FVH124344,123457677,Parent,C9120AXI-E,1,C9120AX Internal 802.11ax 4x4:4 MIMO;IOT;BT5;mGig;USB;RHL,,,,No Ship Date Available,00:00.0,4501245478,,C9120AX,WIRELESS,ENT. - WIRELESS,CHASSIS,-,-,-,-,Not Defined,9/16/2032 0:00,DEFAULT GROUP,,1016697150,SOUTHAMPTON - 100 HARBOUR PARADE,100 HARBOUR PARADE,,,SOUTHAMPTON,HAMPSHIRE,SO15 1BA,UNITED KINGDOM,No,206345589,Covered,Active,L1NBD,L1NBD,Vendor,Yes,12/1/2024 0:00,1/30/2027 0:00,30400375,USD,121.9,0,4501605158,121.9,,113848222,2238.28,N/A,N/A,N/A,,-,0,No,No,No,-,No,-,No,-,No,-,Active,-,Include,0,0,Include,14327,NULL,NULL
Demo,75595434,Cisco,-,FVH124345,123457678,Parent,C9120AXI-E,1,C9120AX Internal 802.11ax 4x4:4 MIMO;IOT;BT5;mGig;USB;RHL,,,,No Ship Date Available,00:00.0,4501245478,,C9120AX,WIRELESS,ENT. - WIRELESS,CHASSIS,-,-,-,-,Not Defined,9/16/2032 0:00,DEFAULT GROUP,,1016697150,SOUTHAMPTON - 100 HARBOUR PARADE,100 HARBOUR PARADE,,,SOUTHAMPTON,HAMPSHIRE,SO15 1BA,UNITED KINGDOM,No,206345589,Covered,Active,L1NBD,L1NBD,Vendor,Yes,12/1/2024 0:00,1/30/2027 0:00,30400375,USD,121.9,0,4501605158,121.9,,113848222,2238.28,N/A,N/A,N/A,,-,0,No,No,No,-,No,-,No,-,No,-,Active,-,Include,0,0,Include,14327,NULL,NULL
Demo,75595442,Cisco,-,FVH124346,123457679,Parent,C9120AXI-E,1,C9120AX Internal 802.11ax 4x4:4 MIMO;IOT;BT5;mGig;USB;RHL,,,,No Ship Date Available,00:00.0,4501245478,,C9120AX,WIRELESS,ENT. - WIRELESS,CHASSIS,-,-,-,-,Not Defined,9/16/2032 0:00,DEFAULT GROUP,,1016697150,SOUTHAMPTON - 100 HARBOUR PARADE,100 HARBOUR PARADE,,,SOUTHAMPTON,HAMPSHIRE,SO15 1BA,UNITED KINGDOM,No,206345589,Covered,Active,L1NBD,L1NBD,Vendor,Yes,12/1/2024 0:00,1/30/2027 0:00,30400375,USD,121.9,0,4501605158,121.9,,113848222,2238.28,N/A,N/A,N/A,,-,0,No,No,No,-,No,-,No,-,No,-,Active,-,Include,0,0,Include,14327,NULL,NULL
Demo,75595450,Cisco,-,FVH124347,123457680,Parent,C9120AXI-E,1,C9120AX Internal 802.11ax 4x4:4 MIMO;IOT;BT5;mGig;USB;RHL,,,,No Ship Date Available,00:00.0,4501245478,,C9120AX,WIRELESS,ENT. - WIRELESS,CHASSIS,-,-,-,-,Not Defined,9/16/2032 0:00,DEFAULT GROUP,,1016697150,SOUTHAMPTON - 100 HARBOUR PARADE,100 HARBOUR PARADE,,,SOUTHAMPTON,HAMPSHIRE,SO15 1BA,UNITED KINGDOM,No,206345589,Covered,Active,L1NBD,L1NBD,Vendor,Yes,12/1/2024 0:00,1/30/2027 0:00,30400375,USD,121.9,0,4501605158,121.9,,113848222,2238.28,N/A,N/A,N/A,,-,0,No,No,No,-,No,-,No,-,No,-,Active,-,Include,0,0,Include,14327,NULL,NULL
Demo,75595458,Cisco,-,FVH124348,123457681,Parent,C9120AXI-E,1,C9120AX Internal 802.11ax 4x4:4 MIMO;IOT;BT5;mGig;USB;RHL,,,,No Ship Date Available,00:00.0,4501245478,,C9120AX,WIRELESS,ENT. - WIRELESS,CHASSIS,-,-,-,-,Not Defined,9/16/2032 0:00,DEFAULT GROUP,,1016697150,SOUTHAMPTON - 100 HARBOUR PARADE,100 HARBOUR PARADE,,,SOUTHAMPTON,HAMPSHIRE,SO15 1BA,UNITED KINGDOM,No,206345589,Covered,Active,L1NBD,L1NBD,Vendor,Yes,12/1/2024 0:00,1/30/2027 0:00,30400375,USD,121.9,0,4501605158,121.9,,113848222,2238.28,N/A,N/A,N/A,,-,0,No,No,No,-,No,-,No,-,No,-,Active,-,Include,0,0,Include,14327,NULL,NULL
Demo,75595466,Cisco,-,FVH124349,123457682,Parent,C9120AXI-E,1,C9120AX Internal 802.11ax 4x4:4 MIMO;IOT;BT5;mGig;USB;RHL,,,,No Ship Date Available,00:00.0,4501245478,,C9120AX,WIRELESS,ENT. - WIRELESS,CHASSIS,-,-,-,-,Not Defined,9/16/2032 0:00,DEFAULT GROUP,,1016697150,SOUTHAMPTON - 100 HARBOUR PARADE,100 HARBOUR PARADE,,,SOUTHAMPTON,HAMPSHIRE,SO15 1BA,UNITED KINGDOM,No,206345589,Covered,Active,L1NBD,L1NBD,Vendor,Yes,12/1/2024 0:00,1/30/2027 0:00,30400375,USD,121.9,0,4501605158,121.9,,113848222,2238.28,N/A,N/A,N/A,,-,0,No,No,No,-,No,-,No,-,No,-,Active,-,Include,0,0,Include,14327,NULL,NULL
Demo,75595474,Cisco,-,FVH124350,123457683,Parent,C9120AXI-E,1,C9120AX Internal 802.11ax 4x4:4 MIMO;IOT;BT5;mGig;USB;RHL,,,,No Ship Date Available,00:00.0,4501245478,,C9120AX,WIRELESS,ENT. - WIRELESS,CHASSIS,-,-,-,-,Not Defined,9/16/2032 0:00,DEFAULT GROUP,,1016697150,SOUTHAMPTON - 100 HARBOUR PARADE,100 HARBOUR PARADE,,,SOUTHAMPTON,HAMPSHIRE,SO15 1BA,UNITED KINGDOM,No,206345589,Covered,Active,L1NBD,L1NBD,Vendor,Yes,12/1/2024 0:00,1/30/2027 0:00,30400375,USD,121.9,0,4501605158,121.9,,113848222,2238.28,N/A,N/A,N/A,,-,0,No,No,No,-,No,-,No,-,No,-,Active,-,Include,0,0,Include,14327,NULL,NULL
Demo,75595482,Cisco,-,FVH124351,123457684,Parent,C9120AXI-E,1,C9120AX Internal 802.11ax 4x4:4 MIMO;IOT;BT5;mGig;USB;RHL,,,,No Ship Date Available,00:00.0,4501245478,,C9120AX,WIRELESS,ENT. - WIRELESS,CHASSIS,-,-,-,-,Not Defined,10/5/2032 0:00,DEFAULT GROUP,,1016697150,SOUTHAMPTON - 100 HARBOUR PARADE,100 HARBOUR PARADE,,,SOUTHAMPTON,HAMPSHIRE,SO15 1BA,UNITED KINGDOM,No,206345589,Covered,Active,L1NBD,L1NBD,Vendor,Yes,12/1/2024 0:00,1/30/2027 0:00,30400375,USD,121.9,0,4501605158,121.9,,113848222,2238.28,N/A,N/A,N/A,,-,0,No,No,No,-,No,-,No,-,No,-,Active,-,Include,0,0,Include,14327,NULL,NULL
Demo,75595490,Cisco,-,FVH124352,123457685,Parent,C9120AXI-E,1,C9120AX Internal 802.11ax 4x4:4 MIMO;IOT;BT5;mGig;USB;RHL,,,,No Ship Date Available,00:00.0,4501245478,,C9120AX,WIRELESS,ENT. - WIRELESS,CHASSIS,-,-,-,-,Not Defined,10/5/2032 0:00,DEFAULT GROUP,,1016697150,SOUTHAMPTON - 100 HARBOUR PARADE,100 HARBOUR PARADE,,,SOUTHAMPTON,HAMPSHIRE,SO15 1BA,UNITED KINGDOM,No,206345589,Covered,Active,L1NBD,L1NBD,Vendor,Yes,12/1/2024 0:00,1/30/2027 0:00,30400375,USD,121.9,0,4501605158,121.9,,113848222,2238.28,N/A,N/A,N/A,,-,0,No,No,No,-,No,-,No,-,No,-,Active,-,Include,0,0,Include,14327,NULL,NULL
Demo,75595498,Cisco,-,FVH124353,123457686,Parent,C9120AXI-E,1,C9120AX Internal 802.11ax 4x4:4 MIMO;IOT;BT5;mGig;USB;RHL,,,,No Ship Date Available,00:00.0,4501245478,,C9120AX,WIRELESS,ENT. - WIRELESS,CHASSIS,-,-,-,-,Not Defined,10/5/2032 0:00,DEFAULT GROUP,,1016697150,SOUTHAMPTON - 100 HARBOUR PARADE,100 HARBOUR PARADE,,,SOUTHAMPTON,HAMPSHIRE,SO15 1BA,UNITED KINGDOM,No,206345589,Covered,Active,L1NBD,L1NBD,Vendor,Yes,12/1/2024 0:00,1/30/2027 0:00,30400375,USD,121.9,0,4501605158,121.9,,113848222,2238.28,N/A,N/A,N/A,,-,0,No,No,No,-,No,-,No,-,No,-,Active,-,Include,0,0,Include,14327,NULL,NULL
Demo,75595506,Cisco,-,FVH124354,123457687,Parent,C9120AXI-E,1,C9120AX Internal 802.11ax 4x4:4 MIMO;IOT;BT5;mGig;USB;RHL,,,,No Ship Date Available,00:00.0,4501245478,,C9120AX,WIRELESS,ENT. - WIRELESS,CHASSIS,-,-,-,-,Not Defined,10/5/2032 0:00,DEFAULT GROUP,,1016697150,SOUTHAMPTON - 100 HARBOUR PARADE,100 HARBOUR PARADE,,,SOUTHAMPTON,HAMPSHIRE,SO15 1BA,UNITED KINGDOM,No,206345589,Covered,Active,L1NBD,L1NBD,Vendor,Yes,12/1/2024 0:00,1/30/2027 0:00,30400375,USD,121.9,0,4501605158,121.9,,113848222,2238.28,N/A,N/A,N/A,,-,0,No,No,No,-,No,-,No,-,No,-,Active,-,Include,0,0,Include,14327,NULL,NULL
Demo,75595514,Cisco,-,FVH124355,123457688,Parent,C9120AXI-E,1,C9120AX Internal 802.11ax 4x4:4 MIMO;IOT;BT5;mGig;USB;RHL,,,,No Ship Date Available,00:00.0,4501245478,,C9120AX,WIRELESS,ENT. - WIRELESS,CHASSIS,-,-,-,-,Not Defined,10/5/2032 0:00,DEFAULT GROUP,,1016697150,SOUTHAMPTON - 100 HARBOUR PARADE,100 HARBOUR PARADE,,,SOUTHAMPTON,HAMPSHIRE,SO15 1BA,UNITED KINGDOM,No,206345589,Covered,Active,L1NBD,L1NBD,Vendor,Yes,12/1/2024 0:00,1/30/2027 0:00,30400375,USD,121.9,0,4501605158,121.9,,113848222,2238.28,N/A,N/A,N/A,,-,0,No,No,No,-,No,-,No,-,No,-,Active,-,Include,0,0,Include,14327,NULL,NULL
Demo,75595522,Cisco,-,FVH124356,123457689,Parent,C9120AXI-E,1,C9120AX Internal 802.11ax 4x4:4 MIMO;IOT;BT5;mGig;USB;RHL,,,,No Ship Date Available,00:00.0,4501245478,,C9120AX,WIRELESS,ENT. - WIRELESS,CHASSIS,-,-,-,-,Not Defined,10/5/2032 0:00,DEFAULT GROUP,,1016697150,SOUTHAMPTON - 100 HARBOUR PARADE,100 HARBOUR PARADE,,,SOUTHAMPTON,HAMPSHIRE,SO15 1BA,UNITED KINGDOM,No,206345589,Covered,Active,L1NBD,L1NBD,Vendor,Yes,12/1/2024 0:00,1/30/2027 0:00,30400375,USD,121.9,0,4501605158,121.9,,113848222,2238.28,N/A,N/A,N/A,,-,0,No,No,No,-,No,-,No,-,No,-,Active,-,Include,0,0,Include,14327,NULL,NULL
Demo,75595530,Cisco,-,FVH124357,123457690,Parent,C9120AXI-E,1,C9120AX Internal 802.11ax 4x4:4 MIMO;IOT;BT5;mGig;USB;RHL,,,,No Ship Date Available,00:00.0,4501245478,,C9120AX,WIRELESS,ENT. - WIRELESS,CHASSIS,-,-,-,-,Not Defined,10/5/2032 0:00,DEFAULT GROUP,,1016697150,SOUTHAMPTON - 100 HARBOUR PARADE,100 HARBOUR PARADE,,,SOUTHAMPTON,HAMPSHIRE,SO15 1BA,UNITED KINGDOM,No,206345589,Covered,Active,L1NBD,L1NBD,Vendor,Yes,12/1/2024 0:00,1/30/2027 0:00,30400375,USD,121.9,0,4501605158,121.9,,113848222,2238.28,N/A,N/A,N/A,,-,0,No,No,No,-,No,-,No,-,No,-,Active,-,Include,0,0,Include,14327,NULL,NULL
Demo,75595538,Cisco,-,FVH124358,123457691,Parent,C9120AXI-E,1,C9120AX Internal 802.11ax 4x4:4 MIMO;IOT;BT5;mGig;USB;RHL,,,,No Ship Date Available,00:00.0,4501245478,,C9120AX,WIRELESS,ENT. - WIRELESS,CHASSIS,-,-,-,-,Not Defined,10/5/2032 0:00,DEFAULT GROUP,,1016697150,SOUTHAMPTON - 100 HARBOUR PARADE,100 HARBOUR PARADE,,,SOUTHAMPTON,HAMPSHIRE,SO15 1BA,UNITED KINGDOM,No,206345589,Covered,Active,L1NBD,L1NBD,Vendor,Yes,12/1/2024 0:00,1/30/2027 0:00,30400375,USD,121.9,0,4501605158,121.9,,113848222,2238.28,N/A,N/A,N/A,,-,0,No,No,No,-,No,-,No,-,No,-,Active,-,Include,0,0,Include,14327,NULL,NULL
Demo,75595546,Cisco,-,FVH124359,123457692,Parent,C9120AXI-E,1,C9120AX Internal 802.11ax 4x4:4 MIMO;IOT;BT5;mGig;USB;RHL,,,,No Ship Date Available,00:00.0,4501245478,,C9120AX,WIRELESS,ENT. - WIRELESS,CHASSIS,-,-,-,-,Not Defined,10/5/2032 0:00,DEFAULT GROUP,,1016697150,SOUTHAMPTON - 100 HARBOUR PARADE,100 HARBOUR PARADE,,,SOUTHAMPTON,HAMPSHIRE,SO15 1BA,UNITED KINGDOM,No,206345589,Covered,Active,L1NBD,L1NBD,Vendor,Yes,12/1/2024 0:00,1/30/2027 0:00,30400375,USD,121.9,0,4501605158,121.9,,113848222,2238.28,N/A,N/A,N/A,,-,0,No,No,No,-,No,-,No,-,No,-,Active,-,Include,0,0,Include,14327,NULL,NULL
Demo,75595554,Cisco,-,FVH124360,123457693,Parent,C9120AXI-E,1,C9120AX Internal 802.11ax 4x4:4 MIMO;IOT;BT5;mGig;USB;RHL,,,,No Ship Date Available,00:00.0,4501245478,,C9120AX,WIRELESS,ENT. - WIRELESS,CHASSIS,-,-,-,-,Not Defined,10/5/2032 0:00,DEFAULT GROUP,,1016697150,SOUTHAMPTON - 100 HARBOUR PARADE,100 HARBOUR PARADE,,,SOUTHAMPTON,HAMPSHIRE,SO15 1BA,UNITED KINGDOM,No,206345589,Covered,Active,L1NBD,L1NBD,Vendor,Yes,12/1/2024 0:00,1/30/2027 0:00,30400375,USD,121.9,0,4501605158,121.9,,113848222,2238.28,N/A,N/A,N/A,,-,0,No,No,No,-,No,-,No,-,No,-,Active,-,Include,0,0,Include,14327,NULL,NULL
Demo,75595562,Cisco,-,FVH124361,123457694,Parent,C9120AXI-E,1,C9120AX Internal 802.11ax 4x4:4 MIMO;IOT;BT5;mGig;USB;RHL,,,,No Ship Date Available,00:00.0,4501245478,,C9120AX,WIRELESS,ENT. - WIRELESS,CHASSIS,-,-,-,-,Not Defined,10/5/2032 0:00,DEFAULT GROUP,,1016697150,SOUTHAMPTON - 100 HARBOUR PARADE,100 HARBOUR PARADE,,,SOUTHAMPTON,HAMPSHIRE,SO15 1BA,UNITED KINGDOM,No,206345589,Covered,Active,L1NBD,L1NBD,Vendor,Yes,12/1/2024 0:00,1/30/2027 0:00,30400375,USD,121.9,0,4501605158,121.9,,113848222,2238.28,N/A,N/A,N/A,,-,0,No,No,No,-,No,-,No,-,No,-,Active,-,Include,0,0,Include,14327,NULL,NULL
Demo,75595570,Cisco,-,FVH124362,123457695,Parent,C9120AXI-E,1,C9120AX Internal 802.11ax 4x4:4 MIMO;IOT;BT5;mGig;USB;RHL,,,,No Ship Date Available,00:00.0,4501245478,,C9120AX,WIRELESS,ENT. - WIRELESS,CHASSIS,-,-,-,-,Not Defined,10/5/2032 0:00,DEFAULT GROUP,,1016697150,SOUTHAMPTON - 100 HARBOUR PARADE,100 HARBOUR PARADE,,,SOUTHAMPTON,HAMPSHIRE,SO15 1BA,UNITED KINGDOM,No,206345589,Covered,Active,L1NBD,L1NBD,Vendor,Yes,12/1/2024 0:00,1/30/2027 0:00,30400375,USD,121.9,0,4501605158,121.9,,113848222,2238.28,N/A,N/A,N/A,,-,0,No,No,No,-,No,-,No,-,No,-,Active,-,Include,0,0,Include,14327,NULL,NULL
Demo,75595578,Cisco,-,FVH124363,123457696,Parent,C9120AXI-E,1,C9120AX Internal 802.11ax 4x4:4 MIMO;IOT;BT5;mGig;USB;RHL,,,,No Ship Date Available,00:00.0,4501245478,,C9120AX,WIRELESS,ENT. - WIRELESS,CHASSIS,-,-,-,-,Not Defined,10/5/2032 0:00,DEFAULT GROUP,,1016697150,SOUTHAMPTON - 100 HARBOUR PARADE,100 HARBOUR PARADE,,,SOUTHAMPTON,HAMPSHIRE,SO15 1BA,UNITED KINGDOM,No,206345589,Covered,Active,L1NBD,L1NBD,Vendor,Yes,12/1/2024 0:00,1/30/2027 0:00,30400375,USD,121.9,0,4501605158,121.9,,113848222,2238.28,N/A,N/A,N/A,,-,0,No,No,No,-,No,-,No,-,No,-,Active,-,Include,0,0,Include,14327,NULL,NULL
Demo,75595586,Cisco,-,FVH124364,123457697,Parent,C9120AXI-E,1,C9120AX Internal 802.11ax 4x4:4 MIMO;IOT;BT5;mGig;USB;RHL,,,,No Ship Date Available,00:00.0,4501245478,,C9120AX,WIRELESS,ENT. - WIRELESS,CHASSIS,-,-,-,-,Not Defined,10/5/2032 0:00,DEFAULT GROUP,,1016697150,SOUTHAMPTON - 100 HARBOUR PARADE,100 HARBOUR PARADE,,,SOUTHAMPTON,HAMPSHIRE,SO15 1BA,UNITED KINGDOM,No,206345589,Covered,Active,L1NBD,L1NBD,Vendor,Yes,12/1/2024 0:00,1/30/2027 0:00,30400375,USD,121.9,0,4501605158,121.9,,113848222,2238.28,N/A,N/A,N/A,,-,0,No,No,No,-,No,-,No,-,No,-,Active,-,Include,0,0,Include,14327,NULL,NULL
Demo,75595594,Cisco,-,FVH124365,123457698,Parent,C9120AXI-E,1,C9120AX Internal 802.11ax 4x4:4 MIMO;IOT;BT5;mGig;USB;RHL,,,,No Ship Date Available,00:00.0,4501245478,,C9120AX,WIRELESS,ENT. - WIRELESS,CHASSIS,-,-,-,-,Not Defined,10/5/2032 0:00,DEFAULT GROUP,,1016697150,SOUTHAMPTON - 100 HARBOUR PARADE,100 HARBOUR PARADE,,,SOUTHAMPTON,HAMPSHIRE,SO15 1BA,UNITED KINGDOM,No,206345589,Covered,Active,L1NBD,L1NBD,Vendor,Yes,12/1/2024 0:00,1/30/2027 0:00,30400375,USD,121.9,0,4501605158,121.9,,113848222,2238.28,N/A,N/A,N/A,,-,0,No,No,No,-,No,-,No,-,No,-,Active,-,Include,0,0,Include,14327,NULL,NULL
Demo,75595602,Cisco,-,FVH124366,123457699,Parent,C9120AXI-E,1,C9120AX Internal 802.11ax 4x4:4 MIMO;IOT;BT5;mGig;USB;RHL,,,,No Ship Date Available,00:00.0,4501245478,,C9120AX,WIRELESS,ENT. - WIRELESS,CHASSIS,-,-,-,-,Not Defined,10/5/2032 0:00,DEFAULT GROUP,,1016697150,SOUTHAMPTON - 100 HARBOUR PARADE,100 HARBOUR PARADE,,,SOUTHAMPTON,HAMPSHIRE,SO15 1BA,UNITED KINGDOM,No,206345589,Covered,Active,L1NBD,L1NBD,Vendor,Yes,12/1/2024 0:00,1/30/2027 0:00,30400375,USD,121.9,0,4501605158,121.9,,113848222,2238.28,N/A,N/A,N/A,,-,0,No,No,No,-,No,-,No,-,No,-,Active,-,Include,0,0,Include,14327,NULL,NULL
Demo,75595610,Cisco,-,FVH124367,123457700,Parent,C9120AXI-E,1,C9120AX Internal 802.11ax 4x4:4 MIMO;IOT;BT5;mGig;USB;RHL,,,,No Ship Date Available,00:00.0,4501245478,,C9120AX,WIRELESS,ENT. - WIRELESS,CHASSIS,-,-,-,-,Not Defined,10/5/2032 0:00,DEFAULT GROUP,,1016697150,SOUTHAMPTON - 100 HARBOUR PARADE,100 HARBOUR PARADE,,,SOUTHAMPTON,HAMPSHIRE,SO15 1BA,UNITED KINGDOM,No,206345589,Covered,Active,L1NBD,L1NBD,Vendor,Yes,12/1/2024 0:00,1/30/2027 0:00,30400375,USD,121.9,0,4501605158,121.9,,113848222,2238.28,N/A,N/A,N/A,,-,0,No,No,No,-,No,-,No,-,No,-,Active,-,Include,0,0,Include,14327,NULL,NULL
Demo,75595618,Cisco,-,FVH124368,123457701,Parent,C9120AXI-E,1,C9120AX Internal 802.11ax 4x4:4 MIMO;IOT;BT5;mGig;USB;RHL,,,,No Ship Date Available,00:00.0,4501245478,,C9120AX,WIRELESS,ENT. - WIRELESS,CHASSIS,-,-,-,-,Not Defined,10/5/2032 0:00,DEFAULT GROUP,,1016697150,SOUTHAMPTON - 100 HARBOUR PARADE,100 HARBOUR PARADE,,,SOUTHAMPTON,HAMPSHIRE,SO15 1BA,UNITED KINGDOM,No,206345589,Covered,Active,L1NBD,L1NBD,Vendor,Yes,12/1/2024 0:00,1/30/2027 0:00,30400375,USD,121.9,0,4501605158,121.9,,113848222,2238.28,N/A,N/A,N/A,,-,0,No,No,No,-,No,-,No,-,No,-,Active,-,Include,0,0,Include,14327,NULL,NULL
Demo,75595626,Cisco,-,FVH124369,123457702,Parent,C9120AXI-E,1,C9120AX Internal 802.11ax 4x4:4 MIMO;IOT;BT5;mGig;USB;RHL,,,,No Ship Date Available,00:00.0,4501245478,,C9120AX,WIRELESS,ENT. - WIRELESS,CHASSIS,-,-,-,-,Not Defined,10/5/2032 0:00,DEFAULT GROUP,,1016697150,SOUTHAMPTON - 100 HARBOUR PARADE,100 HARBOUR PARADE,,,SOUTHAMPTON,HAMPSHIRE,SO15 1BA,UNITED KINGDOM,No,206345589,Covered,Active,L1NBD,L1NBD,Vendor,Yes,12/1/2024 0:00,1/30/2027 0:00,30400375,USD,121.9,0,4501605158,121.9,,113848222,2238.28,N/A,N/A,N/A,,-,0,No,No,No,-,No,-,No,-,No,-,Active,-,Include,0,0,Include,14327,NULL,NULL
Demo,75595634,Cisco,-,FVH124370,123457703,Parent,C9120AXI-E,1,C9120AX Internal 802.11ax 4x4:4 MIMO;IOT;BT5;mGig;USB;RHL,,,,No Ship Date Available,00:00.0,4501245478,,C9120AX,WIRELESS,ENT. - WIRELESS,CHASSIS,-,-,-,-,Not Defined,10/5/2032 0:00,DEFAULT GROUP,,1016697150,SOUTHAMPTON - 100 HARBOUR PARADE,100 HARBOUR PARADE,,,SOUTHAMPTON,HAMPSHIRE,SO15 1BA,UNITED KINGDOM,No,206345589,Covered,Active,L1NBD,L1NBD,Vendor,Yes,12/1/2024 0:00,1/30/2027 0:00,30400375,USD,121.9,0,4501605158,121.9,,113848222,2238.28,N/A,N/A,N/A,,-,0,No,No,No,-,No,-,No,-,No,-,Active,-,Include,0,0,Include,14327,NULL,NULL
Demo,75595642,Cisco,-,FVH124371,123457704,Parent,C9120AXI-E,1,C9120AX Internal 802.11ax 4x4:4 MIMO;IOT;BT5;mGig;USB;RHL,,,,No Ship Date Available,00:00.0,4501245478,,C9120AX,WIRELESS,ENT. - WIRELESS,CHASSIS,-,-,-,-,Not Defined,9/16/2032 0:00,DEFAULT GROUP,,1016697150,SOUTHAMPTON - 100 HARBOUR PARADE,100 HARBOUR PARADE,,,SOUTHAMPTON,HAMPSHIRE,SO15 1BA,UNITED KINGDOM,No,206345589,Covered,Active,L1NBD,L1NBD,Vendor,Yes,12/1/2024 0:00,1/30/2027 0:00,30400375,USD,121.9,0,4501605158,121.9,,113848222,2238.28,N/A,N/A,N/A,,-,0,No,No,No,-,No,-,No,-,No,-,Active,-,Include,0,0,Include,14327,NULL,NULL
Demo,75595650,Cisco,-,FVH124372,123457705,Parent,C9120AXI-E,1,C9120AX Internal 802.11ax 4x4:4 MIMO;IOT;BT5;mGig;USB;RHL,,,,No Ship Date Available,00:00.0,4501245478,,C9120AX,WIRELESS,ENT. - WIRELESS,CHASSIS,-,-,-,-,Not Defined,9/16/2032 0:00,DEFAULT GROUP,,1016697150,SOUTHAMPTON - 100 HARBOUR PARADE,100 HARBOUR PARADE,,,SOUTHAMPTON,HAMPSHIRE,SO15 1BA,UNITED KINGDOM,No,206345589,Covered,Active,L1NBD,L1NBD,Vendor,Yes,12/1/2024 0:00,1/30/2027 0:00,30400375,USD,121.9,0,4501605158,121.9,,113848222,2238.28,N/A,N/A,N/A,,-,0,No,No,No,-,No,-,No,-,No,-,Active,-,Include,0,0,Include,14327,NULL,NULL
Demo,75595658,Cisco,-,FVH124373,123457706,Parent,C9120AXI-E,1,C9120AX Internal 802.11ax 4x4:4 MIMO;IOT;BT5;mGig;USB;RHL,,,,No Ship Date Available,00:00.0,4501245478,,C9120AX,WIRELESS,ENT. - WIRELESS,CHASSIS,-,-,-,-,Not Defined,9/16/2032 0:00,DEFAULT GROUP,,1016697150,SOUTHAMPTON - 100 HARBOUR PARADE,100 HARBOUR PARADE,,,SOUTHAMPTON,HAMPSHIRE,SO15 1BA,UNITED KINGDOM,No,206345589,Covered,Active,L1NBD,L1NBD,Vendor,Yes,12/1/2024 0:00,1/30/2027 0:00,30400375,USD,121.9,0,4501605158,121.9,,113848222,2238.28,N/A,N/A,N/A,,-,0,No,No,No,-,No,-,No,-,No,-,Active,-,Include,0,0,Include,14327,NULL,NULL
Demo,75595666,Cisco,-,FVH124374,123457707,Parent,C9120AXI-E,1,C9120AX Internal 802.11ax 4x4:4 MIMO;IOT;BT5;mGig;USB;RHL,,,,No Ship Date Available,00:00.0,4501245478,,C9120AX,WIRELESS,ENT. - WIRELESS,CHASSIS,-,-,-,-,Not Defined,9/16/2032 0:00,DEFAULT GROUP,,1016697150,SOUTHAMPTON - 100 HARBOUR PARADE,100 HARBOUR PARADE,,,SOUTHAMPTON,HAMPSHIRE,SO15 1BA,UNITED KINGDOM,No,206345589,Covered,Active,L1NBD,L1NBD,Vendor,Yes,12/1/2024 0:00,1/30/2027 0:00,30400375,USD,121.9,0,4501605158,121.9,,113848222,2238.28,N/A,N/A,N/A,,-,0,No,No,No,-,No,-,No,-,No,-,Active,-,Include,0,0,Include,14327,NULL,NULL
Demo,75595674,Cisco,-,FVH124375,123457708,Parent,C9120AXI-E,1,C9120AX Internal 802.11ax 4x4:4 MIMO;IOT;BT5;mGig;USB;RHL,,,,No Ship Date Available,00:00.0,4501245478,,C9120AX,WIRELESS,ENT. - WIRELESS,CHASSIS,-,-,-,-,Not Defined,9/16/2032 0:00,DEFAULT GROUP,,1016697150,SOUTHAMPTON - 100 HARBOUR PARADE,100 HARBOUR PARADE,,,SOUTHAMPTON,HAMPSHIRE,SO15 1BA,UNITED KINGDOM,No,206345589,Covered,Active,L1NBD,L1NBD,Vendor,Yes,12/1/2024 0:00,1/30/2027 0:00,30400375,USD,121.9,0,4501605158,121.9,,113848222,2238.28,N/A,N/A,N/A,,-,0,No,No,No,-,No,-,No,-,No,-,Active,-,Include,0,0,Include,14327,NULL,NULL
Demo,75595682,Cisco,-,FVH124376,123457709,Parent,C9120AXI-E,1,C9120AX Internal 802.11ax 4x4:4 MIMO;IOT;BT5;mGig;USB;RHL,,,,No Ship Date Available,00:00.0,4501245478,,C9120AX,WIRELESS,ENT. - WIRELESS,CHASSIS,-,-,-,-,Not Defined,9/16/2032 0:00,DEFAULT GROUP,,1016697150,SOUTHAMPTON - 100 HARBOUR PARADE,100 HARBOUR PARADE,,,SOUTHAMPTON,HAMPSHIRE,SO15 1BA,UNITED KINGDOM,No,206345589,Covered,Active,L1NBD,L1NBD,Vendor,Yes,12/1/2024 0:00,1/30/2027 0:00,30400375,USD,121.9,0,4501605158,121.9,,113848222,2238.28,N/A,N/A,N/A,,-,0,No,No,No,-,No,-,No,-,No,-,Active,-,Include,0,0,Include,14327,NULL,NULL
Demo,75595690,Cisco,-,FVH124377,123457710,Parent,C9120AXI-E,1,C9120AX Internal 802.11ax 4x4:4 MIMO;IOT;BT5;mGig;USB;RHL,,,,No Ship Date Available,00:00.0,4501245478,,C9120AX,WIRELESS,ENT. - WIRELESS,CHASSIS,-,-,-,-,Not Defined,9/16/2032 0:00,DEFAULT GROUP,,1016697150,SOUTHAMPTON - 100 HARBOUR PARADE,100 HARBOUR PARADE,,,SOUTHAMPTON,HAMPSHIRE,SO15 1BA,UNITED KINGDOM,No,206345589,Covered,Active,L1NBD,L1NBD,Vendor,Yes,12/1/2024 0:00,1/30/2027 0:00,30400375,USD,121.9,0,4501605158,121.9,,113848222,2238.28,N/A,N/A,N/A,,-,0,No,No,No,-,No,-,No,-,No,-,Active,-,Include,0,0,Include,14327,NULL,NULL
Demo,75595698,Cisco,-,FVH124378,123457711,Parent,C9120AXI-E,1,C9120AX Internal 802.11ax 4x4:4 MIMO;IOT;BT5;mGig;USB;RHL,,,,No Ship Date Available,00:00.0,4501245478,,C9120AX,WIRELESS,ENT. - WIRELESS,CHASSIS,-,-,-,-,Not Defined,9/16/2032 0:00,DEFAULT GROUP,,1016697150,SOUTHAMPTON - 100 HARBOUR PARADE,100 HARBOUR PARADE,,,SOUTHAMPTON,HAMPSHIRE,SO15 1BA,UNITED KINGDOM,No,206345589,Covered,Active,L1NBD,L1NBD,Vendor,Yes,12/1/2024 0:00,1/30/2027 0:00,30400375,USD,121.9,0,4501605158,121.9,,113848222,2238.28,N/A,N/A,N/A,,-,0,No,No,No,-,No,-,No,-,No,-,Active,-,Include,0,0,Include,14327,NULL,NULL
Demo,75595706,Cisco,-,FVH124379,123457712,Parent,C9120AXI-E,1,C9120AX Internal 802.11ax 4x4:4 MIMO;IOT;BT5;mGig;USB;RHL,,,,No Ship Date Available,00:00.0,4501245478,,C9120AX,WIRELESS,ENT. - WIRELESS,CHASSIS,-,-,-,-,Not Defined,9/16/2032 0:00,DEFAULT GROUP,,1016697150,SOUTHAMPTON - 100 HARBOUR PARADE,100 HARBOUR PARADE,,,SOUTHAMPTON,HAMPSHIRE,SO15 1BA,UNITED KINGDOM,No,206345589,Covered,Active,L1NBD,L1NBD,Vendor,Yes,12/1/2024 0:00,1/30/2027 0:00,30400375,USD,121.9,0,4501605158,121.9,,113848222,2238.28,N/A,N/A,N/A,,-,0,No,No,No,-,No,-,No,-,No,-,Active,-,Include,0,0,Include,14327,NULL,NULL
Demo,75595714,Cisco,-,FVH124380,123457713,Parent,C9120AXI-E,1,C9120AX Internal 802.11ax 4x4:4 MIMO;IOT;BT5;mGig;USB;RHL,,,,No Ship Date Available,00:00.0,4501245478,,C9120AX,WIRELESS,ENT. - WIRELESS,CHASSIS,-,-,-,-,Not Defined,9/16/2032 0:00,DEFAULT GROUP,,1016697150,SOUTHAMPTON - 100 HARBOUR PARADE,100 HARBOUR PARADE,,,SOUTHAMPTON,HAMPSHIRE,SO15 1BA,UNITED KINGDOM,No,206345589,Covered,Active,L1NBD,L1NBD,Vendor,Yes,12/1/2024 0:00,1/30/2027 0:00,30400375,USD,121.9,0,4501605158,121.9,,113848222,2238.28,N/A,N/A,N/A,,-,0,No,No,No,-,No,-,No,-,No,-,Active,-,Include,0,0,Include,14327,NULL,NULL
Demo,75595722,Cisco,-,FVH124381,123457714,Parent,C9120AXI-E,1,C9120AX Internal 802.11ax 4x4:4 MIMO;IOT;BT5;mGig;USB;RHL,,,,No Ship Date Available,00:00.0,4501245478,,C9120AX,WIRELESS,ENT. - WIRELESS,CHASSIS,-,-,-,-,Not Defined,9/16/2032 0:00,DEFAULT GROUP,,1016697150,SOUTHAMPTON - 100 HARBOUR PARADE,100 HARBOUR PARADE,,,SOUTHAMPTON,HAMPSHIRE,SO15 1BA,UNITED KINGDOM,No,206345589,Covered,Active,L1NBD,L1NBD,Vendor,Yes,12/1/2024 0:00,1/30/2027 0:00,30400375,USD,121.9,0,4501605158,121.9,,113848222,2238.28,N/A,N/A,N/A,,-,0,No,No,No,-,No,-,No,-,No,-,Active,-,Include,0,0,Include,14327,NULL,NULL
Demo,75595730,Cisco,-,FVH124382,123457715,Parent,C9120AXI-E,1,C9120AX Internal 802.11ax 4x4:4 MIMO;IOT;BT5;mGig;USB;RHL,,,,No Ship Date Available,00:00.0,4501245478,,C9120AX,WIRELESS,ENT. - WIRELESS,CHASSIS,-,-,-,-,Not Defined,9/16/2032 0:00,DEFAULT GROUP,,1016697150,SOUTHAMPTON - 100 HARBOUR PARADE,100 HARBOUR PARADE,,,SOUTHAMPTON,HAMPSHIRE,SO15 1BA,UNITED KINGDOM,No,206345589,Covered,Active,L1NBD,L1NBD,Vendor,Yes,12/1/2024 0:00,1/30/2027 0:00,30400375,USD,121.9,0,4501605158,121.9,,113848222,2238.28,N/A,N/A,N/A,,-,0,No,No,No,-,No,-,No,-,No,-,Active,-,Include,0,0,Include,14327,NULL,NULL
Demo,75595738,Cisco,-,FVH124383,123457716,Parent,C9120AXI-E,1,C9120AX Internal 802.11ax 4x4:4 MIMO;IOT;BT5;mGig;USB;RHL,,,,No Ship Date Available,00:00.0,4501245478,,C9120AX,WIRELESS,ENT. - WIRELESS,CHASSIS,-,-,-,-,Not Defined,9/16/2032 0:00,DEFAULT GROUP,,1016697150,SOUTHAMPTON - 100 HARBOUR PARADE,100 HARBOUR PARADE,,,SOUTHAMPTON,HAMPSHIRE,SO15 1BA,UNITED KINGDOM,No,206345589,Covered,Active,L1NBD,L1NBD,Vendor,Yes,12/1/2024 0:00,1/30/2027 0:00,30400375,USD,121.9,0,4501605158,121.9,,113848222,2238.28,N/A,N/A,N/A,,-,0,No,No,No,-,No,-,No,-,No,-,Active,-,Include,0,0,Include,14327,NULL,NULL
Demo,75595746,Cisco,-,FVH124384,123457717,Parent,C9120AXI-E,1,C9120AX Internal 802.11ax 4x4:4 MIMO;IOT;BT5;mGig;USB;RHL,,,,No Ship Date Available,00:00.0,4501245478,,C9120AX,WIRELESS,ENT. - WIRELESS,CHASSIS,-,-,-,-,Not Defined,9/16/2032 0:00,DEFAULT GROUP,,1016697150,SOUTHAMPTON - 100 HARBOUR PARADE,100 HARBOUR PARADE,,,SOUTHAMPTON,HAMPSHIRE,SO15 1BA,UNITED KINGDOM,No,206345589,Covered,Active,L1NBD,L1NBD,Vendor,Yes,12/1/2024 0:00,1/30/2027 0:00,30400375,USD,121.9,0,4501605158,121.9,,113848222,2238.28,N/A,N/A,N/A,,-,0,No,No,No,-,No,-,No,-,No,-,Active,-,Include,0,0,Include,14327,NULL,NULL
Demo,75595754,Cisco,-,FVH124385,123457718,Parent,C9120AXI-E,1,C9120AX Internal 802.11ax 4x4:4 MIMO;IOT;BT5;mGig;USB;RHL,,,,No Ship Date Available,00:00.0,4501245478,,C9120AX,WIRELESS,ENT. - WIRELESS,CHASSIS,-,-,-,-,Not Defined,9/16/2032 0:00,DEFAULT GROUP,,1016697150,SOUTHAMPTON - 100 HARBOUR PARADE,100 HARBOUR PARADE,,,SOUTHAMPTON,HAMPSHIRE,SO15 1BA,UNITED KINGDOM,No,206345589,Covered,Active,L1NBD,L1NBD,Vendor,Yes,12/1/2024 0:00,1/30/2027 0:00,30400375,USD,121.9,0,4501605158,121.9,,113848222,2238.28,N/A,N/A,N/A,,-,0,No,No,No,-,No,-,No,-,No,-,Active,-,Include,0,0,Include,14327,NULL,NULL
Demo,75595762,Cisco,-,FVH124386,123457719,Parent,C9120AXI-E,1,C9120AX Internal 802.11ax 4x4:4 MIMO;IOT;BT5;mGig;USB;RHL,,,,No Ship Date Available,00:00.0,4501245478,,C9120AX,WIRELESS,ENT. - WIRELESS,CHASSIS,-,-,-,-,Not Defined,9/16/2032 0:00,DEFAULT GROUP,,1016697150,SOUTHAMPTON - 100 HARBOUR PARADE,100 HARBOUR PARADE,,,SOUTHAMPTON,HAMPSHIRE,SO15 1BA,UNITED KINGDOM,No,206345589,Covered,Active,L1NBD,L1NBD,Vendor,Yes,12/1/2024 0:00,1/30/2027 0:00,30400375,USD,121.9,0,4501605158,121.9,,113848222,2238.28,N/A,N/A,N/A,,-,0,No,No,No,-,No,-,No,-,No,-,Active,-,Include,0,0,Include,14327,NULL,NULL
Demo,75595770,Cisco,-,FVH124387,123457720,Parent,C9120AXI-E,1,C9120AX Internal 802.11ax 4x4:4 MIMO;IOT;BT5;mGig;USB;RHL,,,,No Ship Date Available,00:00.0,4501245478,,C9120AX,WIRELESS,ENT. - WIRELESS,CHASSIS,-,-,-,-,Not Defined,9/16/2032 0:00,DEFAULT GROUP,,1016697150,SOUTHAMPTON - 100 HARBOUR PARADE,100 HARBOUR PARADE,,,SOUTHAMPTON,HAMPSHIRE,SO15 1BA,UNITED KINGDOM,No,206345589,Covered,Active,L1NBD,L1NBD,Vendor,Yes,12/1/2024 0:00,1/30/2027 0:00,30400375,USD,121.9,0,4501605158,121.9,,113848222,2238.28,N/A,N/A,N/A,,-,0,No,No,No,-,No,-,No,-,No,-,Active,-,Include,0,0,Include,14327,NULL,NULL
Demo,75595778,Cisco,-,FVH124388,123457721,Parent,C9120AXI-E,1,C9120AX Internal 802.11ax 4x4:4 MIMO;IOT;BT5;mGig;USB;RHL,,,,No Ship Date Available,00:00.0,4501245478,,C9120AX,WIRELESS,ENT. - WIRELESS,CHASSIS,-,-,-,-,Not Defined,9/16/2032 0:00,DEFAULT GROUP,,1016697150,SOUTHAMPTON - 100 HARBOUR PARADE,100 HARBOUR PARADE,,,SOUTHAMPTON,HAMPSHIRE,SO15 1BA,UNITED KINGDOM,No,206345589,Covered,Active,L1NBD,L1NBD,Vendor,Yes,12/1/2024 0:00,1/30/2027 0:00,30400375,USD,121.9,0,4501605158,121.9,,113848222,2238.28,N/A,N/A,N/A,,-,0,No,No,No,-,No,-,No,-,No,-,Active,-,Include,0,0,Include,14327,NULL,NULL
Demo,75595786,Cisco,-,FVH124389,123457722,Parent,C9120AXI-E,1,C9120AX Internal 802.11ax 4x4:4 MIMO;IOT;BT5;mGig;USB;RHL,,,,No Ship Date Available,00:00.0,4501245478,,C9120AX,WIRELESS,ENT. - WIRELESS,CHASSIS,-,-,-,-,Not Defined,10/5/2032 0:00,DEFAULT GROUP,,1016697150,SOUTHAMPTON - 100 HARBOUR PARADE,100 HARBOUR PARADE,,,SOUTHAMPTON,HAMPSHIRE,SO15 1BA,UNITED KINGDOM,No,206345589,Covered,Active,L1NBD,L1NBD,Vendor,Yes,12/1/2024 0:00,1/30/2027 0:00,30400375,USD,121.9,0,4501605158,121.9,,113848222,2238.28,N/A,N/A,N/A,,-,0,No,No,No,-,No,-,No,-,No,-,Active,-,Include,0,0,Include,14327,NULL,NULL
Demo,75595794,Cisco,-,FVH124390,123457723,Parent,C9120AXI-E,1,C9120AX Internal 802.11ax 4x4:4 MIMO;IOT;BT5;mGig;USB;RHL,,,,No Ship Date Available,00:00.0,4501245478,,C9120AX,WIRELESS,ENT. - WIRELESS,CHASSIS,-,-,-,-,Not Defined,10/5/2032 0:00,DEFAULT GROUP,,1016697150,SOUTHAMPTON - 100 HARBOUR PARADE,100 HARBOUR PARADE,,,SOUTHAMPTON,HAMPSHIRE,SO15 1BA,UNITED KINGDOM,No,206345589,Covered,Active,L1NBD,L1NBD,Vendor,Yes,12/1/2024 0:00,1/30/2027 0:00,30400375,USD,121.9,0,4501605158,121.9,,113848222,2238.28,N/A,N/A,N/A,,-,0,No,No,No,-,No,-,No,-,No,-,Active,-,Include,0,0,Include,14327,NULL,NULL
Demo,75595802,Cisco,-,FVH124391,123457724,Parent,C9120AXI-E,1,C9120AX Internal 802.11ax 4x4:4 MIMO;IOT;BT5;mGig;USB;RHL,,,,No Ship Date Available,00:00.0,4501245478,,C9120AX,WIRELESS,ENT. - WIRELESS,CHASSIS,-,-,-,-,Not Defined,10/5/2032 0:00,DEFAULT GROUP,,1016697150,SOUTHAMPTON - 100 HARBOUR PARADE,100 HARBOUR PARADE,,,SOUTHAMPTON,HAMPSHIRE,SO15 1BA,UNITED KINGDOM,No,206345589,Covered,Active,L1NBD,L1NBD,Vendor,Yes,12/1/2024 0:00,1/30/2027 0:00,30400375,USD,121.9,0,4501605158,121.9,,113848222,2238.28,N/A,N/A,N/A,,-,0,No,No,No,-,No,-,No,-,No,-,Active,-,Include,0,0,Include,14327,NULL,NULL
Demo,75595810,Cisco,-,FVH124392,123457725,Parent,C9120AXI-E,1,C9120AX Internal 802.11ax 4x4:4 MIMO;IOT;BT5;mGig;USB;RHL,,,,No Ship Date Available,00:00.0,4501245478,,C9120AX,WIRELESS,ENT. - WIRELESS,CHASSIS,-,-,-,-,Not Defined,10/5/2032 0:00,DEFAULT GROUP,,1016697150,SOUTHAMPTON - 100 HARBOUR PARADE,100 HARBOUR PARADE,,,SOUTHAMPTON,HAMPSHIRE,SO15 1BA,UNITED KINGDOM,No,206345589,Covered,Active,L1NBD,L1NBD,Vendor,Yes,12/1/2024 0:00,1/30/2027 0:00,30400375,USD,121.9,0,4501605158,121.9,,113848222,2238.28,N/A,N/A,N/A,,-,0,No,No,No,-,No,-,No,-,No,-,Active,-,Include,0,0,Include,14327,NULL,NULL
Demo,75595818,Cisco,-,FVH124393,123457726,Parent,C9120AXI-E,1,C9120AX Internal 802.11ax 4x4:4 MIMO;IOT;BT5;mGig;USB;RHL,,,,No Ship Date Available,00:00.0,4501245478,,C9120AX,WIRELESS,ENT. - WIRELESS,CHASSIS,-,-,-,-,Not Defined,10/5/2032 0:00,DEFAULT GROUP,,1016697150,SOUTHAMPTON - 100 HARBOUR PARADE,100 HARBOUR PARADE,,,SOUTHAMPTON,HAMPSHIRE,SO15 1BA,UNITED KINGDOM,No,206345589,Covered,Active,L1NBD,L1NBD,Vendor,Yes,12/1/2024 0:00,1/30/2027 0:00,30400375,USD,121.9,0,4501605158,121.9,,113848222,2238.28,N/A,N/A,N/A,,-,0,No,No,No,-,No,-,No,-,No,-,Active,-,Include,0,0,Include,14327,NULL,NULL
Demo,75595826,Cisco,-,FVH124394,123457727,Parent,C9120AXI-E,1,C9120AX Internal 802.11ax 4x4:4 MIMO;IOT;BT5;mGig;USB;RHL,,,,No Ship Date Available,00:00.0,4501245478,,C9120AX,WIRELESS,ENT. - WIRELESS,CHASSIS,-,-,-,-,Not Defined,10/5/2032 0:00,DEFAULT GROUP,,1016697150,SOUTHAMPTON - 100 HARBOUR PARADE,100 HARBOUR PARADE,,,SOUTHAMPTON,HAMPSHIRE,SO15 1BA,UNITED KINGDOM,No,206345589,Covered,Active,L1NBD,L1NBD,Vendor,Yes,12/1/2024 0:00,1/30/2027 0:00,30400375,USD,121.9,0,4501605158,121.9,,113848222,2238.28,N/A,N/A,N/A,,-,0,No,No,No,-,No,-,No,-,No,-,Active,-,Include,0,0,Include,14327,NULL,NULL
Demo,75595834,Cisco,-,FVH124395,123457728,Parent,C9410R-96U-BNDL-A,1,"Catalyst 9400 Series 10 slot,1xSup, 2xLC, DNA-A LIC",,,,No Ship Date Available,00:00.0,4501099794,,C9400,ENTERPRISE SWITCHING,ENT. SWITCHING - ACCESS,CHASSIS,-,-,-,-,Not Defined,8/11/2031 0:00,DEFAULT GROUP,AIDA CRUISES,2001479781,ROSTOCK - AM STRANDE 3,AM STRANDE 3,,,ROSTOCK,,18055,GERMANY,No,200300338,Covered,Active,PSRT,PRTNR SS 8X5XNBD,Vendor,Yes,5/1/2021 0:00,4/30/2026 0:00,,USD,1502.98,0,4501099794,3747.85,,112272978,38679.41,N/A,N/A,N/A,,-,0,No,No,No,-,No,-,No,-,No,-,Active,-,Include,0,0,Include,14327,NULL,NULL
Demo,75595857,Cisco,-,FVH124396,123457729,Parent,C9410R-96U-BNDL-A,1,"Catalyst 9400 Series 10 slot,1xSup, 2xLC, DNA-A LIC",,,,No Ship Date Available,00:00.0,4501099794,,C9400,ENTERPRISE SWITCHING,ENT. SWITCHING - ACCESS,CHASSIS,-,-,-,-,Not Defined,8/11/2031 0:00,DEFAULT GROUP,AIDA CRUISES,2001479781,ROSTOCK - AM STRANDE 3,AM STRANDE 3,,,ROSTOCK,,18055,GERMANY,No,200300338,Covered,Active,PSRT,PRTNR SS 8X5XNBD,Vendor,Yes,5/1/2021 0:00,4/30/2026 0:00,,USD,1502.98,0,4501099794,3747.85,,112272978,38679.41,N/A,N/A,N/A,,-,0,No,No,No,-,No,-,No,-,No,-,Active,-,Include,0,0,Include,14327,NULL,NULL
Demo,75595906,Cisco,-,FVH124397,123457730,Parent,C9120AXI-E,1,C9120AX Internal 802.11ax 4x4:4 MIMO;IOT;BT5;mGig;USB;RHL,,,,No Ship Date Available,00:00.0,4501245478,,C9120AX,WIRELESS,ENT. - WIRELESS,CHASSIS,-,-,-,-,Not Defined,9/16/2032 0:00,DEFAULT GROUP,,1016697150,SOUTHAMPTON - 100 HARBOUR PARADE,100 HARBOUR PARADE,,,SOUTHAMPTON,HAMPSHIRE,SO15 1BA,UNITED KINGDOM,No,206345589,Covered,Active,L1NBD,L1NBD,Vendor,Yes,12/1/2024 0:00,1/30/2027 0:00,30400375,USD,121.9,0,4501605158,121.9,,113848222,2238.28,N/A,N/A,N/A,,-,0,No,No,No,-,No,-,No,-,No,-,Active,-,Include,0,0,Include,14327,NULL,NULL
Demo,75595914,Cisco,-,FVH124398,123457731,Parent,C9120AXI-E,1,C9120AX Internal 802.11ax 4x4:4 MIMO;IOT;BT5;mGig;USB;RHL,,,,No Ship Date Available,00:00.0,4501245478,,C9120AX,WIRELESS,ENT. - WIRELESS,CHASSIS,-,-,-,-,Not Defined,9/16/2032 0:00,DEFAULT GROUP,,1016697150,SOUTHAMPTON - 100 HARBOUR PARADE,100 HARBOUR PARADE,,,SOUTHAMPTON,HAMPSHIRE,SO15 1BA,UNITED KINGDOM,No,206345589,Covered,Active,L1NBD,L1NBD,Vendor,Yes,12/1/2024 0:00,1/30/2027 0:00,30400375,USD,121.9,0,4501605158,121.9,,113848222,2238.28,N/A,N/A,N/A,,-,0,No,No,No,-,No,-,No,-,No,-,Active,-,Include,0,0,Include,14327,NULL,NULL
Demo,75595922,Cisco,-,FVH124399,123457732,Parent,C9120AXI-E,1,C9120AX Internal 802.11ax 4x4:4 MIMO;IOT;BT5;mGig;USB;RHL,,,,No Ship Date Available,00:00.0,4501245478,,C9120AX,WIRELESS,ENT. - WIRELESS,CHASSIS,-,-,-,-,Not Defined,9/16/2032 0:00,DEFAULT GROUP,,1016697150,SOUTHAMPTON - 100 HARBOUR PARADE,100 HARBOUR PARADE,,,SOUTHAMPTON,HAMPSHIRE,SO15 1BA,UNITED KINGDOM,No,206345589,Covered,Active,L1NBD,L1NBD,Vendor,Yes,12/1/2024 0:00,1/30/2027 0:00,30400375,USD,121.9,0,4501605158,121.9,,113848222,2238.28,N/A,N/A,N/A,,-,0,No,No,No,-,No,-,No,-,No,-,Active,-,Include,0,0,Include,14327,NULL,NULL
Demo,75595930,Cisco,-,FVH124400,123457733,Parent,C9120AXI-E,1,C9120AX Internal 802.11ax 4x4:4 MIMO;IOT;BT5;mGig;USB;RHL,,,,No Ship Date Available,00:00.0,4501245478,,C9120AX,WIRELESS,ENT. - WIRELESS,CHASSIS,-,-,-,-,Not Defined,9/16/2032 0:00,DEFAULT GROUP,,1016697150,SOUTHAMPTON - 100 HARBOUR PARADE,100 HARBOUR PARADE,,,SOUTHAMPTON,HAMPSHIRE,SO15 1BA,UNITED KINGDOM,No,206345589,Covered,Active,L1NBD,L1NBD,Vendor,Yes,12/1/2024 0:00,1/30/2027 0:00,30400375,USD,121.9,0,4501605158,121.9,,113848222,2238.28,N/A,N/A,N/A,,-,0,No,No,No,-,No,-,No,-,No,-,Active,-,Include,0,0,Include,14327,NULL,NULL
Demo,75595938,Cisco,-,FVH124401,123457734,Parent,C9120AXI-E,1,C9120AX Internal 802.11ax 4x4:4 MIMO;IOT;BT5;mGig;USB;RHL,,,,No Ship Date Available,00:00.0,4501245478,,C9120AX,WIRELESS,ENT. - WIRELESS,CHASSIS,-,-,-,-,Not Defined,9/16/2032 0:00,DEFAULT GROUP,,1016697150,SOUTHAMPTON - 100 HARBOUR PARADE,100 HARBOUR PARADE,,,SOUTHAMPTON,HAMPSHIRE,SO15 1BA,UNITED KINGDOM,No,206345589,Covered,Active,L1NBD,L1NBD,Vendor,Yes,12/1/2024 0:00,1/30/2027 0:00,30400375,USD,121.9,0,4501605158,121.9,,113848222,2238.28,N/A,N/A,N/A,,-,0,No,No,No,-,No,-,No,-,No,-,Active,-,Include,0,0,Include,14327,NULL,NULL
Demo,75595946,Cisco,-,FVH124402,123457735,Parent,C9120AXI-E,1,C9120AX Internal 802.11ax 4x4:4 MIMO;IOT;BT5;mGig;USB;RHL,,,,No Ship Date Available,00:00.0,4501245478,,C9120AX,WIRELESS,ENT. - WIRELESS,CHASSIS,-,-,-,-,Not Defined,9/16/2032 0:00,DEFAULT GROUP,,1016697150,SOUTHAMPTON - 100 HARBOUR PARADE,100 HARBOUR PARADE,,,SOUTHAMPTON,HAMPSHIRE,SO15 1BA,UNITED KINGDOM,No,206345589,Covered,Active,L1NBD,L1NBD,Vendor,Yes,12/1/2024 0:00,1/30/2027 0:00,30400375,USD,121.9,0,4501605158,121.9,,113848222,2238.28,N/A,N/A,N/A,,-,0,No,No,No,-,No,-,No,-,No,-,Active,-,Include,0,0,Include,14327,NULL,NULL
Demo,75595954,Cisco,-,FVH124403,123457736,Parent,C9120AXI-E,1,C9120AX Internal 802.11ax 4x4:4 MIMO;IOT;BT5;mGig;USB;RHL,,,,No Ship Date Available,00:00.0,4501245478,,C9120AX,WIRELESS,ENT. - WIRELESS,CHASSIS,-,-,-,-,Not Defined,9/16/2032 0:00,DEFAULT GROUP,,1016697150,SOUTHAMPTON - 100 HARBOUR PARADE,100 HARBOUR PARADE,,,SOUTHAMPTON,HAMPSHIRE,SO15 1BA,UNITED KINGDOM,No,206345589,Covered,Active,L1NBD,L1NBD,Vendor,Yes,12/1/2024 0:00,1/30/2027 0:00,30400375,USD,121.9,0,4501605158,121.9,,113848222,2238.28,N/A,N/A,N/A,,-,0,No,No,No,-,No,-,No,-,No,-,Active,-,Include,0,0,Include,14327,NULL,NULL
Demo,75595962,Cisco,-,FVH124404,123457737,Parent,C9120AXI-E,1,C9120AX Internal 802.11ax 4x4:4 MIMO;IOT;BT5;mGig;USB;RHL,,,,No Ship Date Available,00:00.0,4501245478,,C9120AX,WIRELESS,ENT. - WIRELESS,CHASSIS,-,-,-,-,Not Defined,9/16/2032 0:00,DEFAULT GROUP,,1016697150,SOUTHAMPTON - 100 HARBOUR PARADE,100 HARBOUR PARADE,,,SOUTHAMPTON,HAMPSHIRE,SO15 1BA,UNITED KINGDOM,No,206345589,Covered,Active,L1NBD,L1NBD,Vendor,Yes,12/1/2024 0:00,1/30/2027 0:00,30400375,USD,121.9,0,4501605158,121.9,,113848222,2238.28,N/A,N/A,N/A,,-,0,No,No,No,-,No,-,No,-,No,-,Active,-,Include,0,0,Include,14327,NULL,NULL
Demo,75595970,Cisco,-,FVH124405,123457738,Parent,C9120AXI-E,1,C9120AX Internal 802.11ax 4x4:4 MIMO;IOT;BT5;mGig;USB;RHL,,,,No Ship Date Available,00:00.0,4501245478,,C9120AX,WIRELESS,ENT. - WIRELESS,CHASSIS,-,-,-,-,Not Defined,9/16/2032 0:00,DEFAULT GROUP,,1016697150,SOUTHAMPTON - 100 HARBOUR PARADE,100 HARBOUR PARADE,,,SOUTHAMPTON,HAMPSHIRE,SO15 1BA,UNITED KINGDOM,No,206345589,Covered,Active,L1NBD,L1NBD,Vendor,Yes,12/1/2024 0:00,1/30/2027 0:00,30400375,USD,121.9,0,4501605158,121.9,,113848222,2238.28,N/A,N/A,N/A,,-,0,No,No,No,-,No,-,No,-,No,-,Active,-,Include,0,0,Include,14327,NULL,NULL
Demo,75595978,Cisco,-,FVH124406,123457739,Parent,C9120AXI-E,1,C9120AX Internal 802.11ax 4x4:4 MIMO;IOT;BT5;mGig;USB;RHL,,,,No Ship Date Available,00:00.0,4501245478,,C9120AX,WIRELESS,ENT. - WIRELESS,CHASSIS,-,-,-,-,Not Defined,9/16/2032 0:00,DEFAULT GROUP,,1016697150,SOUTHAMPTON - 100 HARBOUR PARADE,100 HARBOUR PARADE,,,SOUTHAMPTON,HAMPSHIRE,SO15 1BA,UNITED KINGDOM,No,206345589,Covered,Active,L1NBD,L1NBD,Vendor,Yes,12/1/2024 0:00,1/30/2027 0:00,30400375,USD,121.9,0,4501605158,121.9,,113848222,2238.28,N/A,N/A,N/A,,-,0,No,No,No,-,No,-,No,-,No,-,Active,-,Include,0,0,Include,14327,NULL,NULL
Demo,75595986,Cisco,-,FVH124407,123457740,Parent,C9120AXI-E,1,C9120AX Internal 802.11ax 4x4:4 MIMO;IOT;BT5;mGig;USB;RHL,,,,No Ship Date Available,00:00.0,4501245478,,C9120AX,WIRELESS,ENT. - WIRELESS,CHASSIS,-,-,-,-,Not Defined,9/16/2032 0:00,DEFAULT GROUP,,1016697150,SOUTHAMPTON - 100 HARBOUR PARADE,100 HARBOUR PARADE,,,SOUTHAMPTON,HAMPSHIRE,SO15 1BA,UNITED KINGDOM,No,206345589,Covered,Active,L1NBD,L1NBD,Vendor,Yes,12/1/2024 0:00,1/30/2027 0:00,30400375,USD,121.9,0,4501605158,121.9,,113848222,2238.28,N/A,N/A,N/A,,-,0,No,No,No,-,No,-,No,-,No,-,Active,-,Include,0,0,Include,14327,NULL,NULL
Demo,75595994,Cisco,-,FVH124408,123457741,Parent,C9120AXI-E,1,C9120AX Internal 802.11ax 4x4:4 MIMO;IOT;BT5;mGig;USB;RHL,,,,No Ship Date Available,00:00.0,4501245478,,C9120AX,WIRELESS,ENT. - WIRELESS,CHASSIS,-,-,-,-,Not Defined,9/16/2032 0:00,DEFAULT GROUP,,1016697150,SOUTHAMPTON - 100 HARBOUR PARADE,100 HARBOUR PARADE,,,SOUTHAMPTON,HAMPSHIRE,SO15 1BA,UNITED KINGDOM,No,206345589,Covered,Active,L1NBD,L1NBD,Vendor,Yes,12/1/2024 0:00,1/30/2027 0:00,30400375,USD,121.9,0,4501605158,121.9,,113848222,2238.28,N/A,N/A,N/A,,-,0,No,No,No,-,No,-,No,-,No,-,Active,-,Include,0,0,Include,14327,NULL,NULL
Demo,75596002,Cisco,-,FVH124409,123457742,Parent,C9120AXI-E,1,C9120AX Internal 802.11ax 4x4:4 MIMO;IOT;BT5;mGig;USB;RHL,,,,No Ship Date Available,00:00.0,4501245478,,C9120AX,WIRELESS,ENT. - WIRELESS,CHASSIS,-,-,-,-,Not Defined,9/16/2032 0:00,DEFAULT GROUP,,1016697150,SOUTHAMPTON - 100 HARBOUR PARADE,100 HARBOUR PARADE,,,SOUTHAMPTON,HAMPSHIRE,SO15 1BA,UNITED KINGDOM,No,206345589,Covered,Active,L1NBD,L1NBD,Vendor,Yes,12/1/2024 0:00,1/30/2027 0:00,30400375,USD,121.9,0,4501605158,121.9,,113848222,2238.28,N/A,N/A,N/A,,-,0,No,No,No,-,No,-,No,-,No,-,Active,-,Include,0,0,Include,14327,NULL,NULL
Demo,75596010,Cisco,-,FVH124410,123457743,Parent,C9120AXI-E,1,C9120AX Internal 802.11ax 4x4:4 MIMO;IOT;BT5;mGig;USB;RHL,,,,No Ship Date Available,00:00.0,4501245478,,C9120AX,WIRELESS,ENT. - WIRELESS,CHASSIS,-,-,-,-,Not Defined,9/16/2032 0:00,DEFAULT GROUP,,1016697150,SOUTHAMPTON - 100 HARBOUR PARADE,100 HARBOUR PARADE,,,SOUTHAMPTON,HAMPSHIRE,SO15 1BA,UNITED KINGDOM,No,206345589,Covered,Active,L1NBD,L1NBD,Vendor,Yes,12/1/2024 0:00,1/30/2027 0:00,30400375,USD,121.9,0,4501605158,121.9,,113848222,2238.28,N/A,N/A,N/A,,-,0,No,No,No,-,No,-,No,-,No,-,Active,-,Include,0,0,Include,14327,NULL,NULL
Demo,75596018,Cisco,-,FVH124411,123457744,Parent,C9120AXI-E,1,C9120AX Internal 802.11ax 4x4:4 MIMO;IOT;BT5;mGig;USB;RHL,,,,No Ship Date Available,00:00.0,4501245478,,C9120AX,WIRELESS,ENT. - WIRELESS,CHASSIS,-,-,-,-,Not Defined,10/5/2032 0:00,DEFAULT GROUP,,1016697150,SOUTHAMPTON - 100 HARBOUR PARADE,100 HARBOUR PARADE,,,SOUTHAMPTON,HAMPSHIRE,SO15 1BA,UNITED KINGDOM,No,206345589,Covered,Active,L1NBD,L1NBD,Vendor,Yes,12/1/2024 0:00,1/30/2027 0:00,30400375,USD,121.9,0,4501605158,121.9,,113848222,2238.28,N/A,N/A,N/A,,-,0,No,No,No,-,No,-,No,-,No,-,Active,-,Include,0,0,Include,14327,NULL,NULL
Demo,75596026,Cisco,-,FVH124412,123457745,Parent,C9120AXI-E,1,C9120AX Internal 802.11ax 4x4:4 MIMO;IOT;BT5;mGig;USB;RHL,,,,No Ship Date Available,00:00.0,4501245478,,C9120AX,WIRELESS,ENT. - WIRELESS,CHASSIS,-,-,-,-,Not Defined,10/5/2032 0:00,DEFAULT GROUP,,1016697150,SOUTHAMPTON - 100 HARBOUR PARADE,100 HARBOUR PARADE,,,SOUTHAMPTON,HAMPSHIRE,SO15 1BA,UNITED KINGDOM,No,206345589,Covered,Active,L1NBD,L1NBD,Vendor,Yes,12/1/2024 0:00,1/30/2027 0:00,30400375,USD,121.9,0,4501605158,121.9,,113848222,2238.28,N/A,N/A,N/A,,-,0,No,No,No,-,No,-,No,-,No,-,Active,-,Include,0,0,Include,14327,NULL,NULL
Demo,75596034,Cisco,-,FVH124413,123457746,Parent,C9120AXI-E,1,C9120AX Internal 802.11ax 4x4:4 MIMO;IOT;BT5;mGig;USB;RHL,,,,No Ship Date Available,00:00.0,4501245478,,C9120AX,WIRELESS,ENT. - WIRELESS,CHASSIS,-,-,-,-,Not Defined,10/5/2032 0:00,DEFAULT GROUP,,1016697150,SOUTHAMPTON - 100 HARBOUR PARADE,100 HARBOUR PARADE,,,SOUTHAMPTON,HAMPSHIRE,SO15 1BA,UNITED KINGDOM,No,206345589,Covered,Active,L1NBD,L1NBD,Vendor,Yes,12/1/2024 0:00,1/30/2027 0:00,30400375,USD,121.9,0,4501605158,121.9,,113848222,2238.28,N/A,N/A,N/A,,-,0,No,No,No,-,No,-,No,-,No,-,Active,-,Include,0,0,Include,14327,NULL,NULL
Demo,75596042,Cisco,-,FVH124414,123457747,Parent,C9120AXI-E,1,C9120AX Internal 802.11ax 4x4:4 MIMO;IOT;BT5;mGig;USB;RHL,,,,No Ship Date Available,00:00.0,4501245478,,C9120AX,WIRELESS,ENT. - WIRELESS,CHASSIS,-,-,-,-,Not Defined,10/5/2032 0:00,DEFAULT GROUP,,1016697150,SOUTHAMPTON - 100 HARBOUR PARADE,100 HARBOUR PARADE,,,SOUTHAMPTON,HAMPSHIRE,SO15 1BA,UNITED KINGDOM,No,206345589,Covered,Active,L1NBD,L1NBD,Vendor,Yes,12/1/2024 0:00,1/30/2027 0:00,30400375,USD,121.9,0,4501605158,121.9,,113848222,2238.28,N/A,N/A,N/A,,-,0,No,No,No,-,No,-,No,-,No,-,Active,-,Include,0,0,Include,14327,NULL,NULL
Demo,75596050,Cisco,-,FVH124415,123457748,Parent,C9120AXI-E,1,C9120AX Internal 802.11ax 4x4:4 MIMO;IOT;BT5;mGig;USB;RHL,,,,No Ship Date Available,00:00.0,4501245478,,C9120AX,WIRELESS,ENT. - WIRELESS,CHASSIS,-,-,-,-,Not Defined,10/5/2032 0:00,DEFAULT GROUP,,1016697150,SOUTHAMPTON - 100 HARBOUR PARADE,100 HARBOUR PARADE,,,SOUTHAMPTON,HAMPSHIRE,SO15 1BA,UNITED KINGDOM,No,206345589,Covered,Active,L1NBD,L1NBD,Vendor,Yes,12/1/2024 0:00,1/30/2027 0:00,30400375,USD,121.9,0,4501605158,121.9,,113848222,2238.28,N/A,N/A,N/A,,-,0,No,No,No,-,No,-,No,-,No,-,Active,-,Include,0,0,Include,14327,NULL,NULL
Demo,75596058,Cisco,-,FVH124416,123457749,Parent,C9120AXI-E,1,C9120AX Internal 802.11ax 4x4:4 MIMO;IOT;BT5;mGig;USB;RHL,,,,No Ship Date Available,00:00.0,4501245478,,C9120AX,WIRELESS,ENT. - WIRELESS,CHASSIS,-,-,-,-,Not Defined,10/5/2032 0:00,DEFAULT GROUP,,1016697150,SOUTHAMPTON - 100 HARBOUR PARADE,100 HARBOUR PARADE,,,SOUTHAMPTON,HAMPSHIRE,SO15 1BA,UNITED KINGDOM,No,206345589,Covered,Active,L1NBD,L1NBD,Vendor,Yes,12/1/2024 0:00,1/30/2027 0:00,30400375,USD,121.9,0,4501605158,121.9,,113848222,2238.28,N/A,N/A,N/A,,-,0,No,No,No,-,No,-,No,-,No,-,Active,-,Include,0,0,Include,14327,NULL,NULL
Demo,75596066,Cisco,-,FVH124417,123457750,Parent,C9120AXI-E,1,C9120AX Internal 802.11ax 4x4:4 MIMO;IOT;BT5;mGig;USB;RHL,,,,No Ship Date Available,00:00.0,4501245478,,C9120AX,WIRELESS,ENT. - WIRELESS,CHASSIS,-,-,-,-,Not Defined,10/5/2032 0:00,DEFAULT GROUP,,1016697150,SOUTHAMPTON - 100 HARBOUR PARADE,100 HARBOUR PARADE,,,SOUTHAMPTON,HAMPSHIRE,SO15 1BA,UNITED KINGDOM,No,206345589,Covered,Active,L1NBD,L1NBD,Vendor,Yes,12/1/2024 0:00,1/30/2027 0:00,30400375,USD,121.9,0,4501605158,121.9,,113848222,2238.28,N/A,N/A,N/A,,-,0,No,No,No,-,No,-,No,-,No,-,Active,-,Include,0,0,Include,14327,NULL,NULL
Demo,75596074,Cisco,-,FVH124418,123457751,Parent,C9120AXI-E,1,C9120AX Internal 802.11ax 4x4:4 MIMO;IOT;BT5;mGig;USB;RHL,,,,No Ship Date Available,00:00.0,4501245478,,C9120AX,WIRELESS,ENT. - WIRELESS,CHASSIS,-,-,-,-,Not Defined,10/5/2032 0:00,DEFAULT GROUP,,1016697150,SOUTHAMPTON - 100 HARBOUR PARADE,100 HARBOUR PARADE,,,SOUTHAMPTON,HAMPSHIRE,SO15 1BA,UNITED KINGDOM,No,206345589,Covered,Active,L1NBD,L1NBD,Vendor,Yes,12/1/2024 0:00,1/30/2027 0:00,30400375,USD,121.9,0,4501605158,121.9,,113848222,2238.28,N/A,N/A,N/A,,-,0,No,No,No,-,No,-,No,-,No,-,Active,-,Include,0,0,Include,14327,NULL,NULL
Demo,75596082,Cisco,-,FVH124419,123457752,Parent,C9120AXI-E,1,C9120AX Internal 802.11ax 4x4:4 MIMO;IOT;BT5;mGig;USB;RHL,,,,No Ship Date Available,00:00.0,4501245478,,C9120AX,WIRELESS,ENT. - WIRELESS,CHASSIS,-,-,-,-,Not Defined,10/5/2032 0:00,DEFAULT GROUP,,1016697150,SOUTHAMPTON - 100 HARBOUR PARADE,100 HARBOUR PARADE,,,SOUTHAMPTON,HAMPSHIRE,SO15 1BA,UNITED KINGDOM,No,206345589,Covered,Active,L1NBD,L1NBD,Vendor,Yes,12/1/2024 0:00,1/30/2027 0:00,30400375,USD,121.9,0,4501605158,121.9,,113848222,2238.28,N/A,N/A,N/A,,-,0,No,No,No,-,No,-,No,-,No,-,Active,-,Include,0,0,Include,14327,NULL,NULL
Demo,75596090,Cisco,-,FVH124420,123457753,Parent,C9120AXI-E,1,C9120AX Internal 802.11ax 4x4:4 MIMO;IOT;BT5;mGig;USB;RHL,,,,No Ship Date Available,00:00.0,4501245478,,C9120AX,WIRELESS,ENT. - WIRELESS,CHASSIS,-,-,-,-,Not Defined,10/5/2032 0:00,DEFAULT GROUP,,1016697150,SOUTHAMPTON - 100 HARBOUR PARADE,100 HARBOUR PARADE,,,SOUTHAMPTON,HAMPSHIRE,SO15 1BA,UNITED KINGDOM,No,206345589,Covered,Active,L1NBD,L1NBD,Vendor,Yes,12/1/2024 0:00,1/30/2027 0:00,30400375,USD,121.9,0,4501605158,121.9,,113848222,2238.28,N/A,N/A,N/A,,-,0,No,No,No,-,No,-,No,-,No,-,Active,-,Include,0,0,Include,14327,NULL,NULL
Demo,75596253,Cisco,-,FVH124421,123457754,Parent,C9120AXI-E,1,C9120AX Internal 802.11ax 4x4:4 MIMO;IOT;BT5;mGig;USB;RHL,,,,No Ship Date Available,00:00.0,4501245478,,C9120AX,WIRELESS,ENT. - WIRELESS,CHASSIS,-,-,-,-,Not Defined,9/16/2032 0:00,DEFAULT GROUP,,1016697150,SOUTHAMPTON - 100 HARBOUR PARADE,100 HARBOUR PARADE,,,SOUTHAMPTON,HAMPSHIRE,SO15 1BA,UNITED KINGDOM,No,206345589,Covered,Active,L1NBD,L1NBD,Vendor,Yes,12/1/2024 0:00,1/30/2027 0:00,30400375,USD,121.9,0,4501605158,121.9,,113848222,2238.28,N/A,N/A,N/A,,-,0,No,No,No,-,No,-,No,-,No,-,Active,-,Include,0,0,Include,14327,NULL,NULL
Demo,75596261,Cisco,-,FVH124422,123457755,Parent,C9120AXI-E,1,C9120AX Internal 802.11ax 4x4:4 MIMO;IOT;BT5;mGig;USB;RHL,,,,No Ship Date Available,00:00.0,4501245478,,C9120AX,WIRELESS,ENT. - WIRELESS,CHASSIS,-,-,-,-,Not Defined,9/16/2032 0:00,DEFAULT GROUP,,1016697150,SOUTHAMPTON - 100 HARBOUR PARADE,100 HARBOUR PARADE,,,SOUTHAMPTON,HAMPSHIRE,SO15 1BA,UNITED KINGDOM,No,206345589,Covered,Active,L1NBD,L1NBD,Vendor,Yes,12/1/2024 0:00,1/30/2027 0:00,30400375,USD,121.9,0,4501605158,121.9,,113848222,2238.28,N/A,N/A,N/A,,-,0,No,No,No,-,No,-,No,-,No,-,Active,-,Include,0,0,Include,14327,NULL,NULL
Demo,75596269,Cisco,-,FVH124423,123457756,Parent,C9120AXI-E,1,C9120AX Internal 802.11ax 4x4:4 MIMO;IOT;BT5;mGig;USB;RHL,,,,No Ship Date Available,00:00.0,4501245478,,C9120AX,WIRELESS,ENT. - WIRELESS,CHASSIS,-,-,-,-,Not Defined,9/16/2032 0:00,DEFAULT GROUP,,1016697150,SOUTHAMPTON - 100 HARBOUR PARADE,100 HARBOUR PARADE,,,SOUTHAMPTON,HAMPSHIRE,SO15 1BA,UNITED KINGDOM,No,206345589,Covered,Active,L1NBD,L1NBD,Vendor,Yes,12/1/2024 0:00,1/30/2027 0:00,30400375,USD,121.9,0,4501605158,121.9,,113848222,2238.28,N/A,N/A,N/A,,-,0,No,No,No,-,No,-,No,-,No,-,Active,-,Include,0,0,Include,14327,NULL,NULL
Demo,75596277,Cisco,-,FVH124424,123457757,Parent,C9120AXI-E,1,C9120AX Internal 802.11ax 4x4:4 MIMO;IOT;BT5;mGig;USB;RHL,,,,No Ship Date Available,00:00.0,4501245478,,C9120AX,WIRELESS,ENT. - WIRELESS,CHASSIS,-,-,-,-,Not Defined,9/16/2032 0:00,DEFAULT GROUP,,1016697150,SOUTHAMPTON - 100 HARBOUR PARADE,100 HARBOUR PARADE,,,SOUTHAMPTON,HAMPSHIRE,SO15 1BA,UNITED KINGDOM,No,206345589,Covered,Active,L1NBD,L1NBD,Vendor,Yes,12/1/2024 0:00,1/30/2027 0:00,30400375,USD,121.9,0,4501605158,121.9,,113848222,2238.28,N/A,N/A,N/A,,-,0,No,No,No,-,No,-,No,-,No,-,Active,-,Include,0,0,Include,14327,NULL,NULL
Demo,75596285,Cisco,-,FVH124425,123457758,Parent,C9120AXI-E,1,C9120AX Internal 802.11ax 4x4:4 MIMO;IOT;BT5;mGig;USB;RHL,,,,No Ship Date Available,00:00.0,4501245478,,C9120AX,WIRELESS,ENT. - WIRELESS,CHASSIS,-,-,-,-,Not Defined,9/16/2032 0:00,DEFAULT GROUP,,1016697150,SOUTHAMPTON - 100 HARBOUR PARADE,100 HARBOUR PARADE,,,SOUTHAMPTON,HAMPSHIRE,SO15 1BA,UNITED KINGDOM,No,206345589,Covered,Active,L1NBD,L1NBD,Vendor,Yes,12/1/2024 0:00,1/30/2027 0:00,30400375,USD,121.9,0,4501605158,121.9,,113848222,2238.28,N/A,N/A,N/A,,-,0,No,No,No,-,No,-,No,-,No,-,Active,-,Include,0,0,Include,14327,NULL,NULL
Demo,75596293,Cisco,-,FVH124426,123457759,Parent,C9120AXI-E,1,C9120AX Internal 802.11ax 4x4:4 MIMO;IOT;BT5;mGig;USB;RHL,,,,No Ship Date Available,00:00.0,4501245478,,C9120AX,WIRELESS,ENT. - WIRELESS,CHASSIS,-,-,-,-,Not Defined,9/16/2032 0:00,DEFAULT GROUP,,1016697150,SOUTHAMPTON - 100 HARBOUR PARADE,100 HARBOUR PARADE,,,SOUTHAMPTON,HAMPSHIRE,SO15 1BA,UNITED KINGDOM,No,206345589,Covered,Active,L1NBD,L1NBD,Vendor,Yes,12/1/2024 0:00,1/30/2027 0:00,30400375,USD,121.9,0,4501605158,121.9,,113848222,2238.28,N/A,N/A,N/A,,-,0,No,No,No,-,No,-,No,-,No,-,Active,-,Include,0,0,Include,14327,NULL,NULL
Demo,75596301,Cisco,-,FVH124427,123457760,Parent,C9120AXI-E,1,C9120AX Internal 802.11ax 4x4:4 MIMO;IOT;BT5;mGig;USB;RHL,,,,No Ship Date Available,00:00.0,4501245478,,C9120AX,WIRELESS,ENT. - WIRELESS,CHASSIS,-,-,-,-,Not Defined,9/16/2032 0:00,DEFAULT GROUP,,1016697150,SOUTHAMPTON - 100 HARBOUR PARADE,100 HARBOUR PARADE,,,SOUTHAMPTON,HAMPSHIRE,SO15 1BA,UNITED KINGDOM,No,206345589,Covered,Active,L1NBD,L1NBD,Vendor,Yes,12/1/2024 0:00,1/30/2027 0:00,30400375,USD,121.9,0,4501605158,121.9,,113848222,2238.28,N/A,N/A,N/A,,-,0,No,No,No,-,No,-,No,-,No,-,Active,-,Include,0,0,Include,14327,NULL,NULL
Demo,75596309,Cisco,-,FVH124428,123457761,Parent,C9120AXI-E,1,C9120AX Internal 802.11ax 4x4:4 MIMO;IOT;BT5;mGig;USB;RHL,,,,No Ship Date Available,00:00.0,4501245478,,C9120AX,WIRELESS,ENT. - WIRELESS,CHASSIS,-,-,-,-,Not Defined,9/16/2032 0:00,DEFAULT GROUP,,1016697150,SOUTHAMPTON - 100 HARBOUR PARADE,100 HARBOUR PARADE,,,SOUTHAMPTON,HAMPSHIRE,SO15 1BA,UNITED KINGDOM,No,206345589,Covered,Active,L1NBD,L1NBD,Vendor,Yes,12/1/2024 0:00,1/30/2027 0:00,30400375,USD,121.9,0,4501605158,121.9,,113848222,2238.28,N/A,N/A,N/A,,-,0,No,No,No,-,No,-,No,-,No,-,Active,-,Include,0,0,Include,14327,NULL,NULL
Demo,75596385,Cisco,-,FVH124429,123457762,Parent,WS-C3850-48P-S,1,^^Cisco Catalyst 3850 48 Port PoE IP Base,,,,No Ship Date Available,00:00.0,81-EYG56-S,,C3850,ENTERPRISE SWITCHING,ENT. SWITCHING - ACCESS,CHASSIS,Switches,http://www.cisco.com/content/en/us/support/switches/catalyst-3850-48p-s-switch/model.html,10/30/2020,10/31/2025,0-3 Months,10/31/2025 0:00,DEFAULT GROUP,,1016697150,SOUTHAMPTON - 100 HARBOUR PARADE,100 HARBOUR PARADE,,,SOUTHAMPTON,HAMPSHIRE,SO15 1BA,UNITED KINGDOM,No,206345589,Covered,Active,L1NBD,L1NBD,Vendor,Yes,12/1/2024 0:00,10/31/2025 0:00,30400375,USD,1984.9,0,4501605158,1984.9,,109458492,20171,N/A,N/A,N/A,,-,0,No,No,No,-,No,-,No,-,No,-,Active,-,Include,0,0,Include,14327,NULL,NULL
Demo,75596490,Cisco,-,FVH124430,123457763,Parent,C9120AXI-E,1,C9120AX Internal 802.11ax 4x4:4 MIMO;IOT;BT5;mGig;USB;RHL,,,,No Ship Date Available,00:00.0,4501245478,,C9120AX,WIRELESS,ENT. - WIRELESS,CHASSIS,-,-,-,-,Not Defined,9/16/2032 0:00,DEFAULT GROUP,,1016697150,SOUTHAMPTON - 100 HARBOUR PARADE,100 HARBOUR PARADE,,,SOUTHAMPTON,HAMPSHIRE,SO15 1BA,UNITED KINGDOM,No,206345589,Covered,Active,L1NBD,L1NBD,Vendor,Yes,12/1/2024 0:00,1/30/2027 0:00,30400375,USD,121.9,0,4501605158,121.9,,113848222,2238.28,N/A,N/A,N/A,,-,0,No,No,No,-,No,-,No,-,No,-,Active,-,Include,0,0,Include,14327,NULL,NULL
Demo,75596498,Cisco,-,FVH124431,123457764,Parent,C9120AXI-E,1,C9120AX Internal 802.11ax 4x4:4 MIMO;IOT;BT5;mGig;USB;RHL,,,,No Ship Date Available,00:00.0,4501245478,,C9120AX,WIRELESS,ENT. - WIRELESS,CHASSIS,-,-,-,-,Not Defined,9/16/2032 0:00,DEFAULT GROUP,,1016697150,SOUTHAMPTON - 100 HARBOUR PARADE,100 HARBOUR PARADE,,,SOUTHAMPTON,HAMPSHIRE,SO15 1BA,UNITED KINGDOM,No,206345589,Covered,Active,L1NBD,L1NBD,Vendor,Yes,12/1/2024 0:00,1/30/2027 0:00,30400375,USD,121.9,0,4501605158,121.9,,113848222,2238.28,N/A,N/A,N/A,,-,0,No,No,No,-,No,-,No,-,No,-,Active,-,Include,0,0,Include,14327,NULL,NULL
Demo,75596506,Cisco,-,FVH124432,123457765,Parent,C9120AXI-E,1,C9120AX Internal 802.11ax 4x4:4 MIMO;IOT;BT5;mGig;USB;RHL,,,,No Ship Date Available,00:00.0,4501245478,,C9120AX,WIRELESS,ENT. - WIRELESS,CHASSIS,-,-,-,-,Not Defined,9/16/2032 0:00,DEFAULT GROUP,,1016697150,SOUTHAMPTON - 100 HARBOUR PARADE,100 HARBOUR PARADE,,,SOUTHAMPTON,HAMPSHIRE,SO15 1BA,UNITED KINGDOM,No,206345589,Covered,Active,L1NBD,L1NBD,Vendor,Yes,12/1/2024 0:00,1/30/2027 0:00,30400375,USD,121.9,0,4501605158,121.9,,113848222,2238.28,N/A,N/A,N/A,,-,0,No,No,No,-,No,-,No,-,No,-,Active,-,Include,0,0,Include,14327,NULL,NULL
Demo,75596514,Cisco,-,FVH124433,123457766,Parent,C9120AXI-E,1,C9120AX Internal 802.11ax 4x4:4 MIMO;IOT;BT5;mGig;USB;RHL,,,,No Ship Date Available,00:00.0,4501245478,,C9120AX,WIRELESS,ENT. - WIRELESS,CHASSIS,-,-,-,-,Not Defined,9/16/2032 0:00,DEFAULT GROUP,,1016697150,SOUTHAMPTON - 100 HARBOUR PARADE,100 HARBOUR PARADE,,,SOUTHAMPTON,HAMPSHIRE,SO15 1BA,UNITED KINGDOM,No,206345589,Covered,Active,L1NBD,L1NBD,Vendor,Yes,12/1/2024 0:00,1/30/2027 0:00,30400375,USD,121.9,0,4501605158,121.9,,113848222,2238.28,N/A,N/A,N/A,,-,0,No,No,No,-,No,-,No,-,No,-,Active,-,Include,0,0,Include,14327,NULL,NULL
Demo,75596522,Cisco,-,FVH124434,123457767,Parent,C9120AXI-E,1,C9120AX Internal 802.11ax 4x4:4 MIMO;IOT;BT5;mGig;USB;RHL,,,,No Ship Date Available,00:00.0,4501245478,,C9120AX,WIRELESS,ENT. - WIRELESS,CHASSIS,-,-,-,-,Not Defined,9/16/2032 0:00,DEFAULT GROUP,,1016697150,SOUTHAMPTON - 100 HARBOUR PARADE,100 HARBOUR PARADE,,,SOUTHAMPTON,HAMPSHIRE,SO15 1BA,UNITED KINGDOM,No,206345589,Covered,Active,L1NBD,L1NBD,Vendor,Yes,12/1/2024 0:00,1/30/2027 0:00,30400375,USD,121.9,0,4501605158,121.9,,113848222,2238.28,N/A,N/A,N/A,,-,0,No,No,No,-,No,-,No,-,No,-,Active,-,Include,0,0,Include,14327,NULL,NULL
Demo,75596530,Cisco,-,FVH124435,123457768,Parent,C8200-1N-4T,1,Cisco Catalyst C8200-1N-4T Router,,,,No Ship Date Available,00:00.0,4501256326,,CAT8200,ENTERPRISE ROUTING,ENT. EDGE ROUTING,CHASSIS,-,-,-,-,Not Defined,10/26/2023 0:00,DEFAULT GROUP,,1047626855,KINGSTON - WHITEHALL AVENUE,WHITEHALL AVENUE,,,KINGSTON,BUCKINGHAMSHIRE,MK10 0AL,UNITED KINGDOM,No,200216511,Covered,Active,PSRT,PRTNR SS 8X5XNBD,Vendor,Yes,9/23/2025 0:00,12/31/2026 0:00,,USD,514.05,0,4501645285,514.05,,113944741,4404,N/A,N/A,N/A,,-,0,No,No,No,-,No,-,No,-,No,-,Active,-,Include,0,0,Include,14327,NULL,NULL
Demo,75596542,Cisco,-,FVH124436,123457769,Parent,C9500-40X-A,1,"Catalyst 9500 40-port 10Gig switch, Network Advantage",,,,No Ship Date Available,00:00.0,4501226381,,C9500,ENTERPRISE SWITCHING,ENT. SWITCHING - ACCESS,CHASSIS,-,-,4/30/2024,4/30/2029,>36 Months,4/30/2029 0:00,DEFAULT GROUP,,1016697150,SOUTHAMPTON - 100 HARBOUR PARADE,100 HARBOUR PARADE,,,SOUTHAMPTON,HAMPSHIRE,SO15 1BA,UNITED KINGDOM,No,206345589,Covered,Active,L1NBD,L1NBD,Vendor,Yes,12/1/2024 0:00,1/30/2027 0:00,30400375,USD,3412.05,0,4501605158,3923.8,,106884071,39914.41,N/A,N/A,N/A,,-,0,No,No,No,-,No,-,No,-,No,-,Active,-,Include,0,0,Include,14327,NULL,NULL
Demo,75596553,Cisco,-,FVH124437,123457770,Parent,C9500-40X-A,1,"Catalyst 9500 40-port 10Gig switch, Network Advantage",,,,No Ship Date Available,00:00.0,4501226381,,C9500,ENTERPRISE SWITCHING,ENT. SWITCHING - ACCESS,CHASSIS,-,-,4/30/2024,4/30/2029,>36 Months,4/30/2029 0:00,DEFAULT GROUP,,1016697150,SOUTHAMPTON - 100 HARBOUR PARADE,100 HARBOUR PARADE,,,SOUTHAMPTON,HAMPSHIRE,SO15 1BA,UNITED KINGDOM,No,206345589,Covered,Active,L1NBD,L1NBD,Vendor,Yes,12/1/2024 0:00,1/30/2027 0:00,30400375,USD,3412.05,0,4501605158,3923.8,,106884071,39914.41,N/A,N/A,N/A,,-,0,No,No,No,-,No,-,No,-,No,-,Active,-,Include,0,0,Include,14327,NULL,NULL
Demo,75596564,Cisco,-,FVH124438,123457771,Parent,WS-C3850-24P-S,1,^^Cisco Catalyst 3850 24 Port PoE IP Base,,,,No Ship Date Available,00:00.0,81-EYL38-S,,C3850,ENTERPRISE SWITCHING,ENT. SWITCHING - ACCESS,CHASSIS,Switches,http://www.cisco.com/content/en/us/support/switches/catalyst-3850-24p-s-switch/model.html,10/30/2020,10/31/2025,0-3 Months,10/31/2025 0:00,DEFAULT GROUP,,1016697150,SOUTHAMPTON - 100 HARBOUR PARADE,100 HARBOUR PARADE,,,SOUTHAMPTON,HAMPSHIRE,SO15 1BA,UNITED KINGDOM,No,206345589,Covered,Active,L1NBD,L1NBD,Vendor,Yes,12/1/2024 0:00,10/31/2025 0:00,30400375,USD,1115.5,0,4501605158,1115.5,,109471558,11339,N/A,N/A,N/A,,-,0,No,No,No,-,No,-,No,-,No,-,Active,-,Include,0,0,Include,14327,NULL,NULL
Demo,75596575,Cisco,-,FVH124439,123457772,Parent,WS-C3850-24P-S,1,^^Cisco Catalyst 3850 24 Port PoE IP Base,,,,No Ship Date Available,00:00.0,81-EYL38-S,,C3850,ENTERPRISE SWITCHING,ENT. SWITCHING - ACCESS,CHASSIS,Switches,http://www.cisco.com/content/en/us/support/switches/catalyst-3850-24p-s-switch/model.html,10/30/2020,10/31/2025,0-3 Months,10/31/2025 0:00,DEFAULT GROUP,,1016697150,SOUTHAMPTON - 100 HARBOUR PARADE,100 HARBOUR PARADE,,,SOUTHAMPTON,HAMPSHIRE,SO15 1BA,UNITED KINGDOM,No,206345589,Covered,Active,L1NBD,L1NBD,Vendor,Yes,12/1/2024 0:00,10/31/2025 0:00,30400375,USD,1115.5,0,4501605158,1115.5,,109471558,11339,N/A,N/A,N/A,,-,0,No,No,No,-,No,-,No,-,No,-,Active,-,Include,0,0,Include,14327,NULL,NULL
Demo,75596586,Cisco,-,FVH124440,123457773,Parent,WS-C3850-24P-S,1,^^Cisco Catalyst 3850 24 Port PoE IP Base,,,,No Ship Date Available,00:00.0,81-EYL38-S,,C3850,ENTERPRISE SWITCHING,ENT. SWITCHING - ACCESS,CHASSIS,Switches,http://www.cisco.com/content/en/us/support/switches/catalyst-3850-24p-s-switch/model.html,10/30/2020,10/31/2025,0-3 Months,10/31/2025 0:00,DEFAULT GROUP,,1016697150,SOUTHAMPTON - 100 HARBOUR PARADE,100 HARBOUR PARADE,,,SOUTHAMPTON,HAMPSHIRE,SO15 1BA,UNITED KINGDOM,No,206345589,Covered,Active,L1NBD,L1NBD,Vendor,Yes,12/1/2024 0:00,10/31/2025 0:00,30400375,USD,1115.5,0,4501605158,1115.5,,109471558,11339,N/A,N/A,N/A,,-,0,No,No,No,-,No,-,No,-,No,-,Active,-,Include,0,0,Include,14327,NULL,NULL
Demo,75596612,Cisco,-,FVH124441,123457774,Parent,C9120AXI-E,1,C9120AX Internal 802.11ax 4x4:4 MIMO;IOT;BT5;mGig;USB;RHL,,,,No Ship Date Available,00:00.0,4501245478,,C9120AX,WIRELESS,ENT. - WIRELESS,CHASSIS,-,-,-,-,Not Defined,9/16/2032 0:00,DEFAULT GROUP,,1016697150,SOUTHAMPTON - 100 HARBOUR PARADE,100 HARBOUR PARADE,,,SOUTHAMPTON,HAMPSHIRE,SO15 1BA,UNITED KINGDOM,No,206345589,Covered,Active,L1NBD,L1NBD,Vendor,Yes,12/1/2024 0:00,1/30/2027 0:00,30400375,USD,121.9,0,4501605158,121.9,,113848222,2238.28,N/A,N/A,N/A,,-,0,No,No,No,-,No,-,No,-,No,-,Active,-,Include,0,0,Include,14327,NULL,NULL
Demo,75596620,Cisco,-,FVH124442,123457775,Parent,C9120AXI-E,1,C9120AX Internal 802.11ax 4x4:4 MIMO;IOT;BT5;mGig;USB;RHL,,,,No Ship Date Available,00:00.0,4501245478,,C9120AX,WIRELESS,ENT. - WIRELESS,CHASSIS,-,-,-,-,Not Defined,9/16/2032 0:00,DEFAULT GROUP,,1016697150,SOUTHAMPTON - 100 HARBOUR PARADE,100 HARBOUR PARADE,,,SOUTHAMPTON,HAMPSHIRE,SO15 1BA,UNITED KINGDOM,No,206345589,Covered,Active,L1NBD,L1NBD,Vendor,Yes,12/1/2024 0:00,1/30/2027 0:00,30400375,USD,121.9,0,4501605158,121.9,,113848222,2238.28,N/A,N/A,N/A,,-,0,No,No,No,-,No,-,No,-,No,-,Active,-,Include,0,0,Include,14327,NULL,NULL
Demo,75596628,Cisco,-,FVH124443,123457776,Parent,C9120AXI-E,1,C9120AX Internal 802.11ax 4x4:4 MIMO;IOT;BT5;mGig;USB;RHL,,,,No Ship Date Available,00:00.0,4501245478,,C9120AX,WIRELESS,ENT. - WIRELESS,CHASSIS,-,-,-,-,Not Defined,9/16/2032 0:00,DEFAULT GROUP,,1016697150,SOUTHAMPTON - 100 HARBOUR PARADE,100 HARBOUR PARADE,,,SOUTHAMPTON,HAMPSHIRE,SO15 1BA,UNITED KINGDOM,No,206345589,Covered,Active,L1NBD,L1NBD,Vendor,Yes,12/1/2024 0:00,1/30/2027 0:00,30400375,USD,121.9,0,4501605158,121.9,,113848222,2238.28,N/A,N/A,N/A,,-,0,No,No,No,-,No,-,No,-,No,-,Active,-,Include,0,0,Include,14327,NULL,NULL
Demo,75596636,Cisco,-,FVH124444,123457777,Parent,C9120AXI-E,1,C9120AX Internal 802.11ax 4x4:4 MIMO;IOT;BT5;mGig;USB;RHL,,,,No Ship Date Available,00:00.0,4501245478,,C9120AX,WIRELESS,ENT. - WIRELESS,CHASSIS,-,-,-,-,Not Defined,9/16/2032 0:00,DEFAULT GROUP,,1016697150,SOUTHAMPTON - 100 HARBOUR PARADE,100 HARBOUR PARADE,,,SOUTHAMPTON,HAMPSHIRE,SO15 1BA,UNITED KINGDOM,No,206345589,Covered,Active,L1NBD,L1NBD,Vendor,Yes,12/1/2024 0:00,1/30/2027 0:00,30400375,USD,121.9,0,4501605158,121.9,,113848222,2238.28,N/A,N/A,N/A,,-,0,No,No,No,-,No,-,No,-,No,-,Active,-,Include,0,0,Include,14327,NULL,NULL
Demo,75596644,Cisco,-,FVH124445,123457778,Parent,C9120AXI-E,1,C9120AX Internal 802.11ax 4x4:4 MIMO;IOT;BT5;mGig;USB;RHL,,,,No Ship Date Available,00:00.0,4501245478,,C9120AX,WIRELESS,ENT. - WIRELESS,CHASSIS,-,-,-,-,Not Defined,9/16/2032 0:00,DEFAULT GROUP,,1016697150,SOUTHAMPTON - 100 HARBOUR PARADE,100 HARBOUR PARADE,,,SOUTHAMPTON,HAMPSHIRE,SO15 1BA,UNITED KINGDOM,No,206345589,Covered,Active,L1NBD,L1NBD,Vendor,Yes,12/1/2024 0:00,1/30/2027 0:00,30400375,USD,121.9,0,4501605158,121.9,,113848222,2238.28,N/A,N/A,N/A,,-,0,No,No,No,-,No,-,No,-,No,-,Active,-,Include,0,0,Include,14327,NULL,NULL
Demo,75596652,Cisco,-,FVH124446,123457779,Parent,C9120AXI-E,1,C9120AX Internal 802.11ax 4x4:4 MIMO;IOT;BT5;mGig;USB;RHL,,,,No Ship Date Available,00:00.0,4501245478,,C9120AX,WIRELESS,ENT. - WIRELESS,CHASSIS,-,-,-,-,Not Defined,9/16/2032 0:00,DEFAULT GROUP,,1016697150,SOUTHAMPTON - 100 HARBOUR PARADE,100 HARBOUR PARADE,,,SOUTHAMPTON,HAMPSHIRE,SO15 1BA,UNITED KINGDOM,No,206345589,Covered,Active,L1NBD,L1NBD,Vendor,Yes,12/1/2024 0:00,1/30/2027 0:00,30400375,USD,121.9,0,4501605158,121.9,,113848222,2238.28,N/A,N/A,N/A,,-,0,No,No,No,-,No,-,No,-,No,-,Active,-,Include,0,0,Include,14327,NULL,NULL
Demo,75596660,Cisco,-,FVH124447,123457780,Parent,C9120AXI-E,1,C9120AX Internal 802.11ax 4x4:4 MIMO;IOT;BT5;mGig;USB;RHL,,,,No Ship Date Available,00:00.0,4501245478,,C9120AX,WIRELESS,ENT. - WIRELESS,CHASSIS,-,-,-,-,Not Defined,9/16/2032 0:00,DEFAULT GROUP,,1016697150,SOUTHAMPTON - 100 HARBOUR PARADE,100 HARBOUR PARADE,,,SOUTHAMPTON,HAMPSHIRE,SO15 1BA,UNITED KINGDOM,No,206345589,Covered,Active,L1NBD,L1NBD,Vendor,Yes,12/1/2024 0:00,1/30/2027 0:00,30400375,USD,121.9,0,4501605158,121.9,,113848222,2238.28,N/A,N/A,N/A,,-,0,No,No,No,-,No,-,No,-,No,-,Active,-,Include,0,0,Include,14327,NULL,NULL
Demo,75596668,Cisco,-,FVH124448,123457781,Parent,C9120AXI-E,1,C9120AX Internal 802.11ax 4x4:4 MIMO;IOT;BT5;mGig;USB;RHL,,,,No Ship Date Available,00:00.0,4501245478,,C9120AX,WIRELESS,ENT. - WIRELESS,CHASSIS,-,-,-,-,Not Defined,9/16/2032 0:00,DEFAULT GROUP,,1016697150,SOUTHAMPTON - 100 HARBOUR PARADE,100 HARBOUR PARADE,,,SOUTHAMPTON,HAMPSHIRE,SO15 1BA,UNITED KINGDOM,No,206345589,Covered,Active,L1NBD,L1NBD,Vendor,Yes,12/1/2024 0:00,1/30/2027 0:00,30400375,USD,121.9,0,4501605158,121.9,,113848222,2238.28,N/A,N/A,N/A,,-,0,No,No,No,-,No,-,No,-,No,-,Active,-,Include,0,0,Include,14327,NULL,NULL
Demo,75596676,Cisco,-,FVH124449,123457782,Parent,C9120AXI-E,1,C9120AX Internal 802.11ax 4x4:4 MIMO;IOT;BT5;mGig;USB;RHL,,,,No Ship Date Available,00:00.0,4501245478,,C9120AX,WIRELESS,ENT. - WIRELESS,CHASSIS,-,-,-,-,Not Defined,9/16/2032 0:00,DEFAULT GROUP,,1016697150,SOUTHAMPTON - 100 HARBOUR PARADE,100 HARBOUR PARADE,,,SOUTHAMPTON,HAMPSHIRE,SO15 1BA,UNITED KINGDOM,No,206345589,Covered,Active,L1NBD,L1NBD,Vendor,Yes,12/1/2024 0:00,1/30/2027 0:00,30400375,USD,121.9,0,4501605158,121.9,,113848222,2238.28,N/A,N/A,N/A,,-,0,No,No,No,-,No,-,No,-,No,-,Active,-,Include,0,0,Include,14327,NULL,NULL
Demo,75596684,Cisco,-,FVH124450,123457783,Parent,C9120AXI-E,1,C9120AX Internal 802.11ax 4x4:4 MIMO;IOT;BT5;mGig;USB;RHL,,,,No Ship Date Available,00:00.0,4501245478,,C9120AX,WIRELESS,ENT. - WIRELESS,CHASSIS,-,-,-,-,Not Defined,9/16/2032 0:00,DEFAULT GROUP,,1016697150,SOUTHAMPTON - 100 HARBOUR PARADE,100 HARBOUR PARADE,,,SOUTHAMPTON,HAMPSHIRE,SO15 1BA,UNITED KINGDOM,No,206345589,Covered,Active,L1NBD,L1NBD,Vendor,Yes,12/1/2024 0:00,1/30/2027 0:00,30400375,USD,121.9,0,4501605158,121.9,,113848222,2238.28,N/A,N/A,N/A,,-,0,No,No,No,-,No,-,No,-,No,-,Active,-,Include,0,0,Include,14327,NULL,NULL
Demo,75596692,Cisco,-,FVH124451,123457784,Parent,C9120AXI-E,1,C9120AX Internal 802.11ax 4x4:4 MIMO;IOT;BT5;mGig;USB;RHL,,,,No Ship Date Available,00:00.0,4501245478,,C9120AX,WIRELESS,ENT. - WIRELESS,CHASSIS,-,-,-,-,Not Defined,9/16/2032 0:00,DEFAULT GROUP,,1016697150,SOUTHAMPTON - 100 HARBOUR PARADE,100 HARBOUR PARADE,,,SOUTHAMPTON,HAMPSHIRE,SO15 1BA,UNITED KINGDOM,No,206345589,Covered,Active,L1NBD,L1NBD,Vendor,Yes,12/1/2024 0:00,1/30/2027 0:00,30400375,USD,121.9,0,4501605158,121.9,,113848222,2238.28,N/A,N/A,N/A,,-,0,No,No,No,-,No,-,No,-,No,-,Active,-,Include,0,0,Include,14327,NULL,NULL
Demo,75596700,Cisco,-,FVH124452,123457785,Parent,C9120AXI-E,1,C9120AX Internal 802.11ax 4x4:4 MIMO;IOT;BT5;mGig;USB;RHL,,,,No Ship Date Available,00:00.0,4501245478,,C9120AX,WIRELESS,ENT. - WIRELESS,CHASSIS,-,-,-,-,Not Defined,9/16/2032 0:00,DEFAULT GROUP,,1016697150,SOUTHAMPTON - 100 HARBOUR PARADE,100 HARBOUR PARADE,,,SOUTHAMPTON,HAMPSHIRE,SO15 1BA,UNITED KINGDOM,No,206345589,Covered,Active,L1NBD,L1NBD,Vendor,Yes,12/1/2024 0:00,1/30/2027 0:00,30400375,USD,121.9,0,4501605158,121.9,,113848222,2238.28,N/A,N/A,N/A,,-,0,No,No,No,-,No,-,No,-,No,-,Active,-,Include,0,0,Include,14327,NULL,NULL
Demo,75596708,Cisco,-,FVH124453,123457786,Parent,C9120AXI-E,1,C9120AX Internal 802.11ax 4x4:4 MIMO;IOT;BT5;mGig;USB;RHL,,,,No Ship Date Available,00:00.0,4501245478,,C9120AX,WIRELESS,ENT. - WIRELESS,CHASSIS,-,-,-,-,Not Defined,9/16/2032 0:00,DEFAULT GROUP,,1016697150,SOUTHAMPTON - 100 HARBOUR PARADE,100 HARBOUR PARADE,,,SOUTHAMPTON,HAMPSHIRE,SO15 1BA,UNITED KINGDOM,No,206345589,Covered,Active,L1NBD,L1NBD,Vendor,Yes,12/1/2024 0:00,1/30/2027 0:00,30400375,USD,121.9,0,4501605158,121.9,,113848222,2238.28,N/A,N/A,N/A,,-,0,No,No,No,-,No,-,No,-,No,-,Active,-,Include,0,0,Include,14327,NULL,NULL
Demo,75596716,Cisco,-,FVH124454,123457787,Parent,C9120AXI-E,1,C9120AX Internal 802.11ax 4x4:4 MIMO;IOT;BT5;mGig;USB;RHL,,,,No Ship Date Available,00:00.0,4501245478,,C9120AX,WIRELESS,ENT. - WIRELESS,CHASSIS,-,-,-,-,Not Defined,9/16/2032 0:00,DEFAULT GROUP,,1016697150,SOUTHAMPTON - 100 HARBOUR PARADE,100 HARBOUR PARADE,,,SOUTHAMPTON,HAMPSHIRE,SO15 1BA,UNITED KINGDOM,No,206345589,Covered,Active,L1NBD,L1NBD,Vendor,Yes,12/1/2024 0:00,1/30/2027 0:00,30400375,USD,121.9,0,4501605158,121.9,,113848222,2238.28,N/A,N/A,N/A,,-,0,No,No,No,-,No,-,No,-,No,-,Active,-,Include,0,0,Include,14327,NULL,NULL
Demo,75596724,Cisco,-,FVH124455,123457788,Parent,C9120AXI-E,1,C9120AX Internal 802.11ax 4x4:4 MIMO;IOT;BT5;mGig;USB;RHL,,,,No Ship Date Available,00:00.0,4501245478,,C9120AX,WIRELESS,ENT. - WIRELESS,CHASSIS,-,-,-,-,Not Defined,10/5/2032 0:00,DEFAULT GROUP,,1016697150,SOUTHAMPTON - 100 HARBOUR PARADE,100 HARBOUR PARADE,,,SOUTHAMPTON,HAMPSHIRE,SO15 1BA,UNITED KINGDOM,No,206345589,Covered,Active,L1NBD,L1NBD,Vendor,Yes,12/1/2024 0:00,1/30/2027 0:00,30400375,USD,121.9,0,4501605158,121.9,,113848222,2238.28,N/A,N/A,N/A,,-,0,No,No,No,-,No,-,No,-,No,-,Active,-,Include,0,0,Include,14327,NULL,NULL
